;FLAVOR:Marlin
;TIME:863
;Filament used: 0.796668m
;Layer height: 0.2
;Generated with Cura_SteamEngine 3.6.0
M140 S60
M105
M190 S60
M104 S200
M105
M109 S200
M82 ;absolute extrusion mode
; Ender 3 Custom Start G-code
G28 ; Home all axes
G92 E0 ; Reset Extruder
G1 Z2.0 F3000 ; Move Z Axis up little to prevent scratching of Heat Bed
G1 X0.1 Y20 Z0.3 F5000.0 ; Move to start position
G1 X0.1 Y200.0 Z0.3 F1500.0 E15 ; Draw the first line
G1 X0.4 Y200.0 Z0.3 F5000.0 ; Move to side a little
G1 X0.4 Y20 Z0.3 F1500.0 E30 ; Draw the second line
G92 E0 ; Reset Extruder
G1 Z2.0 F3000 ; Move Z Axis up little to prevent scratching of Heat Bed
; End of custom start GCode
G92 E0
G1 F2400 E-5
;LAYER_COUNT:48
;LAYER:0
M107
M204 S5000
M205 X30 Y30
G0 F3600 X98.712 Y104.769 Z0.2
M204 S500
M205 X20 Y20
;TYPE:SKIRT
G1 F2400 E0
G1 F1800 X99.27 Y104.321 E0.0238
G1 X99.874 Y103.938 E0.04759
G1 X100.704 Y103.55 E0.07806
G1 X101.007 Y103.434 E0.08885
G1 X101.688 Y103.216 E0.11263
G1 X102.389 Y103.075 E0.13642
G1 X103.295 Y103.011 E0.16663
G1 X131.706 Y103.009 E1.11158
G1 X132.42 Y103.049 E1.13536
G1 X133.125 Y103.168 E1.15914
G1 X133.791 Y103.358 E1.18218
G1 X134.058 Y103.45 E1.19157
G1 X134.72 Y103.721 E1.21536
G1 X135.348 Y104.063 E1.23915
G1 X135.934 Y104.474 E1.26295
G1 X136.47 Y104.947 E1.28673
G1 X136.95 Y105.477 E1.31051
G1 X137.397 Y106.105 E1.33615
G1 X137.603 Y106.434 E1.34906
G1 X137.949 Y107.06 E1.37285
G1 X138.222 Y107.721 E1.39664
G1 X138.419 Y108.409 E1.42044
G1 X138.539 Y109.114 E1.44423
G1 X138.579 Y109.831 E1.46811
G1 X138.576 Y125.236 E1.98048
G1 X138.536 Y125.95 E2.00427
G1 X138.416 Y126.656 E2.02809
G1 X138.219 Y127.343 E2.05186
G1 X137.946 Y128.004 E2.07564
G1 X137.405 Y128.926 E2.1112
G1 X137.237 Y129.164 E2.12089
G1 X136.792 Y129.724 E2.14468
G1 X136.288 Y130.231 E2.16846
G1 X135.73 Y130.679 E2.19226
G1 X135.126 Y131.062 E2.21604
G1 X134.296 Y131.45 E2.24652
G1 X133.993 Y131.566 E2.25731
G1 X133.312 Y131.784 E2.28109
G1 X132.611 Y131.925 E2.30487
G1 X131.705 Y131.989 E2.33508
G1 X103.314 Y131.991 E3.27937
G1 X102.6 Y131.951 E3.30316
G1 X101.895 Y131.832 E3.32694
G1 X101.4 Y131.698 E3.34399
G1 X101.132 Y131.614 E3.35333
G1 X100.462 Y131.362 E3.37714
G1 X99.825 Y131.037 E3.40093
G1 X99.228 Y130.644 E3.4247
G1 X98.679 Y130.185 E3.4485
G1 X98.034 Y129.487 E3.48011
G1 X97.814 Y129.21 E3.49187
G1 X97.401 Y128.626 E3.51567
G1 X97.056 Y128 E3.53944
G1 X96.783 Y127.339 E3.56322
G1 X96.586 Y126.651 E3.58703
G1 X96.466 Y125.946 E3.61081
G1 X96.426 Y125.231 E3.63463
G1 X96.424 Y109.766 E4.149
G1 X96.464 Y109.052 E4.17278
G1 X96.583 Y108.346 E4.1966
G1 X96.78 Y107.659 E4.22037
G1 X97.053 Y106.998 E4.24415
G1 X97.595 Y106.074 E4.27978
G1 X97.763 Y105.836 E4.28947
G1 X98.208 Y105.276 E4.31326
G1 X98.712 Y104.769 E4.33704
M204 S5000
M205 X30 Y30
G0 F3600 X99.012 Y105.037
M204 S500
M205 X20 Y20
G1 F1800 X99.556 Y104.608 E4.36008
G1 X100.146 Y104.245 E4.38312
G1 X100.847 Y103.924 E4.40877
G1 X101.15 Y103.808 E4.41956
G1 X101.81 Y103.598 E4.44259
G1 X102.49 Y103.465 E4.46564
G1 X103.295 Y103.411 E4.49247
G1 X131.706 Y103.409 E5.43743
G1 X132.397 Y103.449 E5.46045
G1 X133.079 Y103.568 E5.48348
G1 X133.661 Y103.736 E5.50362
G1 X133.928 Y103.828 E5.51302
G1 X134.568 Y104.091 E5.53603
G1 X135.174 Y104.426 E5.55906
G1 X135.738 Y104.829 E5.58212
G1 X136.251 Y105.294 E5.60514
G1 X136.707 Y105.815 E5.62817
G1 X137.058 Y106.317 E5.64855
G1 X137.264 Y106.646 E5.66146
G1 X137.597 Y107.253 E5.68448
G1 X137.858 Y107.895 E5.70753
G1 X138.043 Y108.562 E5.73056
G1 X138.151 Y109.246 E5.75359
G1 X138.179 Y109.831 E5.77307
G1 X138.176 Y125.236 E6.28544
G1 X138.136 Y125.928 E6.30849
G1 X138.016 Y126.61 E6.33153
G1 X137.819 Y127.274 E6.35456
G1 X137.547 Y127.91 E6.37757
G1 X137.078 Y128.695 E6.40798
G1 X136.91 Y128.933 E6.41767
G1 X136.478 Y129.475 E6.44072
G1 X135.988 Y129.963 E6.46373
G1 X135.444 Y130.392 E6.48677
G1 X134.854 Y130.755 E6.50981
G1 X134.153 Y131.076 E6.53545
G1 X133.85 Y131.192 E6.54624
G1 X133.19 Y131.402 E6.56928
G1 X132.51 Y131.535 E6.59232
G1 X131.705 Y131.589 E6.61916
G1 X103.314 Y131.591 E7.56345
G1 X102.623 Y131.551 E7.58647
G1 X101.941 Y131.432 E7.6095
G1 X101.519 Y131.316 E7.62405
G1 X101.251 Y131.232 E7.63339
G1 X100.604 Y130.987 E7.6564
G1 X99.988 Y130.67 E7.67945
G1 X99.414 Y130.283 E7.70247
G1 X98.888 Y129.832 E7.72552
G1 X98.348 Y129.239 E7.75219
G1 X98.128 Y128.962 E7.76396
G1 X97.729 Y128.395 E7.78702
G1 X97.398 Y127.787 E7.81004
G1 X97.14 Y127.144 E7.83308
G1 X96.957 Y126.476 E7.85612
G1 X96.852 Y125.792 E7.87914
G1 X96.826 Y125.231 E7.89782
G1 X96.824 Y109.766 E8.41218
G1 X96.864 Y109.074 E8.43524
G1 X96.983 Y108.392 E8.45827
G1 X97.18 Y107.728 E8.4813
G1 X97.453 Y107.092 E8.50432
G1 X97.922 Y106.305 E8.53479
G1 X98.09 Y106.067 E8.54448
G1 X98.522 Y105.525 E8.56753
G1 X99.012 Y105.037 E8.59054
M204 S5000
M205 X30 Y30
G0 F3600 X99.312 Y105.306
M204 S500
M205 X20 Y20
G1 F1800 X99.842 Y104.897 E8.6128
G1 X100.416 Y104.555 E8.63503
G1 X100.99 Y104.297 E8.65596
G1 X101.293 Y104.181 E8.66675
G1 X101.931 Y103.98 E8.689
G1 X102.588 Y103.856 E8.71123
G1 X103.295 Y103.811 E8.7348
G1 X131.706 Y103.809 E9.67975
G1 X132.373 Y103.849 E9.70197
G1 X133.032 Y103.968 E9.72425
G1 X133.53 Y104.114 E9.74151
G1 X133.797 Y104.206 E9.7509
G1 X134.416 Y104.462 E9.77318
G1 X134.999 Y104.789 E9.79541
G1 X135.54 Y105.184 E9.81769
G1 X136.029 Y105.64 E9.83993
G1 X136.461 Y106.151 E9.86219
G1 X136.719 Y106.529 E9.87741
G1 X136.925 Y106.858 E9.89032
G1 X137.246 Y107.445 E9.91257
G1 X137.494 Y108.067 E9.93484
G1 X137.666 Y108.713 E9.95708
G1 X137.761 Y109.375 E9.97932
G1 X137.779 Y109.831 E9.9945
G1 X137.776 Y125.236 E10.50687
G1 X137.736 Y125.904 E10.52913
G1 X137.616 Y126.562 E10.55137
G1 X137.419 Y127.202 E10.57365
G1 X137.147 Y127.813 E10.59589
G1 X136.751 Y128.464 E10.62124
G1 X136.583 Y128.702 E10.63092
G1 X136.165 Y129.225 E10.65319
G1 X135.688 Y129.694 E10.67544
G1 X135.158 Y130.103 E10.69771
G1 X134.584 Y130.445 E10.71993
G1 X134.01 Y130.703 E10.74086
G1 X133.707 Y130.819 E10.75165
G1 X133.069 Y131.02 E10.7739
G1 X132.412 Y131.144 E10.79614
G1 X131.705 Y131.189 E10.8197
G1 X103.314 Y131.191 E11.76399
G1 X102.647 Y131.151 E11.78622
G1 X101.988 Y131.032 E11.80849
G1 X101.639 Y130.935 E11.82054
G1 X101.371 Y130.851 E11.82988
G1 X100.746 Y130.613 E11.85212
G1 X100.153 Y130.302 E11.87439
G1 X99.602 Y129.923 E11.89664
G1 X99.1 Y129.481 E11.91888
G1 X98.661 Y128.99 E11.94079
G1 X98.441 Y128.713 E11.95255
G1 X98.057 Y128.165 E11.97481
G1 X97.741 Y127.575 E11.99707
G1 X97.497 Y126.952 E12.01932
G1 X97.33 Y126.304 E12.04158
G1 X97.241 Y125.641 E12.06383
G1 X97.226 Y125.231 E12.07748
G1 X97.224 Y109.766 E12.59184
G1 X97.264 Y109.098 E12.6141
G1 X97.383 Y108.44 E12.63634
G1 X97.58 Y107.8 E12.65861
G1 X97.852 Y107.189 E12.68086
G1 X98.249 Y106.536 E12.70628
G1 X98.417 Y106.298 E12.71596
G1 X98.835 Y105.775 E12.73823
G1 X99.312 Y105.306 E12.76048
M204 S5000
M205 X30 Y30
G0 F3600 X99.61 Y105.577
M204 S500
M205 X20 Y20
G1 F1800 X100.125 Y105.189 E12.78193
G1 X100.684 Y104.867 E12.80338
G1 X101.133 Y104.671 E12.81968
G1 X101.436 Y104.555 E12.83047
G1 X102.051 Y104.362 E12.85191
G1 X102.685 Y104.247 E12.87334
G1 X103.295 Y104.211 E12.89366
G1 X131.706 Y104.209 E13.83862
G1 X132.349 Y104.249 E13.86005
G1 X132.983 Y104.368 E13.8815
G1 X133.4 Y104.493 E13.89598
G1 X133.667 Y104.585 E13.90537
G1 X134.262 Y104.832 E13.9268
G1 X134.822 Y105.151 E13.94824
G1 X135.339 Y105.537 E13.9697
G1 X135.803 Y105.984 E13.99112
G1 X136.38 Y106.741 E14.02278
G1 X136.586 Y107.07 E14.03569
G1 X136.894 Y107.637 E14.05715
G1 X137.129 Y108.237 E14.07859
G1 X137.288 Y108.862 E14.10004
G1 X137.369 Y109.502 E14.12149
G1 X137.379 Y109.831 E14.13244
G1 X137.376 Y125.236 E14.64481
G1 X137.336 Y125.879 E14.66624
G1 X137.217 Y126.513 E14.6877
G1 X137.02 Y127.127 E14.70914
G1 X136.748 Y127.712 E14.7306
G1 X136.424 Y128.234 E14.75103
G1 X136.256 Y128.472 E14.76072
G1 X135.853 Y128.974 E14.78213
G1 X135.39 Y129.423 E14.80359
G1 X134.875 Y129.811 E14.82503
G1 X134.316 Y130.133 E14.84649
G1 X133.867 Y130.329 E14.86278
G1 X133.564 Y130.445 E14.87357
G1 X132.949 Y130.638 E14.89501
G1 X132.315 Y130.753 E14.91644
G1 X131.705 Y130.789 E14.93677
G1 X103.314 Y130.791 E15.88106
G1 X102.671 Y130.751 E15.90248
G1 X101.759 Y130.553 E15.93352
G1 X101.491 Y130.469 E15.94287
G1 X100.889 Y130.238 E15.96431
G1 X100.32 Y129.935 E15.98575
G1 X99.793 Y129.564 E16.00719
G1 X99.316 Y129.13 E16.02864
G1 X98.974 Y128.741 E16.04586
G1 X98.754 Y128.464 E16.05763
G1 X98.385 Y127.935 E16.07908
G1 X98.085 Y127.365 E16.10051
G1 X97.857 Y126.762 E16.12195
G1 X97.705 Y126.135 E16.14341
G1 X97.626 Y125.231 E16.17359
G1 X97.624 Y109.766 E16.68796
G1 X97.664 Y109.122 E16.70942
G1 X97.783 Y108.489 E16.73084
G1 X97.98 Y107.875 E16.75229
G1 X98.251 Y107.29 E16.77373
G1 X98.576 Y106.766 E16.79424
G1 X98.744 Y106.528 E16.80393
G1 X99.147 Y106.026 E16.82534
G1 X99.61 Y105.577 E16.84679
M204 S5000
M205 X30 Y30
G1 F2400 E11.84679
G1 F300 Z1.2
;MESH:listwa_mocujaca.stl
G0 F3600 X107.348 Y114.245 Z1.2
M204 S500
M205 X20 Y20
;TYPE:WALL-INNER
G1 F300 Z0.2
G1 F2400 E16.84679
G1 F1800 X106.755 Y114.729 E16.87225
G1 X106.266 Y115.318 E16.89771
G1 X105.903 Y115.989 E16.92308
G1 X105.677 Y116.721 E16.94856
G1 X105.599 Y117.482 E16.97401
G1 X105.669 Y118.243 E16.99943
G1 X105.888 Y118.976 E17.02487
G1 X106.245 Y119.652 E17.0503
G1 X106.729 Y120.245 E17.07576
G1 X107.318 Y120.734 E17.10122
G1 X107.989 Y121.097 E17.12659
G1 X108.721 Y121.323 E17.15207
G1 X109.482 Y121.401 E17.17752
G1 X110.243 Y121.331 E17.20293
G1 X110.976 Y121.112 E17.22838
G1 X111.652 Y120.755 E17.2538
G1 X112.245 Y120.271 E17.27926
G1 X112.734 Y119.682 E17.30473
G1 X113.097 Y119.011 E17.3301
G1 X113.323 Y118.279 E17.35558
G1 X113.401 Y117.518 E17.38102
G1 X113.331 Y116.757 E17.40644
G1 X113.112 Y116.024 E17.43189
G1 X112.755 Y115.348 E17.45731
G1 X112.271 Y114.755 E17.48277
G1 X111.682 Y114.266 E17.50823
G1 X111.011 Y113.903 E17.53361
G1 X110.279 Y113.677 E17.55909
G1 X109.518 Y113.599 E17.58453
G1 X108.757 Y113.669 E17.60995
G1 X108.024 Y113.888 E17.63539
G1 X107.348 Y114.245 E17.66082
M204 S5000
M205 X30 Y30
G0 F3600 X107.293 Y114.162
G0 X108.009 Y113.851
G0 X108.75 Y113.63
G0 X109.371 Y113.574
G0 X123.293 Y114.162
G0 X123.348 Y114.245
M204 S500
M205 X20 Y20
G1 F1800 X122.755 Y114.729 E17.68628
G1 X122.266 Y115.318 E17.71174
G1 X121.903 Y115.989 E17.73711
G1 X121.677 Y116.721 E17.76259
G1 X121.599 Y117.482 E17.78804
G1 X121.669 Y118.243 E17.81346
G1 X121.888 Y118.976 E17.8389
G1 X122.245 Y119.652 E17.86433
G1 X122.729 Y120.245 E17.88979
G1 X123.318 Y120.734 E17.91525
G1 X123.989 Y121.097 E17.94062
G1 X124.721 Y121.323 E17.9661
G1 X125.482 Y121.401 E17.99155
G1 X126.243 Y121.331 E18.01696
G1 X126.976 Y121.112 E18.04241
G1 X127.652 Y120.755 E18.06783
G1 X128.245 Y120.271 E18.09329
G1 X128.734 Y119.682 E18.11876
G1 X129.097 Y119.011 E18.14413
G1 X129.323 Y118.279 E18.16961
G1 X129.401 Y117.518 E18.19505
G1 X129.331 Y116.757 E18.22047
G1 X129.112 Y116.024 E18.24592
G1 X128.755 Y115.348 E18.27134
G1 X128.271 Y114.755 E18.2968
G1 X127.682 Y114.266 E18.32226
G1 X127.011 Y113.903 E18.34764
G1 X126.279 Y113.677 E18.37312
G1 X125.518 Y113.599 E18.39856
G1 X124.757 Y113.669 E18.42398
G1 X124.024 Y113.888 E18.44942
G1 X123.348 Y114.245 E18.47485
M204 S5000
M205 X30 Y30
G0 F3600 X123.293 Y114.162
G0 X124.009 Y113.851
G0 X124.75 Y113.63
G0 X125.518 Y113.559
G0 X126.286 Y113.638
G0 X127.026 Y113.867
G0 X127.704 Y114.233
G0 X128.299 Y114.727
G0 X128.788 Y115.326
G0 X129.149 Y116.009
G0 X131.516 Y124.932
G0 X131.586 Y125.002
M204 S500
M205 X20 Y20
G1 F1800 X103.416 Y125.002 E19.41179
G1 X103.414 Y110.198 E19.90417
G1 X103.414 Y109.998 E19.91082
G1 X103.614 Y109.998 E19.91513
G1 X131.586 Y109.998 E20.84548
G1 X131.586 Y125.002 E21.34452
M204 S5000
M205 X30 Y30
G0 F3600 X131.516 Y124.932
G0 X129.149 Y116.009
G0 X128.788 Y115.326
G0 X128.299 Y114.727
G0 X127.704 Y114.233
G0 X127.026 Y113.867
G0 X126.286 Y113.638
G0 X125.518 Y113.559
G0 X124.75 Y113.63
G0 X124.331 Y113.754
G0 X123.255 Y114.192
G0 X123.57 Y114.58
M204 S500
M205 X20 Y20
;TYPE:WALL-OUTER
G1 F1800 X123.038 Y115.014 E21.36735
G1 X122.599 Y115.543 E21.39022
G1 X122.274 Y116.145 E21.41297
G1 X122.071 Y116.801 E21.43581
G1 X122.001 Y117.484 E21.45865
G1 X122.064 Y118.167 E21.48146
G1 X122.26 Y118.824 E21.50426
G1 X122.58 Y119.43 E21.52706
G1 X123.014 Y119.962 E21.54989
G1 X123.543 Y120.401 E21.57276
G1 X124.145 Y120.726 E21.59551
G1 X124.801 Y120.929 E21.61835
G1 X125.484 Y120.999 E21.64118
G1 X126.167 Y120.936 E21.664
G1 X126.824 Y120.74 E21.6868
G1 X127.43 Y120.42 E21.70959
G1 X127.962 Y119.986 E21.73243
G1 X128.401 Y119.457 E21.75529
G1 X128.726 Y118.855 E21.77805
G1 X128.929 Y118.199 E21.80089
G1 X128.999 Y117.516 E21.82372
G1 X128.936 Y116.833 E21.84654
G1 X128.74 Y116.176 E21.86934
G1 X128.42 Y115.57 E21.89213
G1 X127.986 Y115.038 E21.91497
G1 X127.457 Y114.599 E21.93783
G1 X126.855 Y114.274 E21.96059
G1 X126.199 Y114.071 E21.98343
G1 X125.516 Y114.001 E22.00626
G1 X124.833 Y114.064 E22.02908
G1 X124.176 Y114.26 E22.05188
G1 X123.57 Y114.58 E22.07467
M204 S5000
M205 X30 Y30
G0 F3600 X123.415 Y114.706
G0 X123.1 Y114.319
G0 X131.516 Y110.068
G0 X131.873 Y109.667
M204 S500
M205 X20 Y20
G1 F1800 X131.986 Y109.825 E22.08113
G1 X131.986 Y125.175 E22.59168
G1 X131.873 Y125.333 E22.59814
G1 X131.682 Y125.402 E22.60489
G1 X103.318 Y125.402 E23.54828
G1 X103.127 Y125.333 E23.55504
G1 X103.016 Y125.178 E23.56138
G1 X103.014 Y109.835 E24.07169
G1 X103.014 Y109.825 E24.07202
G1 X103.127 Y109.667 E24.07848
G1 X103.318 Y109.598 E24.08524
G1 X103.328 Y109.598 E24.08557
G1 X131.682 Y109.598 E25.02863
G1 X131.873 Y109.667 E25.03538
M204 S5000
M205 X30 Y30
G0 F3600 X131.986 Y109.825
G0 X131.986 Y109.831
G0 X131.516 Y110.068
G0 X108.75 Y113.63
G0 X108.331 Y113.754
G0 X107.255 Y114.192
G0 X107.57 Y114.58
M204 S500
M205 X20 Y20
G1 F1800 X107.038 Y115.014 E25.05822
G1 X106.599 Y115.543 E25.08108
G1 X106.274 Y116.145 E25.10383
G1 X106.071 Y116.801 E25.12667
G1 X106.001 Y117.484 E25.14951
G1 X106.064 Y118.167 E25.17232
G1 X106.26 Y118.824 E25.19513
G1 X106.58 Y119.43 E25.21792
G1 X107.014 Y119.962 E25.24075
G1 X107.543 Y120.401 E25.26362
G1 X108.145 Y120.726 E25.28637
G1 X108.801 Y120.929 E25.30921
G1 X109.484 Y120.999 E25.33205
G1 X110.167 Y120.936 E25.35486
G1 X110.824 Y120.74 E25.37766
G1 X111.43 Y120.42 E25.40046
G1 X111.962 Y119.986 E25.42329
G1 X112.401 Y119.457 E25.44616
G1 X112.726 Y118.855 E25.46891
G1 X112.929 Y118.199 E25.49175
G1 X112.999 Y117.516 E25.51459
G1 X112.936 Y116.833 E25.5374
G1 X112.74 Y116.176 E25.5602
G1 X112.42 Y115.57 E25.583
G1 X111.986 Y115.038 E25.60583
G1 X111.457 Y114.599 E25.6287
G1 X110.855 Y114.274 E25.65145
G1 X110.199 Y114.071 E25.67429
G1 X109.516 Y114.001 E25.69712
G1 X108.833 Y114.064 E25.71994
G1 X108.176 Y114.26 E25.74274
G1 X107.57 Y114.58 E25.76553
M204 S5000
M205 X30 Y30
G0 F3600 X107.415 Y114.706
G0 X107.1 Y114.319
G0 X107.132 Y113.918
M204 S500
M205 X20 Y20
;TYPE:SKIN
G1 F1800 X106.48 Y114.45 E25.79352
G1 X105.941 Y115.098 E25.82156
G1 X105.542 Y115.837 E25.84949
G1 X105.293 Y116.643 E25.87755
G1 X105.207 Y117.48 E25.90553
G1 X105.285 Y118.317 E25.93349
G1 X105.525 Y119.124 E25.9615
G1 X105.918 Y119.868 E25.98948
G1 X106.45 Y120.52 E26.01747
G1 X107.098 Y121.059 E26.0455
G1 X107.837 Y121.458 E26.07344
G1 X108.643 Y121.707 E26.10149
G1 X109.48 Y121.793 E26.12948
G1 X110.317 Y121.715 E26.15744
G1 X111.124 Y121.475 E26.18544
G1 X111.868 Y121.082 E26.21343
G1 X112.52 Y120.55 E26.24142
G1 X113.059 Y119.902 E26.26945
G1 X113.458 Y119.163 E26.29738
G1 X113.707 Y118.357 E26.32544
G1 X113.793 Y117.52 E26.35343
G1 X113.715 Y116.683 E26.38139
G1 X113.475 Y115.876 E26.40939
G1 X113.082 Y115.132 E26.43737
G1 X112.55 Y114.48 E26.46536
G1 X111.902 Y113.941 E26.4934
G1 X111.163 Y113.542 E26.52133
G1 X110.357 Y113.293 E26.54939
G1 X109.52 Y113.207 E26.57737
G1 X108.683 Y113.285 E26.60533
G1 X107.876 Y113.525 E26.63333
G1 X107.132 Y113.918 E26.66132
M204 S5000
M205 X30 Y30
G0 F3600 X103.804 Y110.388
M204 S500
M205 X20 Y20
G1 F1800 X131.196 Y110.388 E27.57238
G1 X131.196 Y124.612 E28.04547
G1 X103.806 Y124.612 E28.95647
G1 X103.804 Y110.388 E29.42956
M204 S5000
M205 X30 Y30
G0 F3600 X121.293 Y116.643
M204 S500
M205 X20 Y20
G1 F1800 X121.207 Y117.48 E29.45755
G1 X121.285 Y118.317 E29.48551
G1 X121.525 Y119.124 E29.51351
G1 X121.918 Y119.868 E29.54149
G1 X122.45 Y120.52 E29.56948
G1 X123.098 Y121.059 E29.59752
G1 X123.837 Y121.458 E29.62545
G1 X124.643 Y121.707 E29.65351
G1 X125.48 Y121.793 E29.68149
G1 X126.317 Y121.715 E29.70945
G1 X127.124 Y121.475 E29.73745
G1 X127.868 Y121.082 E29.76544
G1 X128.52 Y120.55 E29.79343
G1 X129.059 Y119.902 E29.82146
G1 X129.458 Y119.163 E29.8494
G1 X129.707 Y118.357 E29.87745
G1 X129.793 Y117.52 E29.90544
G1 X129.715 Y116.683 E29.9334
G1 X129.475 Y115.876 E29.9614
G1 X129.082 Y115.132 E29.98939
G1 X128.55 Y114.48 E30.01737
G1 X127.902 Y113.941 E30.04541
G1 X127.163 Y113.542 E30.07334
G1 X126.357 Y113.293 E30.1014
G1 X125.52 Y113.207 E30.12938
G1 X124.683 Y113.285 E30.15734
G1 X123.876 Y113.525 E30.18535
G1 X123.132 Y113.918 E30.21333
G1 X122.48 Y114.45 E30.24132
G1 X121.941 Y115.098 E30.26936
G1 X121.542 Y115.837 E30.29729
G1 X121.293 Y116.643 E30.32535
M204 S5000
M205 X30 Y30
G0 F3600 X122.233 Y115.296
G0 X122.727 Y114.701
G0 X123.326 Y114.212
G0 X123.519 Y114.111
G0 X131.015 Y110.65
M204 S500
M205 X20 Y20
G1 F1800 X130.932 Y110.568 E30.32923
M204 S5000
M205 X30 Y30
G0 F3600 X130.367 Y110.568
M204 S500
M205 X20 Y20
G1 F1800 X131.015 Y111.216 E30.35971
M204 S5000
M205 X30 Y30
G0 F3600 X131.015 Y111.782
M204 S500
M205 X20 Y20
G1 F1800 X129.801 Y110.568 E30.41681
M204 S5000
M205 X30 Y30
G0 F3600 X129.235 Y110.568
M204 S500
M205 X20 Y20
G1 F1800 X131.015 Y112.347 E30.50051
M204 S5000
M205 X30 Y30
G0 F3600 X131.015 Y112.913
M204 S500
M205 X20 Y20
G1 F1800 X128.67 Y110.568 E30.61081
M204 S5000
M205 X30 Y30
G0 F3600 X128.104 Y110.568
M204 S500
M205 X20 Y20
G1 F1800 X131.015 Y113.479 E30.74774
M204 S5000
M205 X30 Y30
G0 F3600 X131.015 Y114.045
M204 S500
M205 X20 Y20
G1 F1800 X127.538 Y110.568 E30.91129
M204 S5000
M205 X30 Y30
G0 F3600 X126.973 Y110.568
M204 S500
M205 X20 Y20
G1 F1800 X131.015 Y114.61 E31.10141
M204 S5000
M205 X30 Y30
G0 F3600 X131.015 Y115.176
M204 S500
M205 X20 Y20
G1 F1800 X126.407 Y110.568 E31.31815
M204 S5000
M205 X30 Y30
G0 F3600 X125.841 Y110.568
M204 S500
M205 X20 Y20
G1 F1800 X131.015 Y115.742 E31.56152
M204 S5000
M205 X30 Y30
G0 F3600 X131.015 Y116.307
M204 S500
M205 X20 Y20
G1 F1800 X125.275 Y110.568 E31.83149
M204 S5000
M205 X30 Y30
G0 F3600 X124.71 Y110.568
M204 S500
M205 X20 Y20
G1 F1800 X127.851 Y113.709 E31.97924
G1 X127.921 Y113.779
M204 S5000
M205 X30 Y30
G0 F3600 X126.825 Y113.249
M204 S500
M205 X20 Y20
G1 F1800 X124.144 Y110.568 E32.10534
M204 S5000
M205 X30 Y30
G0 F3600 X123.578 Y110.568
M204 S500
M205 X20 Y20
G1 F1800 X126.096 Y113.085 E32.22376
M204 S5000
M205 X30 Y30
G0 F3600 X125.474 Y113.029
M204 S500
M205 X20 Y20
G1 F1800 X123.013 Y110.568 E32.33951
M204 S5000
M205 X30 Y30
G0 F3600 X122.447 Y110.568
M204 S500
M205 X20 Y20
G1 F1800 X124.957 Y113.078 E32.45758
M204 S5000
M205 X30 Y30
G0 F3600 X124.472 Y113.159
M204 S500
M205 X20 Y20
G1 F1800 X121.881 Y110.568 E32.57945
M204 S5000
M205 X30 Y30
G0 F3600 X121.316 Y110.568
M204 S500
M205 X20 Y20
G1 F1800 X124.036 Y113.288 E32.70739
M204 S5000
M205 X30 Y30
G0 F3600 X123.631 Y113.449
M204 S500
M205 X20 Y20
G1 F1800 X120.75 Y110.568 E32.8429
M204 S5000
M205 X30 Y30
G0 F3600 X120.184 Y110.568
M204 S500
M205 X20 Y20
G1 F1800 X123.261 Y113.644 E32.98761
M204 S5000
M205 X30 Y30
G0 F3600 X122.912 Y113.861
M204 S500
M205 X20 Y20
G1 F1800 X119.619 Y110.568 E33.14251
M204 S5000
M205 X30 Y30
G0 F3600 X119.053 Y110.568
M204 S500
M205 X20 Y20
G1 F1800 X122.601 Y114.116 E33.30939
M204 S5000
M205 X30 Y30
G0 F3600 X122.301 Y114.382
M204 S500
M205 X20 Y20
G1 F1800 X118.487 Y110.568 E33.48879
M204 S5000
M205 X30 Y30
G0 F3600 X117.922 Y110.568
M204 S500
M205 X20 Y20
G1 F1800 X122.044 Y114.69 E33.68268
M204 S5000
M205 X30 Y30
G0 F3600 X121.787 Y114.999
M204 S500
M205 X20 Y20
G1 F1800 X117.356 Y110.568 E33.8911
M204 S5000
M205 X30 Y30
G0 F3600 X116.79 Y110.568
M204 S500
M205 X20 Y20
G1 F1800 X121.589 Y115.367 E34.11683
M204 S5000
M205 X30 Y30
G0 F3600 X121.392 Y115.735
M204 S500
M205 X20 Y20
G1 F1800 X116.225 Y110.568 E34.35987
M204 S5000
M205 X30 Y30
G0 F3600 X115.659 Y110.568
M204 S500
M205 X20 Y20
G1 F1800 X121.253 Y116.162 E34.62299
M204 S5000
M205 X30 Y30
G0 F3600 X121.119 Y116.594
M204 S500
M205 X20 Y20
G1 F1800 X115.093 Y110.568 E34.90644
M204 S5000
M205 X30 Y30
G0 F3600 X114.527 Y110.568
M204 S500
M205 X20 Y20
G1 F1800 X121.064 Y117.104 E35.21389
M204 S5000
M205 X30 Y30
G0 F3600 X121.041 Y117.647
M204 S500
M205 X20 Y20
G1 F1800 X113.962 Y110.568 E35.54687
M204 S5000
M205 X30 Y30
G0 F3600 X113.396 Y110.568
M204 S500
M205 X20 Y20
G1 F1800 X121.099 Y118.271 E35.90919
G1 X121.169 Y118.341
M204 S5000
M205 X30 Y30
G0 F3600 X121.315 Y119.052
M204 S500
M205 X20 Y20
G1 F1800 X112.83 Y110.568 E36.30828
M204 S5000
M205 X30 Y30
G0 F3600 X112.265 Y110.568
M204 S500
M205 X20 Y20
G1 F1800 X122.214 Y120.517 E36.77625
M204 S5000
M205 X30 Y30
G0 F3600 X122.464 Y120.767
M204 S500
M205 X20 Y20
G1 F1800 X126.128 Y124.431 E36.94859
M204 S5000
M205 X30 Y30
G0 F3600 X126.694 Y124.431
M204 S500
M205 X20 Y20
G1 F1800 X123.942 Y121.679 E37.07804
G1 X123.872 Y121.609
M204 S5000
M205 X30 Y30
G0 F3600 X124.725 Y121.896
M204 S500
M205 X20 Y20
G1 F1800 X127.26 Y124.431 E37.19728
M204 S5000
M205 X30 Y30
G0 F3600 X127.825 Y124.431
M204 S500
M205 X20 Y20
G1 F1800 X125.355 Y121.961 E37.31346
M204 S5000
M205 X30 Y30
G0 F3600 X125.895 Y121.935
M204 S500
M205 X20 Y20
G1 F1800 X128.391 Y124.431 E37.43086
M204 S5000
M205 X30 Y30
G0 F3600 X128.957 Y124.431
M204 S500
M205 X20 Y20
G1 F1800 X126.403 Y121.877 E37.551
M204 S5000
M205 X30 Y30
G0 F3600 X126.839 Y121.748
M204 S500
M205 X20 Y20
G1 F1800 X129.522 Y124.431 E37.6772
M204 S5000
M205 X30 Y30
G0 F3600 X130.088 Y124.431
M204 S500
M205 X20 Y20
G1 F1800 X127.262 Y121.605 E37.81012
M204 S5000
M205 X30 Y30
G0 F3600 X127.632 Y121.41
M204 S500
M205 X20 Y20
G1 F1800 X130.654 Y124.431 E37.95224
M204 S5000
M205 X30 Y30
G0 F3600 X131.015 Y124.227
M204 S500
M205 X20 Y20
G1 F1800 X127.997 Y121.209 E38.0942
M204 S5000
M205 X30 Y30
G0 F3600 X128.309 Y120.955
M204 S500
M205 X20 Y20
G1 F1800 X131.015 Y123.661 E38.22148
M204 S5000
M205 X30 Y30
G0 F3600 X131.015 Y123.095
M204 S500
M205 X20 Y20
G1 F1800 X128.62 Y120.701 E38.33411
M204 S5000
M205 X30 Y30
G0 F3600 X128.881 Y120.396
M204 S500
M205 X20 Y20
G1 F1800 X131.015 Y122.53 E38.43449
M204 S5000
M205 X30 Y30
G0 F3600 X131.015 Y121.964
M204 S500
M205 X20 Y20
G1 F1800 X129.138 Y120.087 E38.52278
M204 S5000
M205 X30 Y30
G0 F3600 X129.352 Y119.735
M204 S500
M205 X20 Y20
G1 F1800 X131.015 Y121.398 E38.601
M204 S5000
M205 X30 Y30
G0 F3600 X131.015 Y120.833
M204 S500
M205 X20 Y20
G1 F1800 X129.55 Y119.368 E38.66991
M204 S5000
M205 X30 Y30
G0 F3600 X129.708 Y118.96
M204 S500
M205 X20 Y20
G1 F1800 X131.015 Y120.267 E38.73139
M204 S5000
M205 X30 Y30
G0 F3600 X131.015 Y119.701
M204 S500
M205 X20 Y20
G1 F1800 X129.841 Y118.528 E38.78658
M204 S5000
M205 X30 Y30
G0 F3600 X129.919 Y118.04
M204 S500
M205 X20 Y20
G1 F1800 X131.015 Y119.136 E38.83814
M204 S5000
M205 X30 Y30
G0 F3600 X131.015 Y118.57
M204 S500
M205 X20 Y20
G1 F1800 X129.971 Y117.526 E38.88724
M204 S5000
M205 X30 Y30
G0 F3600 X129.915 Y116.904
M204 S500
M205 X20 Y20
G1 F1800 X131.015 Y118.004 E38.93898
M204 S5000
M205 X30 Y30
G0 F3600 X131.015 Y117.439
M204 S500
M205 X20 Y20
G1 F1800 X129.75 Y116.174 E38.99849
G1 X129.68 Y116.104
M204 S5000
M205 X30 Y30
G0 F3600 X129.297 Y115.155
M204 S500
M205 X20 Y20
G1 F1800 X131.015 Y116.873 E39.0793
G1 X131.085 Y116.943
M204 S5000
M205 X30 Y30
G0 F3600 X125.563 Y124.431
M204 S500
M205 X20 Y20
G1 F1800 X111.699 Y110.568 E39.73139
M204 S5000
M205 X30 Y30
G0 F3600 X111.133 Y110.568
M204 S500
M205 X20 Y20
G1 F1800 X124.997 Y124.431 E40.38349
M204 S5000
M205 X30 Y30
G0 F3600 X124.431 Y124.431
M204 S500
M205 X20 Y20
G1 F1800 X110.568 Y110.568 E41.03556
M204 S5000
M205 X30 Y30
G0 F3600 X110.002 Y110.568
M204 S500
M205 X20 Y20
G1 F1800 X123.866 Y124.431 E41.68766
M204 S5000
M205 X30 Y30
G0 F3600 X123.3 Y124.431
M204 S500
M205 X20 Y20
G1 F1800 X109.436 Y110.568 E42.33975
M204 S5000
M205 X30 Y30
G0 F3600 X108.871 Y110.568
M204 S500
M205 X20 Y20
G1 F1800 X112.533 Y114.23 E42.512
M204 S5000
M205 X30 Y30
G0 F3600 X112.784 Y114.482
M204 S500
M205 X20 Y20
G1 F1800 X122.734 Y124.431 E42.98
M204 S5000
M205 X30 Y30
G0 F3600 X122.168 Y124.431
M204 S500
M205 X20 Y20
G1 F1800 X113.684 Y115.947 E43.37906
G1 X113.614 Y115.877
M204 S5000
M205 X30 Y30
G0 F3600 X113.898 Y116.727
M204 S500
M205 X20 Y20
G1 F1800 X121.603 Y124.431 E43.74146
M204 S5000
M205 X30 Y30
G0 F3600 X121.037 Y124.431
M204 S500
M205 X20 Y20
G1 F1800 X113.958 Y117.352 E44.07443
M204 S5000
M205 X30 Y30
G0 F3600 X113.934 Y117.894
M204 S500
M205 X20 Y20
G1 F1800 X120.471 Y124.431 E44.38191
M204 S5000
M205 X30 Y30
G0 F3600 X119.906 Y124.431
M204 S500
M205 X20 Y20
G1 F1800 X113.879 Y118.405 E44.66538
M204 S5000
M205 X30 Y30
G0 F3600 X113.745 Y118.837
M204 S500
M205 X20 Y20
G1 F1800 X119.34 Y124.431 E44.92853
M204 S5000
M205 X30 Y30
G0 F3600 X118.774 Y124.431
M204 S500
M205 X20 Y20
G1 F1800 X113.606 Y119.263 E45.17161
M204 S5000
M205 X30 Y30
G0 F3600 X113.409 Y119.631
M204 S500
M205 X20 Y20
G1 F1800 X118.209 Y124.431 E45.39739
M204 S5000
M205 X30 Y30
G0 F3600 X117.643 Y124.431
M204 S500
M205 X20 Y20
G1 F1800 X113.211 Y119.999 E45.60586
M204 S5000
M205 X30 Y30
G0 F3600 X112.954 Y120.308
M204 S500
M205 X20 Y20
G1 F1800 X117.077 Y124.43 E45.79977
M204 S5000
M205 X30 Y30
G0 F3600 X116.511 Y124.43
M204 S500
M205 X20 Y20
G1 F1800 X112.697 Y120.616 E45.97917
M204 S5000
M205 X30 Y30
G0 F3600 X112.397 Y120.882
M204 S500
M205 X20 Y20
G1 F1800 X115.945 Y124.43 E46.14605
M204 S5000
M205 X30 Y30
G0 F3600 X115.38 Y124.43
M204 S500
M205 X20 Y20
G1 F1800 X112.086 Y121.137 E46.30097
M204 S5000
M205 X30 Y30
G0 F3600 X111.737 Y121.354
M204 S500
M205 X20 Y20
G1 F1800 X114.814 Y124.43 E46.44568
M204 S5000
M205 X30 Y30
G0 F3600 X114.248 Y124.43
M204 S500
M205 X20 Y20
G1 F1800 X111.367 Y121.549 E46.58119
M204 S5000
M205 X30 Y30
G0 F3600 X110.962 Y121.71
M204 S500
M205 X20 Y20
G1 F1800 X113.682 Y124.43 E46.70913
M204 S5000
M205 X30 Y30
G0 F3600 X113.117 Y124.43
M204 S500
M205 X20 Y20
G1 F1800 X110.526 Y121.84 E46.83098
M204 S5000
M205 X30 Y30
G0 F3600 X110.041 Y121.92
M204 S500
M205 X20 Y20
G1 F1800 X112.551 Y124.43 E46.94905
M204 S5000
M205 X30 Y30
G0 F3600 X111.985 Y124.43
M204 S500
M205 X20 Y20
G1 F1800 X109.524 Y121.969 E47.0648
M204 S5000
M205 X30 Y30
G0 F3600 X108.903 Y121.914
M204 S500
M205 X20 Y20
G1 F1800 X111.42 Y124.43 E47.18317
M204 S5000
M205 X30 Y30
G0 F3600 X110.854 Y124.43
M204 S500
M205 X20 Y20
G1 F1800 X108.173 Y121.749 E47.30928
G1 X108.103 Y121.679
M204 S5000
M205 X30 Y30
G0 F3600 X107.148 Y121.29
M204 S500
M205 X20 Y20
G1 F1800 X110.288 Y124.43 E47.45697
M204 S5000
M205 X30 Y30
G0 F3600 X109.723 Y124.43
M204 S500
M205 X20 Y20
G1 F1800 X103.985 Y118.692 E47.72687
M204 S5000
M205 X30 Y30
G0 F3600 X103.985 Y118.127
M204 S500
M205 X20 Y20
G1 F1800 X105.703 Y119.845 E47.80768
G1 X105.773 Y119.915
M204 S5000
M205 X30 Y30
G0 F3600 X105.249 Y118.825
M204 S500
M205 X20 Y20
G1 F1800 X103.985 Y117.561 E47.86714
M204 S5000
M205 X30 Y30
G0 F3600 X103.984 Y116.995
M204 S500
M205 X20 Y20
G1 F1800 X105.084 Y118.095 E47.91888
M204 S5000
M205 X30 Y30
G0 F3600 X105.027 Y117.472
M204 S500
M205 X20 Y20
G1 F1800 X103.984 Y116.429 E47.96794
M204 S5000
M205 X30 Y30
G0 F3600 X103.984 Y115.863
M204 S500
M205 X20 Y20
G1 F1800 X105.08 Y116.959 E48.01949
M204 S5000
M205 X30 Y30
G0 F3600 X105.158 Y116.471
M204 S500
M205 X20 Y20
G1 F1800 X103.984 Y115.298 E48.07469
M204 S5000
M205 X30 Y30
G0 F3600 X103.984 Y114.732
M204 S500
M205 X20 Y20
G1 F1800 X105.291 Y116.039 E48.13616
M204 S5000
M205 X30 Y30
G0 F3600 X105.448 Y115.631
M204 S500
M205 X20 Y20
G1 F1800 X103.984 Y114.166 E48.20505
M204 S5000
M205 X30 Y30
G0 F3600 X103.984 Y113.6
M204 S500
M205 X20 Y20
G1 F1800 X105.646 Y115.263 E48.28325
M204 S5000
M205 X30 Y30
G0 F3600 X105.86 Y114.911
M204 S500
M205 X20 Y20
G1 F1800 X103.984 Y113.035 E48.37149
M204 S5000
M205 X30 Y30
G0 F3600 X103.984 Y112.469
M204 S500
M205 X20 Y20
G1 F1800 X106.118 Y114.603 E48.47187
M204 S5000
M205 X30 Y30
G0 F3600 X106.379 Y114.298
M204 S500
M205 X20 Y20
G1 F1800 X103.984 Y111.903 E48.58452
M204 S5000
M205 X30 Y30
G0 F3600 X103.984 Y111.338
M204 S500
M205 X20 Y20
G1 F1800 X106.69 Y114.044 E48.7118
M204 S5000
M205 X30 Y30
G0 F3600 X107.001 Y113.789
M204 S500
M205 X20 Y20
G1 F1800 X103.984 Y110.772 E48.85371
M204 S5000
M205 X30 Y30
G0 F3600 X104.345 Y110.568
M204 S500
M205 X20 Y20
G1 F1800 X107.366 Y113.588 E48.99579
M204 S5000
M205 X30 Y30
G0 F3600 X107.736 Y113.393
M204 S500
M205 X20 Y20
G1 F1800 X104.911 Y110.568 E49.12867
M204 S5000
M205 X30 Y30
G0 F3600 X105.476 Y110.568
M204 S500
M205 X20 Y20
G1 F1800 X108.16 Y113.251 E49.25489
M204 S5000
M205 X30 Y30
G0 F3600 X108.596 Y113.122
M204 S500
M205 X20 Y20
G1 F1800 X106.042 Y110.568 E49.37502
M204 S5000
M205 X30 Y30
G0 F3600 X106.608 Y110.568
M204 S500
M205 X20 Y20
G1 F1800 X109.104 Y113.064 E49.49243
M204 S5000
M205 X30 Y30
G0 F3600 X109.643 Y113.037
M204 S500
M205 X20 Y20
G1 F1800 X107.174 Y110.568 E49.60856
M204 S5000
M205 X30 Y30
G0 F3600 X107.739 Y110.568
M204 S500
M205 X20 Y20
G1 F1800 X110.274 Y113.102 E49.72778
G1 X110.344 Y113.172
M204 S5000
M205 X30 Y30
G0 F3600 X111.057 Y113.32
M204 S500
M205 X20 Y20
G1 F1800 X108.305 Y110.568 E49.85722
G1 X108.235 Y110.498
M204 S5000
M205 X30 Y30
G0 F3600 X103.985 Y119.258
M204 S500
M205 X20 Y20
G1 F1800 X109.157 Y124.43 E50.1005
M204 S5000
M205 X30 Y30
G0 F3600 X108.591 Y124.43
M204 S500
M205 X20 Y20
G1 F1800 X103.985 Y119.824 E50.31715
M204 S5000
M205 X30 Y30
G0 F3600 X103.985 Y120.389
M204 S500
M205 X20 Y20
G1 F1800 X108.026 Y124.43 E50.50722
M204 S5000
M205 X30 Y30
G0 F3600 X107.46 Y124.43
M204 S500
M205 X20 Y20
G1 F1800 X103.985 Y120.955 E50.67068
M204 S5000
M205 X30 Y30
G0 F3600 X103.985 Y121.521
M204 S500
M205 X20 Y20
G1 F1800 X106.894 Y124.43 E50.80751
M204 S5000
M205 X30 Y30
G0 F3600 X106.329 Y124.43
M204 S500
M205 X20 Y20
G1 F1800 X103.985 Y122.086 E50.91776
M204 S5000
M205 X30 Y30
G0 F3600 X103.985 Y122.652
M204 S500
M205 X20 Y20
G1 F1800 X105.763 Y124.43 E51.00139
M204 S5000
M205 X30 Y30
G0 F3600 X105.197 Y124.43
M204 S500
M205 X20 Y20
G1 F1800 X103.985 Y123.218 E51.0584
M204 S5000
M205 X30 Y30
G0 F3600 X103.985 Y123.783
M204 S500
M205 X20 Y20
G1 F1800 X104.632 Y124.43 E51.08884
M204 S5000
M205 X30 Y30
G0 F3600 X104.066 Y124.43
M204 S500
M205 X20 Y20
G1 F1800 X103.985 Y124.349 E51.09265
M204 S5000
M205 X30 Y30
;MESH:NONMESH
G0 F3600 X105.638 Y116.714
G0 X105.867 Y115.974
G0 X106.233 Y115.296
G0 X106.372 Y115.128
G0 X107.271 Y114.18
G0 X107.331 Y114.255
;TIME_ELAPSED:67.223461
;LAYER:1
M140 S60
M106 S255
;MESH:listwa_mocujaca.stl
G0 F5400 X107.331 Y114.255 Z0.4
M204 S500
M205 X20 Y20
;TYPE:WALL-INNER
G1 F2700 X106.741 Y114.741 E51.11807
G1 X106.255 Y115.331 E51.14349
G1 X105.894 Y116.006 E51.16895
G1 X105.672 Y116.739 E51.19443
G1 X105.597 Y117.5 E51.21986
G1 X105.672 Y118.261 E51.24529
G1 X105.894 Y118.994 E51.27077
G1 X106.255 Y119.669 E51.29623
G1 X106.741 Y120.259 E51.32165
G1 X107.331 Y120.745 E51.34707
G1 X108.006 Y121.106 E51.37253
G1 X108.739 Y121.328 E51.39801
G1 X109.5 Y121.403 E51.42344
G1 X110.261 Y121.328 E51.44887
G1 X110.994 Y121.106 E51.47435
G1 X111.669 Y120.745 E51.49981
G1 X112.259 Y120.259 E51.52523
G1 X112.745 Y119.669 E51.55066
G1 X113.106 Y118.994 E51.57611
G1 X113.328 Y118.261 E51.60159
G1 X113.403 Y117.5 E51.62702
G1 X113.328 Y116.739 E51.65246
G1 X113.106 Y116.006 E51.67793
G1 X112.745 Y115.331 E51.70339
G1 X112.259 Y114.741 E51.72881
G1 X111.669 Y114.255 E51.75424
G1 X110.994 Y113.894 E51.7797
G1 X110.261 Y113.672 E51.80517
G1 X109.5 Y113.597 E51.8306
G1 X108.739 Y113.672 E51.85604
G1 X108.006 Y113.894 E51.88151
G1 X107.331 Y114.255 E51.90697
M204 S5000
M205 X30 Y30
G0 F5400 X107.276 Y114.172
G0 X107.991 Y113.858
G0 X108.732 Y113.633
G0 X109.353 Y113.572
G0 X123.276 Y114.172
G0 X123.331 Y114.255
M204 S500
M205 X20 Y20
G1 F2700 X122.741 Y114.741 E51.93239
G1 X122.255 Y115.331 E51.95782
G1 X121.894 Y116.006 E51.98328
G1 X121.672 Y116.739 E52.00875
G1 X121.597 Y117.5 E52.03418
G1 X121.672 Y118.261 E52.05962
G1 X121.894 Y118.994 E52.08509
G1 X122.255 Y119.669 E52.11055
G1 X122.741 Y120.259 E52.13597
G1 X123.331 Y120.745 E52.1614
G1 X124.006 Y121.106 E52.18686
G1 X124.739 Y121.328 E52.21233
G1 X125.5 Y121.403 E52.23776
G1 X126.261 Y121.328 E52.2632
G1 X126.994 Y121.106 E52.28867
G1 X127.669 Y120.745 E52.31413
G1 X128.259 Y120.259 E52.33955
G1 X128.745 Y119.669 E52.36498
G1 X129.106 Y118.994 E52.39044
G1 X129.328 Y118.261 E52.41591
G1 X129.403 Y117.5 E52.44134
G1 X129.328 Y116.739 E52.46678
G1 X129.106 Y116.006 E52.49225
G1 X128.745 Y115.331 E52.51771
G1 X128.259 Y114.741 E52.54314
G1 X127.669 Y114.255 E52.56856
G1 X126.994 Y113.894 E52.59402
G1 X126.261 Y113.672 E52.61949
G1 X125.5 Y113.597 E52.64493
G1 X124.739 Y113.672 E52.67036
G1 X124.006 Y113.894 E52.69583
G1 X123.331 Y114.255 E52.72129
M204 S5000
M205 X30 Y30
G0 F5400 X123.276 Y114.172
G0 X123.991 Y113.858
G0 X124.732 Y113.633
G0 X125.5 Y113.557
G0 X126.268 Y113.633
G0 X127.009 Y113.858
G0 X127.691 Y114.222
G0 X128.287 Y114.713
G0 X128.778 Y115.309
G0 X129.142 Y115.991
G0 X131.516 Y124.932
G0 X131.586 Y125.002
M204 S500
M205 X20 Y20
G1 F2700 X103.414 Y125.002 E53.6583
G1 X103.414 Y109.998 E54.15733
G1 X131.586 Y109.998 E55.09434
G1 X131.586 Y125.002 E55.59337
M204 S5000
M205 X30 Y30
G0 F5400 X131.516 Y124.932
G0 X129.142 Y115.991
G0 X128.778 Y115.309
G0 X128.287 Y114.713
G0 X127.691 Y114.222
G0 X127.009 Y113.858
G0 X126.268 Y113.633
G0 X125.5 Y113.557
G0 X125.066 Y113.599
G0 X123.925 Y113.824
G0 X124.16 Y114.265
M204 S500
M205 X20 Y20
;TYPE:WALL-OUTER
G1 F1800 X123.555 Y114.589 E55.6162
G1 X123.025 Y115.025 E55.63902
G1 X122.589 Y115.555 E55.66185
G1 X122.265 Y116.16 E55.68468
G1 X122.066 Y116.817 E55.70751
G1 X121.999 Y117.5 E55.73033
G1 X122.066 Y118.183 E55.75316
G1 X122.265 Y118.84 E55.77599
G1 X122.589 Y119.445 E55.79882
G1 X123.025 Y119.975 E55.82164
G1 X123.555 Y120.411 E55.84447
G1 X124.16 Y120.735 E55.8673
G1 X124.817 Y120.934 E55.89013
G1 X125.5 Y121.001 E55.91295
G1 X126.183 Y120.934 E55.93578
G1 X126.84 Y120.735 E55.95861
G1 X127.445 Y120.411 E55.98144
G1 X127.975 Y119.975 E56.00427
G1 X128.411 Y119.445 E56.02709
G1 X128.735 Y118.84 E56.04992
G1 X128.934 Y118.183 E56.07275
G1 X129.001 Y117.5 E56.09558
G1 X128.934 Y116.817 E56.1184
G1 X128.735 Y116.16 E56.14123
G1 X128.411 Y115.555 E56.16406
G1 X127.975 Y115.025 E56.18689
G1 X127.445 Y114.589 E56.20971
G1 X126.84 Y114.265 E56.23254
G1 X126.183 Y114.066 E56.25537
G1 X125.5 Y113.999 E56.2782
G1 X124.817 Y114.066 E56.30102
G1 X124.16 Y114.265 E56.32385
M204 S5000
M205 X30 Y30
G0 F5400 X123.984 Y114.359
G0 X123.749 Y113.918
G0 X131.516 Y110.068
G0 X131.873 Y109.667
M204 S500
M205 X20 Y20
G1 F1800 X131.986 Y109.825 E56.33032
G1 X131.986 Y125.175 E56.84086
G1 X131.873 Y125.333 E56.84732
G1 X131.682 Y125.402 E56.85407
G1 X103.318 Y125.402 E57.79746
G1 X103.127 Y125.333 E57.80422
G1 X103.014 Y125.175 E57.81068
G1 X103.014 Y109.825 E58.32122
G1 X103.127 Y109.667 E58.32768
G1 X103.318 Y109.598 E58.33444
G1 X131.682 Y109.598 E59.27783
G1 X131.873 Y109.667 E59.28458
M204 S5000
M205 X30 Y30
G0 F5400 X131.986 Y109.825
G0 X131.986 Y109.831
G0 X131.516 Y110.068
G0 X108.732 Y113.633
G0 X107.925 Y113.824
G0 X108.16 Y114.265
M204 S500
M205 X20 Y20
G1 F1800 X107.555 Y114.589 E59.30741
G1 X107.025 Y115.025 E59.33024
G1 X106.589 Y115.555 E59.35306
G1 X106.265 Y116.16 E59.37589
G1 X106.066 Y116.817 E59.39872
G1 X105.999 Y117.5 E59.42155
G1 X106.066 Y118.183 E59.44437
G1 X106.265 Y118.84 E59.4672
G1 X106.589 Y119.445 E59.49003
G1 X107.025 Y119.975 E59.51286
G1 X107.555 Y120.411 E59.53568
G1 X108.16 Y120.735 E59.55851
G1 X108.817 Y120.934 E59.58134
G1 X109.5 Y121.001 E59.60417
G1 X110.183 Y120.934 E59.62699
G1 X110.84 Y120.735 E59.64982
G1 X111.445 Y120.411 E59.67265
G1 X111.975 Y119.975 E59.69548
G1 X112.411 Y119.445 E59.7183
G1 X112.735 Y118.84 E59.74113
G1 X112.934 Y118.183 E59.76396
G1 X113.001 Y117.5 E59.78679
G1 X112.934 Y116.817 E59.80961
G1 X112.735 Y116.16 E59.83245
G1 X112.411 Y115.555 E59.85527
G1 X111.975 Y115.025 E59.8781
G1 X111.445 Y114.589 E59.90092
G1 X110.84 Y114.265 E59.92375
G1 X110.183 Y114.066 E59.94658
G1 X109.5 Y113.999 E59.96941
G1 X108.817 Y114.066 E59.99223
G1 X108.16 Y114.265 E60.01507
M204 S5000
M205 X30 Y30
G0 F5400 X107.984 Y114.359
G0 X107.749 Y113.918
G0 X107.856 Y113.532
M204 S500
M205 X20 Y20
;TYPE:SKIN
G1 F1800 X107.113 Y113.929 E60.04308
G1 X106.464 Y114.464 E60.07106
G1 X105.929 Y115.113 E60.09903
G1 X105.532 Y115.856 E60.12705
G1 X105.288 Y116.663 E60.15509
G1 X105.205 Y117.5 E60.18307
G1 X105.288 Y118.337 E60.21104
G1 X105.532 Y119.144 E60.23909
G1 X105.929 Y119.887 E60.2671
G1 X106.464 Y120.536 E60.29508
G1 X107.113 Y121.071 E60.32305
G1 X107.856 Y121.468 E60.35107
G1 X108.663 Y121.712 E60.37911
G1 X109.5 Y121.795 E60.40709
G1 X110.337 Y121.712 E60.43506
G1 X111.144 Y121.468 E60.4631
G1 X111.887 Y121.071 E60.49112
G1 X112.536 Y120.536 E60.5191
G1 X113.071 Y119.887 E60.54707
G1 X113.468 Y119.144 E60.57509
G1 X113.712 Y118.337 E60.60313
G1 X113.795 Y117.5 E60.63111
G1 X113.712 Y116.663 E60.65908
G1 X113.468 Y115.856 E60.68712
G1 X113.071 Y115.113 E60.71514
G1 X112.536 Y114.464 E60.74312
G1 X111.887 Y113.929 E60.77109
G1 X111.144 Y113.532 E60.79911
G1 X110.337 Y113.288 E60.82715
G1 X109.5 Y113.205 E60.85513
G1 X108.663 Y113.288 E60.8831
G1 X107.856 Y113.532 E60.91114
M204 S5000
M205 X30 Y30
G0 F5400 X103.804 Y110.388
M204 S500
M205 X20 Y20
G1 F1800 X131.196 Y110.388 E61.8222
G1 X131.196 Y124.612 E62.2953
G1 X103.804 Y124.612 E63.20636
G1 X103.804 Y110.388 E63.67945
M204 S5000
M205 X30 Y30
G0 F5400 X121.288 Y116.663
M204 S500
M205 X20 Y20
G1 F1800 X121.205 Y117.5 E63.70743
G1 X121.288 Y118.337 E63.7354
G1 X121.532 Y119.144 E63.76344
G1 X121.929 Y119.887 E63.79146
G1 X122.464 Y120.536 E63.81944
G1 X123.113 Y121.071 E63.84741
G1 X123.856 Y121.468 E63.87543
G1 X124.663 Y121.712 E63.90347
G1 X125.5 Y121.795 E63.93145
G1 X126.337 Y121.712 E63.95942
G1 X127.144 Y121.468 E63.98746
G1 X127.887 Y121.071 E64.01548
G1 X128.536 Y120.536 E64.04345
G1 X129.071 Y119.887 E64.07143
G1 X129.468 Y119.144 E64.09945
G1 X129.712 Y118.337 E64.12749
G1 X129.795 Y117.5 E64.15546
G1 X129.712 Y116.663 E64.18344
G1 X129.468 Y115.856 E64.21148
G1 X129.071 Y115.113 E64.2395
G1 X128.536 Y114.464 E64.26747
G1 X127.887 Y113.929 E64.29545
G1 X127.144 Y113.532 E64.32347
G1 X126.337 Y113.288 E64.35151
G1 X125.5 Y113.205 E64.37948
G1 X124.663 Y113.288 E64.40746
G1 X123.856 Y113.532 E64.4355
G1 X123.113 Y113.929 E64.46352
G1 X122.464 Y114.464 E64.49149
G1 X121.929 Y115.113 E64.51947
G1 X121.532 Y115.856 E64.54749
G1 X121.288 Y116.663 E64.57553
M204 S5000
M205 X30 Y30
G0 F5400 X121.633 Y118.268
G0 X121.858 Y119.009
G0 X122.222 Y119.691
G0 X122.713 Y120.287
G0 X123.309 Y120.778
G0 X123.694 Y120.983
G0 X131.014 Y124.109
M204 S500
M205 X20 Y20
G1 F1800 X130.691 Y124.432 E64.59072
M204 S5000
M205 X30 Y30
G0 F5400 X130.126 Y124.432
M204 S500
M205 X20 Y20
G1 F1800 X131.014 Y123.543 E64.63251
M204 S5000
M205 X30 Y30
G0 F5400 X131.014 Y122.977
M204 S500
M205 X20 Y20
G1 F1800 X129.56 Y124.432 E64.70093
M204 S5000
M205 X30 Y30
G0 F5400 X128.994 Y124.432
M204 S500
M205 X20 Y20
G1 F1800 X131.014 Y122.412 E64.79594
M204 S5000
M205 X30 Y30
G0 F5400 X131.014 Y121.846
M204 S500
M205 X20 Y20
G1 F1800 X128.428 Y124.432 E64.91758
M204 S5000
M205 X30 Y30
G0 F5400 X127.863 Y124.432
M204 S500
M205 X20 Y20
G1 F1800 X131.014 Y121.28 E65.06582
M204 S5000
M205 X30 Y30
G0 F5400 X131.014 Y120.715
M204 S500
M205 X20 Y20
G1 F1800 X127.297 Y124.432 E65.24065
M204 S5000
M205 X30 Y30
G0 F5400 X126.731 Y124.432
M204 S500
M205 X20 Y20
G1 F1800 X131.014 Y120.149 E65.44211
M204 S5000
M205 X30 Y30
G0 F5400 X131.014 Y119.583
M204 S500
M205 X20 Y20
G1 F1800 X126.166 Y124.432 E65.67017
M204 S5000
M205 X30 Y30
G0 F5400 X125.6 Y124.432
M204 S500
M205 X20 Y20
G1 F1800 X131.014 Y119.018 E65.92483
M204 S5000
M205 X30 Y30
G0 F5400 X131.014 Y118.452
M204 S500
M205 X20 Y20
G1 F1800 X125.034 Y124.432 E66.20611
M204 S5000
M205 X30 Y30
G0 F5400 X124.469 Y124.432
M204 S500
M205 X20 Y20
G1 F1800 X127.327 Y121.574 E66.34054
G1 X127.397 Y121.504
M204 S5000
M205 X30 Y30
G0 F5400 X126.479 Y121.856
M204 S500
M205 X20 Y20
G1 F1800 X123.903 Y124.432 E66.46171
M204 S5000
M205 X30 Y30
G0 F5400 X123.337 Y124.432
M204 S500
M205 X20 Y20
G1 F1800 X125.827 Y121.942 E66.57883
M204 S5000
M205 X30 Y30
G0 F5400 X125.253 Y121.951
M204 S500
M205 X20 Y20
G1 F1800 X122.772 Y124.432 E66.69553
M204 S5000
M205 X30 Y30
G0 F5400 X122.206 Y124.432
M204 S500
M205 X20 Y20
G1 F1800 X124.739 Y121.899 E66.81467
M204 S5000
M205 X30 Y30
G0 F5400 X124.286 Y121.786
M204 S500
M205 X20 Y20
G1 F1800 X121.64 Y124.432 E66.93913
M204 S5000
M205 X30 Y30
G0 F5400 X121.075 Y124.432
M204 S500
M205 X20 Y20
G1 F1800 X123.852 Y121.654 E67.06978
M204 S5000
M205 X30 Y30
G0 F5400 X123.473 Y121.468
M204 S500
M205 X20 Y20
G1 F1800 X120.509 Y124.432 E67.2092
M204 S5000
M205 X30 Y30
G0 F5400 X119.943 Y124.432
M204 S500
M205 X20 Y20
G1 F1800 X123.105 Y121.27 E67.35793
M204 S5000
M205 X30 Y30
G0 F5400 X122.779 Y121.03
M204 S500
M205 X20 Y20
G1 F1800 X119.378 Y124.432 E67.51792
M204 S5000
M205 X30 Y30
G0 F5400 X118.812 Y124.432
M204 S500
M205 X20 Y20
G1 F1800 X122.47 Y120.774 E67.68998
M204 S5000
M205 X30 Y30
G0 F5400 X122.19 Y120.488
M204 S500
M205 X20 Y20
G1 F1800 X118.246 Y124.432 E67.8755
M204 S5000
M205 X30 Y30
G0 F5400 X117.68 Y124.432
M204 S500
M205 X20 Y20
G1 F1800 X121.934 Y120.179 E68.07557
M204 S5000
M205 X30 Y30
G0 F5400 X121.701 Y119.846
M204 S500
M205 X20 Y20
G1 F1800 X117.115 Y124.431 E68.29126
M204 S5000
M205 X30 Y30
G0 F5400 X116.55 Y124.431
M204 S500
M205 X20 Y20
G1 F1800 X121.504 Y119.477 E68.52428
M204 S5000
M205 X30 Y30
G0 F5400 X121.326 Y119.09
M204 S500
M205 X20 Y20
G1 F1800 X115.984 Y124.431 E68.77553
M204 S5000
M205 X30 Y30
G0 F5400 X115.418 Y124.431
M204 S500
M205 X20 Y20
G1 F1800 X121.195 Y118.655 E69.04724
M204 S5000
M205 X30 Y30
G0 F5400 X121.092 Y118.192
M204 S500
M205 X20 Y20
G1 F1800 X114.853 Y124.431 E69.3407
M204 S5000
M205 X30 Y30
G0 F5400 X114.287 Y124.431
M204 S500
M205 X20 Y20
G1 F1800 X121.04 Y117.678 E69.65834
M204 S5000
M205 X30 Y30
G0 F5400 X121.063 Y117.089
M204 S500
M205 X20 Y20
G1 F1800 X113.721 Y124.431 E70.00368
M204 S5000
M205 X30 Y30
G0 F5400 X113.156 Y124.431
M204 S500
M205 X20 Y20
G1 F1800 X121.174 Y116.413 E70.38083
G1 X121.244 Y116.343
M204 S5000
M205 X30 Y30
G0 F5400 X121.51 Y115.511
M204 S500
M205 X20 Y20
G1 F1800 X112.59 Y124.431 E70.8004
M204 S5000
M205 X30 Y30
G0 F5400 X112.024 Y124.431
M204 S500
M205 X20 Y20
G1 F1800 X125.889 Y110.567 E71.45254
M204 S5000
M205 X30 Y30
G0 F5400 X125.323 Y110.567
M204 S500
M205 X20 Y20
G1 F1800 X111.459 Y124.431 E72.10466
M204 S5000
M205 X30 Y30
G0 F5400 X110.893 Y124.431
M204 S500
M205 X20 Y20
G1 F1800 X124.757 Y110.567 E72.75678
M204 S5000
M205 X30 Y30
G0 F5400 X124.191 Y110.567
M204 S500
M205 X20 Y20
G1 F1800 X110.327 Y124.431 E73.4089
M204 S5000
M205 X30 Y30
G0 F5400 X109.762 Y124.431
M204 S500
M205 X20 Y20
G1 F1800 X123.626 Y110.567 E74.06102
M204 S5000
M205 X30 Y30
G0 F5400 X123.06 Y110.567
M204 S500
M205 X20 Y20
G1 F1800 X109.196 Y124.431 E74.71314
M204 S5000
M205 X30 Y30
G0 F5400 X108.63 Y124.431
M204 S500
M205 X20 Y20
G1 F1800 X111.674 Y121.387 E74.85632
G1 X111.744 Y121.317
M204 S5000
M205 X30 Y30
G0 F5400 X110.709 Y121.787
M204 S500
M205 X20 Y20
G1 F1800 X108.065 Y124.431 E74.98069
M204 S5000
M205 X30 Y30
G0 F5400 X107.499 Y124.431
M204 S500
M205 X20 Y20
G1 F1800 X110.006 Y121.925 E75.09858
M204 S5000
M205 X30 Y30
G0 F5400 X109.4 Y121.964
M204 S500
M205 X20 Y20
G1 F1800 X106.933 Y124.431 E75.21462
M204 S5000
M205 X30 Y30
G0 F5400 X106.367 Y124.431
M204 S500
M205 X20 Y20
G1 F1800 X108.885 Y121.913 E75.33306
M204 S5000
M205 X30 Y30
G0 F5400 X108.411 Y121.822
M204 S500
M205 X20 Y20
G1 F1800 X105.802 Y124.431 E75.45578
M204 S5000
M205 X30 Y30
G0 F5400 X105.236 Y124.431
M204 S500
M205 X20 Y20
G1 F1800 X107.975 Y121.692 E75.58462
M204 S5000
M205 X30 Y30
G0 F5400 X107.579 Y121.523
M204 S500
M205 X20 Y20
G1 F1800 X104.67 Y124.431 E75.72142
M204 S5000
M205 X30 Y30
G0 F5400 X104.105 Y124.431
M204 S500
M205 X20 Y20
G1 F1800 X107.21 Y121.326 E75.86747
M204 S5000
M205 X30 Y30
G0 F5400 X106.869 Y121.101
M204 S500
M205 X20 Y20
G1 F1800 X103.984 Y123.986 E76.00317
M204 S5000
M205 X30 Y30
G0 F5400 X103.984 Y123.421
M204 S500
M205 X20 Y20
G1 F1800 X106.558 Y120.846 E76.12427
M204 S5000
M205 X30 Y30
G0 F5400 X106.263 Y120.576
M204 S500
M205 X20 Y20
G1 F1800 X103.984 Y122.855 E76.23147
M204 S5000
M205 X30 Y30
G0 F5400 X103.984 Y122.289
M204 S500
M205 X20 Y20
G1 F1800 X106.008 Y120.266 E76.32665
M204 S5000
M205 X30 Y30
G0 F5400 X105.758 Y119.95
M204 S500
M205 X20 Y20
G1 F1800 X103.984 Y121.724 E76.41009
M204 S5000
M205 X30 Y30
G0 F5400 X103.984 Y121.158
M204 S500
M205 X20 Y20
G1 F1800 X105.561 Y119.581 E76.48427
M204 S5000
M205 X30 Y30
G0 F5400 X105.363 Y119.213
M204 S500
M205 X20 Y20
G1 F1800 X103.984 Y120.592 E76.54913
M204 S5000
M205 X30 Y30
G0 F5400 X103.984 Y120.027
M204 S500
M205 X20 Y20
G1 F1800 X105.233 Y118.778 E76.60788
M204 S5000
M205 X30 Y30
G0 F5400 X105.107 Y118.337
M204 S500
M205 X20 Y20
G1 F1800 X103.984 Y119.461 E76.66073
M204 S5000
M205 X30 Y30
G0 F5400 X103.984 Y118.895
M204 S500
M205 X20 Y20
G1 F1800 X105.055 Y117.824 E76.7111
M204 S5000
M205 X30 Y30
G0 F5400 X105.046 Y117.268
M204 S500
M205 X20 Y20
G1 F1800 X103.984 Y118.33 E76.76106
M204 S5000
M205 X30 Y30
G0 F5400 X103.984 Y117.764
M204 S500
M205 X20 Y20
G1 F1800 X105.109 Y116.639 E76.81397
G1 X105.179 Y116.569
M204 S5000
M205 X30 Y30
G0 F5400 X105.35 Y115.832
M204 S500
M205 X20 Y20
G1 F1800 X103.984 Y117.198 E76.87823
M204 S5000
M205 X30 Y30
G0 F5400 X103.984 Y116.633
M204 S500
M205 X20 Y20
G1 F1800 X110.049 Y110.567 E77.16353
M204 S5000
M205 X30 Y30
G0 F5400 X110.615 Y110.567
M204 S500
M205 X20 Y20
G1 F1800 X107.833 Y113.349 E77.29439
G1 X107.763 Y113.419
M204 S5000
M205 X30 Y30
G0 F5400 X108.639 Y113.109
M204 S500
M205 X20 Y20
G1 F1800 X111.181 Y110.567 E77.41395
M204 S5000
M205 X30 Y30
G0 F5400 X111.746 Y110.567
M204 S500
M205 X20 Y20
G1 F1800 X109.267 Y113.046 E77.53056
M204 S5000
M205 X30 Y30
G0 F5400 X109.823 Y113.056
M204 S500
M205 X20 Y20
G1 F1800 X112.312 Y110.567 E77.64763
M204 S5000
M205 X30 Y30
G0 F5400 X112.878 Y110.567
M204 S500
M205 X20 Y20
G1 F1800 X110.337 Y113.108 E77.76715
M204 S5000
M205 X30 Y30
G0 F5400 X110.778 Y113.233
M204 S500
M205 X20 Y20
G1 F1800 X113.443 Y110.567 E77.89253
M204 S5000
M205 X30 Y30
G0 F5400 X114.009 Y110.567
M204 S500
M205 X20 Y20
G1 F1800 X111.213 Y113.364 E78.02407
M204 S5000
M205 X30 Y30
G0 F5400 X111.581 Y113.561
M204 S500
M205 X20 Y20
G1 F1800 X114.575 Y110.567 E78.1649
M204 S5000
M205 X30 Y30
G0 F5400 X115.141 Y110.567
M204 S500
M205 X20 Y20
G1 F1800 X111.949 Y113.758 E78.31502
M204 S5000
M205 X30 Y30
G0 F5400 X112.266 Y114.007
M204 S500
M205 X20 Y20
G1 F1800 X115.706 Y110.567 E78.47682
M204 S5000
M205 X30 Y30
G0 F5400 X116.272 Y110.567
M204 S500
M205 X20 Y20
G1 F1800 X112.576 Y114.263 E78.65067
M204 S5000
M205 X30 Y30
G0 F5400 X112.847 Y114.557
M204 S500
M205 X20 Y20
G1 F1800 X116.838 Y110.567 E78.83837
M204 S5000
M205 X30 Y30
G0 F5400 X117.403 Y110.567
M204 S500
M205 X20 Y20
G1 F1800 X113.103 Y114.867 E79.04063
M204 S5000
M205 X30 Y30
G0 F5400 X113.327 Y115.209
M204 S500
M205 X20 Y20
G1 F1800 X117.969 Y110.567 E79.25898
M204 S5000
M205 X30 Y30
G0 F5400 X118.535 Y110.567
M204 S500
M205 X20 Y20
G1 F1800 X113.524 Y115.578 E79.49468
M204 S5000
M205 X30 Y30
G0 F5400 X113.693 Y115.974
M204 S500
M205 X20 Y20
G1 F1800 X119.1 Y110.567 E79.74901
M204 S5000
M205 X30 Y30
G0 F5400 X119.666 Y110.567
M204 S500
M205 X20 Y20
G1 F1800 X113.824 Y116.409 E80.0238
M204 S5000
M205 X30 Y30
G0 F5400 X113.914 Y116.884
M204 S500
M205 X20 Y20
G1 F1800 X120.232 Y110.567 E80.32095
M204 S5000
M205 X30 Y30
G0 F5400 X120.797 Y110.567
M204 S500
M205 X20 Y20
G1 F1800 X113.966 Y117.398 E80.64226
M204 S5000
M205 X30 Y30
G0 F5400 X113.926 Y118.004
M204 S500
M205 X20 Y20
G1 F1800 X121.363 Y110.567 E80.99208
M204 S5000
M205 X30 Y30
G0 F5400 X121.929 Y110.567
M204 S500
M205 X20 Y20
G1 F1800 X113.788 Y118.708 E81.375
G1 X113.718 Y118.778
M204 S5000
M205 X30 Y30
G0 F5400 X113.39 Y119.672
M204 S500
M205 X20 Y20
G1 F1800 X122.494 Y110.567 E81.80325
G1 X122.564 Y110.497
M204 S5000
M205 X30 Y30
G0 F5400 X123.509 Y113.512
M204 S500
M205 X20 Y20
G1 F1800 X126.454 Y110.567 E81.94178
M204 S5000
M205 X30 Y30
G0 F5400 X127.02 Y110.567
M204 S500
M205 X20 Y20
G1 F1800 X124.411 Y113.175 E82.06447
M204 S5000
M205 X30 Y30
G0 F5400 X125.088 Y113.064
M204 S500
M205 X20 Y20
G1 F1800 X127.586 Y110.567 E82.18195
M204 S5000
M205 X30 Y30
G0 F5400 X128.151 Y110.567
M204 S500
M205 X20 Y20
G1 F1800 X125.676 Y113.042 E82.29836
M204 S5000
M205 X30 Y30
G0 F5400 X126.191 Y113.093
M204 S500
M205 X20 Y20
G1 F1800 X128.717 Y110.567 E82.41718
M204 S5000
M205 X30 Y30
G0 F5400 X129.283 Y110.567
M204 S500
M205 X20 Y20
G1 F1800 X126.654 Y113.196 E82.54084
M204 S5000
M205 X30 Y30
G0 F5400 X127.089 Y113.327
M204 S500
M205 X20 Y20
G1 F1800 X129.848 Y110.567 E82.67064
M204 S5000
M205 X30 Y30
G0 F5400 X130.414 Y110.567
M204 S500
M205 X20 Y20
G1 F1800 X127.475 Y113.506 E82.80888
M204 S5000
M205 X30 Y30
G0 F5400 X127.844 Y113.703
M204 S500
M205 X20 Y20
G1 F1800 X130.98 Y110.567 E82.95639
M204 S5000
M205 X30 Y30
G0 F5400 X131.014 Y111.098
M204 S500
M205 X20 Y20
G1 F1800 X128.177 Y113.936 E83.08985
M204 S5000
M205 X30 Y30
G0 F5400 X128.487 Y114.191
M204 S500
M205 X20 Y20
G1 F1800 X131.014 Y111.664 E83.20872
M204 S5000
M205 X30 Y30
G0 F5400 X131.014 Y112.229
M204 S500
M205 X20 Y20
G1 F1800 X128.774 Y114.469 E83.31408
M204 S5000
M205 X30 Y30
G0 F5400 X129.03 Y114.78
M204 S500
M205 X20 Y20
G1 F1800 X131.014 Y112.795 E83.40742
M204 S5000
M205 X30 Y30
G0 F5400 X131.014 Y113.361
M204 S500
M205 X20 Y20
G1 F1800 X129.27 Y115.105 E83.48946
M204 S5000
M205 X30 Y30
G0 F5400 X129.467 Y115.474
M204 S500
M205 X20 Y20
G1 F1800 X131.014 Y113.926 E83.56225
M204 S5000
M205 X30 Y30
G0 F5400 X131.014 Y114.492
M204 S500
M205 X20 Y20
G1 F1800 X129.655 Y115.852 E83.62619
M204 S5000
M205 X30 Y30
G0 F5400 X129.786 Y116.286
M204 S500
M205 X20 Y20
G1 F1800 X131.014 Y115.058 E83.68395
M204 S5000
M205 X30 Y30
G0 F5400 X131.014 Y115.623
M204 S500
M205 X20 Y20
G1 F1800 X129.899 Y116.739 E83.73642
M204 S5000
M205 X30 Y30
G0 F5400 X129.951 Y117.253
M204 S500
M205 X20 Y20
G1 F1800 X131.014 Y116.189 E83.78645
M204 S5000
M205 X30 Y30
G0 F5400 X131.014 Y116.755
M204 S500
M205 X20 Y20
G1 F1800 X129.942 Y117.827 E83.83687
M204 S5000
M205 X30 Y30
G0 F5400 X129.856 Y118.479
M204 S500
M205 X20 Y20
G1 F1800 X131.014 Y117.321 E83.89134
M204 S5000
M205 X30 Y30
G0 F5400 X131.014 Y117.886
M204 S500
M205 X20 Y20
G1 F1800 X129.574 Y119.327 E83.9591
G1 X129.504 Y119.397
M204 S5000
M205 X30 Y30
G0 F5400 X127.691 Y120.778
G0 X127.009 Y121.142
G0 X126.268 Y121.367
G0 X125.5 Y121.443
G0 X124.732 Y121.367
G0 X123.991 Y121.142
G0 X123.44 Y120.848
G0 X109.484 Y110.567
M204 S500
M205 X20 Y20
G1 F1800 X103.984 Y116.067 E84.2178
M204 S5000
M205 X30 Y30
G0 F5400 X103.984 Y115.501
M204 S500
M205 X20 Y20
G1 F1800 X108.918 Y110.567 E84.44988
M204 S5000
M205 X30 Y30
G0 F5400 X108.352 Y110.567
M204 S500
M205 X20 Y20
G1 F1800 X103.984 Y114.935 E84.65534
M204 S5000
M205 X30 Y30
G0 F5400 X103.984 Y114.37
M204 S500
M205 X20 Y20
G1 F1800 X107.787 Y110.567 E84.83422
M204 S5000
M205 X30 Y30
G0 F5400 X107.221 Y110.567
M204 S500
M205 X20 Y20
G1 F1800 X103.984 Y113.804 E84.98648
M204 S5000
M205 X30 Y30
G0 F5400 X103.984 Y113.238
M204 S500
M205 X20 Y20
G1 F1800 X106.655 Y110.567 E85.11211
M204 S5000
M205 X30 Y30
G0 F5400 X106.09 Y110.567
M204 S500
M205 X20 Y20
G1 F1800 X103.984 Y112.673 E85.21117
M204 S5000
M205 X30 Y30
G0 F5400 X103.984 Y112.107
M204 S500
M205 X20 Y20
G1 F1800 X105.524 Y110.567 E85.28361
M204 S5000
M205 X30 Y30
G0 F5400 X104.958 Y110.567
M204 S500
M205 X20 Y20
G1 F1800 X103.984 Y111.541 E85.32942
M204 S5000
M205 X30 Y30
G0 F5400 X103.984 Y110.976
M204 S500
M205 X20 Y20
G1 F1800 X104.393 Y110.567 E85.34866
M204 S5000
M205 X30 Y30
;MESH:NONMESH
G0 F5400 X107.276 Y114.172
G0 X107.331 Y114.255
;TIME_ELAPSED:106.420836
;LAYER:2
;MESH:listwa_mocujaca.stl
G0 F7200 X107.331 Y114.255 Z0.6
M204 S500
M205 X20 Y20
;TYPE:WALL-INNER
G1 F3600 X106.741 Y114.741 E85.37408
G1 X106.255 Y115.331 E85.39951
G1 X105.894 Y116.006 E85.42497
G1 X105.672 Y116.739 E85.45044
G1 X105.597 Y117.5 E85.47587
G1 X105.672 Y118.261 E85.50131
G1 X105.894 Y118.994 E85.52678
G1 X106.255 Y119.669 E85.55224
G1 X106.741 Y120.259 E85.57767
G1 X107.331 Y120.745 E85.60309
G1 X108.006 Y121.106 E85.62855
G1 X108.739 Y121.328 E85.65402
G1 X109.5 Y121.403 E85.67946
G1 X110.261 Y121.328 E85.70489
G1 X110.994 Y121.106 E85.73036
G1 X111.669 Y120.745 E85.75582
G1 X112.259 Y120.259 E85.78125
G1 X112.745 Y119.669 E85.80667
G1 X113.106 Y118.994 E85.83213
G1 X113.328 Y118.261 E85.8576
G1 X113.403 Y117.5 E85.88304
G1 X113.328 Y116.739 E85.90847
G1 X113.106 Y116.006 E85.93394
G1 X112.745 Y115.331 E85.9594
G1 X112.259 Y114.741 E85.98483
G1 X111.669 Y114.255 E86.01025
G1 X110.994 Y113.894 E86.03571
G1 X110.261 Y113.672 E86.06118
G1 X109.5 Y113.597 E86.08662
G1 X108.739 Y113.672 E86.11205
G1 X108.006 Y113.894 E86.13752
G1 X107.331 Y114.255 E86.16298
M204 S5000
M205 X30 Y30
G0 F7200 X107.276 Y114.172
G0 X107.991 Y113.858
G0 X108.732 Y113.633
G0 X109.353 Y113.572
G0 X123.276 Y114.172
G0 X123.331 Y114.255
M204 S500
M205 X20 Y20
G1 F3600 X122.741 Y114.741 E86.18841
G1 X122.255 Y115.331 E86.21383
G1 X121.894 Y116.006 E86.23929
G1 X121.672 Y116.739 E86.26476
G1 X121.597 Y117.5 E86.2902
G1 X121.672 Y118.261 E86.31563
G1 X121.894 Y118.994 E86.3411
G1 X122.255 Y119.669 E86.36656
G1 X122.741 Y120.259 E86.39199
G1 X123.331 Y120.745 E86.41741
G1 X124.006 Y121.106 E86.44287
G1 X124.739 Y121.328 E86.46834
G1 X125.5 Y121.403 E86.49378
G1 X126.261 Y121.328 E86.51921
G1 X126.994 Y121.106 E86.54469
G1 X127.669 Y120.745 E86.57014
G1 X128.259 Y120.259 E86.59557
G1 X128.745 Y119.669 E86.62099
G1 X129.106 Y118.994 E86.64645
G1 X129.328 Y118.261 E86.67193
G1 X129.403 Y117.5 E86.69736
G1 X129.328 Y116.739 E86.72279
G1 X129.106 Y116.006 E86.74827
G1 X128.745 Y115.331 E86.77373
G1 X128.259 Y114.741 E86.79915
G1 X127.669 Y114.255 E86.82457
G1 X126.994 Y113.894 E86.85003
G1 X126.261 Y113.672 E86.87551
G1 X125.5 Y113.597 E86.90094
G1 X124.739 Y113.672 E86.92637
G1 X124.006 Y113.894 E86.95185
G1 X123.331 Y114.255 E86.97731
M204 S5000
M205 X30 Y30
G0 F7200 X123.276 Y114.172
G0 X123.991 Y113.858
G0 X124.732 Y113.633
G0 X125.5 Y113.557
G0 X126.268 Y113.633
G0 X127.009 Y113.858
G0 X127.691 Y114.222
G0 X128.287 Y114.713
G0 X128.778 Y115.309
G0 X129.142 Y115.991
G0 X131.516 Y124.932
G0 X131.586 Y125.002
M204 S500
M205 X20 Y20
G1 F3600 X103.414 Y125.002 E87.91431
G1 X103.414 Y109.998 E88.41335
G1 X131.586 Y109.998 E89.35035
G1 X131.586 Y125.002 E89.84939
M204 S5000
M205 X30 Y30
G0 F7200 X131.516 Y124.932
G0 X129.142 Y115.991
G0 X128.778 Y115.309
G0 X128.287 Y114.713
G0 X127.691 Y114.222
G0 X127.009 Y113.858
G0 X126.268 Y113.633
G0 X125.5 Y113.557
G0 X125.066 Y113.599
G0 X123.925 Y113.824
G0 X124.16 Y114.265
M204 S500
M205 X20 Y20
;TYPE:WALL-OUTER
G1 F1800 X123.555 Y114.589 E89.87221
G1 X123.025 Y115.025 E89.89504
G1 X122.589 Y115.555 E89.91786
G1 X122.265 Y116.16 E89.94069
G1 X122.066 Y116.817 E89.96352
G1 X121.999 Y117.5 E89.98635
G1 X122.066 Y118.183 E90.00917
G1 X122.265 Y118.84 E90.03201
G1 X122.589 Y119.445 E90.05483
G1 X123.025 Y119.975 E90.07766
G1 X123.555 Y120.411 E90.10048
G1 X124.16 Y120.735 E90.12331
G1 X124.817 Y120.934 E90.14614
G1 X125.5 Y121.001 E90.16897
G1 X126.183 Y120.934 E90.19179
G1 X126.84 Y120.735 E90.21463
G1 X127.445 Y120.411 E90.23745
G1 X127.975 Y119.975 E90.26028
G1 X128.411 Y119.445 E90.28311
G1 X128.735 Y118.84 E90.30593
G1 X128.934 Y118.183 E90.32876
G1 X129.001 Y117.5 E90.35159
G1 X128.934 Y116.817 E90.37442
G1 X128.735 Y116.16 E90.39725
G1 X128.411 Y115.555 E90.42007
G1 X127.975 Y115.025 E90.4429
G1 X127.445 Y114.589 E90.46573
G1 X126.84 Y114.265 E90.48855
G1 X126.183 Y114.066 E90.51139
G1 X125.5 Y113.999 E90.53421
G1 X124.817 Y114.066 E90.55704
G1 X124.16 Y114.265 E90.57987
M204 S5000
M205 X30 Y30
G0 F7200 X123.984 Y114.359
G0 X123.749 Y113.918
G0 X131.516 Y110.068
G0 X131.873 Y109.667
M204 S500
M205 X20 Y20
G1 F1800 X131.986 Y109.825 E90.58633
G1 X131.986 Y125.175 E91.09687
G1 X131.873 Y125.333 E91.10333
G1 X131.682 Y125.402 E91.11009
G1 X103.318 Y125.402 E92.05348
G1 X103.127 Y125.333 E92.06023
G1 X103.014 Y125.175 E92.06669
G1 X103.014 Y109.825 E92.57724
G1 X103.127 Y109.667 E92.5837
G1 X103.318 Y109.598 E92.59045
G1 X131.682 Y109.598 E93.53384
G1 X131.873 Y109.667 E93.5406
M204 S5000
M205 X30 Y30
G0 F7200 X131.986 Y109.825
G0 X131.986 Y109.831
G0 X131.516 Y110.068
G0 X108.732 Y113.633
G0 X107.925 Y113.824
G0 X108.16 Y114.265
M204 S500
M205 X20 Y20
G1 F1800 X107.555 Y114.589 E93.56342
G1 X107.025 Y115.025 E93.58625
G1 X106.589 Y115.555 E93.60908
G1 X106.265 Y116.16 E93.6319
G1 X106.066 Y116.817 E93.65473
G1 X105.999 Y117.5 E93.67756
G1 X106.066 Y118.183 E93.70039
G1 X106.265 Y118.84 E93.72322
G1 X106.589 Y119.445 E93.74604
G1 X107.025 Y119.975 E93.76887
G1 X107.555 Y120.411 E93.7917
G1 X108.16 Y120.735 E93.81452
G1 X108.817 Y120.934 E93.83736
G1 X109.5 Y121.001 E93.86018
G1 X110.183 Y120.934 E93.88301
G1 X110.84 Y120.735 E93.90584
G1 X111.445 Y120.411 E93.92867
G1 X111.975 Y119.975 E93.95149
G1 X112.411 Y119.445 E93.97432
G1 X112.735 Y118.84 E93.99714
G1 X112.934 Y118.183 E94.01998
G1 X113.001 Y117.5 E94.0428
G1 X112.934 Y116.817 E94.06563
G1 X112.735 Y116.16 E94.08846
G1 X112.411 Y115.555 E94.11129
G1 X111.975 Y115.025 E94.13411
G1 X111.445 Y114.589 E94.15694
G1 X110.84 Y114.265 E94.17976
G1 X110.183 Y114.066 E94.2026
G1 X109.5 Y113.999 E94.22542
G1 X108.817 Y114.066 E94.24825
G1 X108.16 Y114.265 E94.27108
M204 S5000
M205 X30 Y30
G0 F7200 X107.984 Y114.359
G0 X107.749 Y113.918
G0 X107.856 Y113.532
M204 S500
M205 X20 Y20
;TYPE:SKIN
G1 F1800 X107.113 Y113.929 E94.2991
G1 X106.464 Y114.464 E94.32707
G1 X105.929 Y115.113 E94.35505
G1 X105.532 Y115.856 E94.38307
G1 X105.288 Y116.663 E94.41111
G1 X105.205 Y117.5 E94.43908
G1 X105.288 Y118.337 E94.46706
G1 X105.532 Y119.144 E94.4951
G1 X105.929 Y119.887 E94.52312
G1 X106.464 Y120.536 E94.55109
G1 X107.113 Y121.071 E94.57907
G1 X107.856 Y121.468 E94.60709
G1 X108.663 Y121.712 E94.63513
G1 X109.5 Y121.795 E94.6631
G1 X110.337 Y121.712 E94.69108
G1 X111.144 Y121.468 E94.71912
G1 X111.887 Y121.071 E94.74714
G1 X112.536 Y120.536 E94.77511
G1 X113.071 Y119.887 E94.80309
G1 X113.468 Y119.144 E94.83111
G1 X113.712 Y118.337 E94.85915
G1 X113.795 Y117.5 E94.88712
G1 X113.712 Y116.663 E94.9151
G1 X113.468 Y115.856 E94.94314
G1 X113.071 Y115.113 E94.97116
G1 X112.536 Y114.464 E94.99913
G1 X111.887 Y113.929 E95.02711
G1 X111.144 Y113.532 E95.05513
G1 X110.337 Y113.288 E95.08317
G1 X109.5 Y113.205 E95.11114
G1 X108.663 Y113.288 E95.13912
G1 X107.856 Y113.532 E95.16716
M204 S5000
M205 X30 Y30
G0 F7200 X103.804 Y110.388
M204 S500
M205 X20 Y20
G1 F1800 X131.196 Y110.388 E96.07822
G1 X131.196 Y124.612 E96.55131
G1 X103.804 Y124.612 E97.46237
G1 X103.804 Y110.388 E97.93547
M204 S5000
M205 X30 Y30
G0 F7200 X121.288 Y116.663
M204 S500
M205 X20 Y20
G1 F1800 X121.205 Y117.5 E97.96344
G1 X121.288 Y118.337 E97.99142
G1 X121.532 Y119.144 E98.01946
G1 X121.929 Y119.887 E98.04748
G1 X122.464 Y120.536 E98.07545
G1 X123.113 Y121.071 E98.10342
G1 X123.856 Y121.468 E98.13144
G1 X124.663 Y121.712 E98.15948
G1 X125.5 Y121.795 E98.18746
G1 X126.337 Y121.712 E98.21544
G1 X127.144 Y121.468 E98.24348
G1 X127.887 Y121.071 E98.27149
G1 X128.536 Y120.536 E98.29947
G1 X129.071 Y119.887 E98.32744
G1 X129.468 Y119.144 E98.35546
G1 X129.712 Y118.337 E98.3835
G1 X129.795 Y117.5 E98.41148
G1 X129.712 Y116.663 E98.43945
G1 X129.468 Y115.856 E98.4675
G1 X129.071 Y115.113 E98.49551
G1 X128.536 Y114.464 E98.52349
G1 X127.887 Y113.929 E98.55146
G1 X127.144 Y113.532 E98.57948
G1 X126.337 Y113.288 E98.60752
G1 X125.5 Y113.205 E98.6355
G1 X124.663 Y113.288 E98.66347
G1 X123.856 Y113.532 E98.69151
G1 X123.113 Y113.929 E98.71953
G1 X122.464 Y114.464 E98.74751
G1 X121.929 Y115.113 E98.77548
G1 X121.532 Y115.856 E98.8035
G1 X121.288 Y116.663 E98.83154
M204 S5000
M205 X30 Y30
G0 F7200 X122.222 Y115.309
G0 X122.713 Y114.713
G0 X123.309 Y114.222
G0 X123.501 Y114.12
G0 X131.015 Y110.65
M204 S500
M205 X20 Y20
G1 F1800 X130.932 Y110.568 E98.83542
M204 S5000
M205 X30 Y30
G0 F7200 X130.367 Y110.568
M204 S500
M205 X20 Y20
G1 F1800 X131.015 Y111.216 E98.8659
M204 S5000
M205 X30 Y30
G0 F7200 X131.015 Y111.782
M204 S500
M205 X20 Y20
G1 F1800 X129.801 Y110.568 E98.92301
M204 S5000
M205 X30 Y30
G0 F7200 X129.235 Y110.568
M204 S500
M205 X20 Y20
G1 F1800 X131.015 Y112.347 E99.00671
M204 S5000
M205 X30 Y30
G0 F7200 X131.015 Y112.913
M204 S500
M205 X20 Y20
G1 F1800 X128.67 Y110.568 E99.11701
M204 S5000
M205 X30 Y30
G0 F7200 X128.104 Y110.568
M204 S500
M205 X20 Y20
G1 F1800 X131.015 Y113.479 E99.25393
M204 S5000
M205 X30 Y30
G0 F7200 X131.015 Y114.045
M204 S500
M205 X20 Y20
G1 F1800 X127.538 Y110.568 E99.41748
M204 S5000
M205 X30 Y30
G0 F7200 X126.973 Y110.568
M204 S500
M205 X20 Y20
G1 F1800 X131.015 Y114.61 E99.6076
M204 S5000
M205 X30 Y30
G0 F7200 X131.015 Y115.176
M204 S500
M205 X20 Y20
G1 F1800 X126.407 Y110.568 E99.82435
M204 S5000
M205 X30 Y30
G0 F7200 X125.841 Y110.568
M204 S500
M205 X20 Y20
G1 F1800 X131.015 Y115.742 E100.06772
M204 S5000
M205 X30 Y30
G0 F7200 X131.015 Y116.307
M204 S500
M205 X20 Y20
G1 F1800 X125.275 Y110.568 E100.33769
M204 S5000
M205 X30 Y30
G0 F7200 X124.71 Y110.568
M204 S500
M205 X20 Y20
G1 F1800 X127.845 Y113.703 E100.48515
G1 X127.915 Y113.773
M204 S5000
M205 X30 Y30
G0 F7200 X126.822 Y113.245
M204 S500
M205 X20 Y20
G1 F1800 X124.144 Y110.568 E100.61109
M204 S5000
M205 X30 Y30
G0 F7200 X123.578 Y110.568
M204 S500
M205 X20 Y20
G1 F1800 X126.093 Y113.082 E100.72937
M204 S5000
M205 X30 Y30
G0 F7200 X125.471 Y113.026
M204 S500
M205 X20 Y20
G1 F1800 X123.013 Y110.568 E100.84498
M204 S5000
M205 X30 Y30
G0 F7200 X122.447 Y110.568
M204 S500
M205 X20 Y20
G1 F1800 X124.957 Y113.077 E100.96302
M204 S5000
M205 X30 Y30
G0 F7200 X124.471 Y113.157
M204 S500
M205 X20 Y20
G1 F1800 X121.881 Y110.568 E101.08482
M204 S5000
M205 X30 Y30
G0 F7200 X121.316 Y110.568
M204 S500
M205 X20 Y20
G1 F1800 X124.036 Y113.288 E101.21276
M204 S5000
M205 X30 Y30
G0 F7200 X123.629 Y113.447
M204 S500
M205 X20 Y20
G1 F1800 X120.75 Y110.568 E101.34818
M204 S5000
M205 X30 Y30
G0 F7200 X120.184 Y110.568
M204 S500
M205 X20 Y20
G1 F1800 X123.261 Y113.644 E101.49289
M204 S5000
M205 X30 Y30
G0 F7200 X122.91 Y113.859
M204 S500
M205 X20 Y20
G1 F1800 X119.619 Y110.568 E101.64769
M204 S5000
M205 X30 Y30
G0 F7200 X119.053 Y110.568
M204 S500
M205 X20 Y20
G1 F1800 X122.601 Y114.115 E101.81455
M204 S5000
M205 X30 Y30
G0 F7200 X122.299 Y114.38
M204 S500
M205 X20 Y20
G1 F1800 X118.487 Y110.568 E101.99386
M204 S5000
M205 X30 Y30
G0 F7200 X117.922 Y110.568
M204 S500
M205 X20 Y20
G1 F1800 X122.043 Y114.689 E102.1877
M204 S5000
M205 X30 Y30
G0 F7200 X121.787 Y114.999
M204 S500
M205 X20 Y20
G1 F1800 X117.356 Y110.568 E102.39612
M204 S5000
M205 X30 Y30
G0 F7200 X116.79 Y110.568
M204 S500
M205 X20 Y20
G1 F1800 X121.589 Y115.366 E102.62183
M204 S5000
M205 X30 Y30
G0 F7200 X121.391 Y115.734
M204 S500
M205 X20 Y20
G1 F1800 X116.225 Y110.568 E102.86482
M204 S5000
M205 X30 Y30
G0 F7200 X115.659 Y110.568
M204 S500
M205 X20 Y20
G1 F1800 X121.251 Y116.159 E103.12783
M204 S5000
M205 X30 Y30
G0 F7200 X121.12 Y116.594
M204 S500
M205 X20 Y20
G1 F1800 X115.093 Y110.568 E103.41129
M204 S5000
M205 X30 Y30
G0 F7200 X114.527 Y110.568
M204 S500
M205 X20 Y20
G1 F1800 X121.063 Y117.103 E103.7187
M204 S5000
M205 X30 Y30
G0 F7200 X121.037 Y117.643
M204 S500
M205 X20 Y20
G1 F1800 X113.962 Y110.568 E104.05149
M204 S5000
M205 X30 Y30
G0 F7200 X113.396 Y110.568
M204 S500
M205 X20 Y20
G1 F1800 X121.1 Y118.272 E104.41386
G1 X121.17 Y118.342
M204 S5000
M205 X30 Y30
G0 F7200 X121.315 Y119.052
M204 S500
M205 X20 Y20
G1 F1800 X112.83 Y110.568 E104.81295
M204 S5000
M205 X30 Y30
G0 F7200 X112.265 Y110.568
M204 S500
M205 X20 Y20
G1 F1800 X122.214 Y120.517 E105.28092
M204 S5000
M205 X30 Y30
G0 F7200 X122.48 Y120.783
M204 S500
M205 X20 Y20
G1 F1800 X126.128 Y124.431 E105.45251
M204 S5000
M205 X30 Y30
G0 F7200 X126.694 Y124.431
M204 S500
M205 X20 Y20
G1 F1800 X123.947 Y121.684 E105.58172
G1 X123.877 Y121.614
M204 S5000
M205 X30 Y30
G0 F7200 X124.727 Y121.899
M204 S500
M205 X20 Y20
G1 F1800 X127.26 Y124.431 E105.70084
M204 S5000
M205 X30 Y30
G0 F7200 X127.825 Y124.431
M204 S500
M205 X20 Y20
G1 F1800 X125.355 Y121.961 E105.81702
M204 S5000
M205 X30 Y30
G0 F7200 X125.896 Y121.937
M204 S500
M205 X20 Y20
G1 F1800 X128.391 Y124.431 E105.93435
M204 S5000
M205 X30 Y30
G0 F7200 X128.957 Y124.431
M204 S500
M205 X20 Y20
G1 F1800 X126.405 Y121.879 E106.05439
M204 S5000
M205 X30 Y30
G0 F7200 X126.84 Y121.748
M204 S500
M205 X20 Y20
G1 F1800 X129.522 Y124.431 E106.18057
M204 S5000
M205 X30 Y30
G0 F7200 X130.088 Y124.431
M204 S500
M205 X20 Y20
G1 F1800 X127.265 Y121.608 E106.31335
M204 S5000
M205 X30 Y30
G0 F7200 X127.633 Y121.41
M204 S500
M205 X20 Y20
G1 F1800 X130.654 Y124.431 E106.45545
M204 S5000
M205 X30 Y30
G0 F7200 X131.015 Y124.227
M204 S500
M205 X20 Y20
G1 F1800 X128 Y121.212 E106.59727
M204 S5000
M205 X30 Y30
G0 F7200 X128.31 Y120.956
M204 S500
M205 X20 Y20
G1 F1800 X131.015 Y123.661 E106.7245
M204 S5000
M205 X30 Y30
G0 F7200 X131.015 Y123.095
M204 S500
M205 X20 Y20
G1 F1800 X128.619 Y120.7 E106.83718
M204 S5000
M205 X30 Y30
G0 F7200 X128.882 Y120.397
M204 S500
M205 X20 Y20
G1 F1800 X131.015 Y122.53 E106.93751
M204 S5000
M205 X30 Y30
G0 F7200 X131.015 Y121.964
M204 S500
M205 X20 Y20
G1 F1800 X129.138 Y120.087 E107.0258
M204 S5000
M205 X30 Y30
G0 F7200 X129.354 Y119.737
M204 S500
M205 X20 Y20
G1 F1800 X131.015 Y121.398 E107.10393
M204 S5000
M205 X30 Y30
G0 F7200 X131.015 Y120.833
M204 S500
M205 X20 Y20
G1 F1800 X129.551 Y119.368 E107.17281
M204 S5000
M205 X30 Y30
G0 F7200 X129.71 Y118.962
M204 S500
M205 X20 Y20
G1 F1800 X131.015 Y120.267 E107.2342
M204 S5000
M205 X30 Y30
G0 F7200 X131.015 Y119.701
M204 S500
M205 X20 Y20
G1 F1800 X129.841 Y118.527 E107.28942
M204 S5000
M205 X30 Y30
G0 F7200 X129.92 Y118.041
M204 S500
M205 X20 Y20
G1 F1800 X131.015 Y119.136 E107.34092
M204 S5000
M205 X30 Y30
G0 F7200 X131.015 Y118.57
M204 S500
M205 X20 Y20
G1 F1800 X129.971 Y117.526 E107.39003
M204 S5000
M205 X30 Y30
G0 F7200 X129.916 Y116.905
M204 S500
M205 X20 Y20
G1 F1800 X131.015 Y118.004 E107.44172
M204 S5000
M205 X30 Y30
G0 F7200 X131.015 Y117.439
M204 S500
M205 X20 Y20
G1 F1800 X129.752 Y116.176 E107.50113
G1 X129.682 Y116.106
M204 S5000
M205 X30 Y30
G0 F7200 X129.295 Y115.153
M204 S500
M205 X20 Y20
G1 F1800 X131.015 Y116.873 E107.58203
G1 X131.085 Y116.943
M204 S5000
M205 X30 Y30
G0 F7200 X125.563 Y124.431
M204 S500
M205 X20 Y20
G1 F1800 X111.699 Y110.568 E108.23413
M204 S5000
M205 X30 Y30
G0 F7200 X111.133 Y110.568
M204 S500
M205 X20 Y20
G1 F1800 X124.997 Y124.431 E108.88623
M204 S5000
M205 X30 Y30
G0 F7200 X124.431 Y124.431
M204 S500
M205 X20 Y20
G1 F1800 X110.568 Y110.568 E109.5383
M204 S5000
M205 X30 Y30
G0 F7200 X110.002 Y110.568
M204 S500
M205 X20 Y20
G1 F1800 X123.866 Y124.431 E110.1904
M204 S5000
M205 X30 Y30
G0 F7200 X123.3 Y124.431
M204 S500
M205 X20 Y20
G1 F1800 X109.436 Y110.568 E110.84249
M204 S5000
M205 X30 Y30
G0 F7200 X108.871 Y110.568
M204 S500
M205 X20 Y20
G1 F1800 X112.516 Y114.213 E111.01394
M204 S5000
M205 X30 Y30
G0 F7200 X112.782 Y114.479
M204 S500
M205 X20 Y20
G1 F1800 X122.734 Y124.431 E111.48206
M204 S5000
M205 X30 Y30
G0 F7200 X122.168 Y124.431
M204 S500
M205 X20 Y20
G1 F1800 X113.684 Y115.947 E111.88112
G1 X113.614 Y115.877
M204 S5000
M205 X30 Y30
G0 F7200 X113.898 Y116.727
M204 S500
M205 X20 Y20
G1 F1800 X121.603 Y124.431 E112.24351
M204 S5000
M205 X30 Y30
G0 F7200 X121.037 Y124.431
M204 S500
M205 X20 Y20
G1 F1800 X113.961 Y117.355 E112.57635
M204 S5000
M205 X30 Y30
G0 F7200 X113.936 Y117.895
M204 S500
M205 X20 Y20
G1 F1800 X120.471 Y124.431 E112.88376
M204 S5000
M205 X30 Y30
G0 F7200 X119.906 Y124.431
M204 S500
M205 X20 Y20
G1 F1800 X113.879 Y118.405 E113.16722
M204 S5000
M205 X30 Y30
G0 F7200 X113.748 Y118.839
M204 S500
M205 X20 Y20
G1 F1800 X119.34 Y124.431 E113.43025
M204 S5000
M205 X30 Y30
G0 F7200 X118.774 Y124.431
M204 S500
M205 X20 Y20
G1 F1800 X113.607 Y119.264 E113.67329
M204 S5000
M205 X30 Y30
G0 F7200 X113.41 Y119.633
M204 S500
M205 X20 Y20
G1 F1800 X118.209 Y124.431 E113.899
M204 S5000
M205 X30 Y30
G0 F7200 X117.643 Y124.431
M204 S500
M205 X20 Y20
G1 F1800 X113.211 Y119.999 E114.10747
M204 S5000
M205 X30 Y30
G0 F7200 X112.955 Y120.309
M204 S500
M205 X20 Y20
G1 F1800 X117.077 Y124.43 E114.30133
M204 S5000
M205 X30 Y30
G0 F7200 X116.511 Y124.43
M204 S500
M205 X20 Y20
G1 F1800 X112.699 Y120.618 E114.48064
M204 S5000
M205 X30 Y30
G0 F7200 X112.398 Y120.883
M204 S500
M205 X20 Y20
G1 F1800 X115.945 Y124.43 E114.64748
M204 S5000
M205 X30 Y30
G0 F7200 X115.38 Y124.43
M204 S500
M205 X20 Y20
G1 F1800 X112.088 Y121.139 E114.8023
M204 S5000
M205 X30 Y30
G0 F7200 X111.737 Y121.354
M204 S500
M205 X20 Y20
G1 F1800 X114.814 Y124.43 E114.94701
M204 S5000
M205 X30 Y30
G0 F7200 X114.248 Y124.43
M204 S500
M205 X20 Y20
G1 F1800 X111.369 Y121.551 E115.08243
M204 S5000
M205 X30 Y30
G0 F7200 X110.962 Y121.71
M204 S500
M205 X20 Y20
G1 F1800 X113.682 Y124.43 E115.21037
M204 S5000
M205 X30 Y30
G0 F7200 X113.117 Y124.43
M204 S500
M205 X20 Y20
G1 F1800 X110.528 Y121.842 E115.33212
M204 S5000
M205 X30 Y30
G0 F7200 X110.042 Y121.922
M204 S500
M205 X20 Y20
G1 F1800 X112.551 Y124.43 E115.45011
M204 S5000
M205 X30 Y30
G0 F7200 X111.985 Y124.43
M204 S500
M205 X20 Y20
G1 F1800 X109.528 Y121.973 E115.56568
M204 S5000
M205 X30 Y30
G0 F7200 X108.905 Y121.916
M204 S500
M205 X20 Y20
G1 F1800 X111.42 Y124.43 E115.68396
M204 S5000
M205 X30 Y30
G0 F7200 X110.854 Y124.43
M204 S500
M205 X20 Y20
G1 F1800 X108.176 Y121.753 E115.8099
G1 X108.106 Y121.683
M204 S5000
M205 X30 Y30
G0 F7200 X107.153 Y121.295
M204 S500
M205 X20 Y20
G1 F1800 X110.288 Y124.43 E115.95736
M204 S5000
M205 X30 Y30
G0 F7200 X109.723 Y124.43
M204 S500
M205 X20 Y20
G1 F1800 X103.984 Y118.692 E116.22728
M204 S5000
M205 X30 Y30
G0 F7200 X103.984 Y119.257
M204 S500
M205 X20 Y20
G1 F1800 X109.157 Y124.43 E116.4706
M204 S5000
M205 X30 Y30
G0 F7200 X108.591 Y124.43
M204 S500
M205 X20 Y20
G1 F1800 X103.984 Y119.823 E116.6873
G1 X103.914 Y119.753
M204 S5000
M205 X30 Y30
G0 F7200 X103.984 Y118.126
M204 S500
M205 X20 Y20
G1 F1800 X105.703 Y119.845 E116.76816
G1 X105.773 Y119.915
M204 S5000
M205 X30 Y30
G0 F7200 X105.247 Y118.823
M204 S500
M205 X20 Y20
G1 F1800 X103.984 Y117.56 E116.82757
M204 S5000
M205 X30 Y30
G0 F7200 X103.984 Y116.995
M204 S500
M205 X20 Y20
G1 F1800 X105.083 Y118.094 E116.87926
M204 S5000
M205 X30 Y30
G0 F7200 X105.027 Y117.472
M204 S500
M205 X20 Y20
G1 F1800 X103.984 Y116.429 E116.92832
M204 S5000
M205 X30 Y30
G0 F7200 X103.984 Y115.863
M204 S500
M205 X20 Y20
G1 F1800 X105.078 Y116.957 E116.97978
M204 S5000
M205 X30 Y30
G0 F7200 X105.158 Y116.471
M204 S500
M205 X20 Y20
G1 F1800 X103.984 Y115.298 E117.03498
M204 S5000
M205 X30 Y30
G0 F7200 X103.984 Y114.732
M204 S500
M205 X20 Y20
G1 F1800 X105.289 Y116.037 E117.09636
M204 S5000
M205 X30 Y30
G0 F7200 X105.448 Y115.631
M204 S500
M205 X20 Y20
G1 F1800 X103.984 Y114.166 E117.16525
M204 S5000
M205 X30 Y30
G0 F7200 X103.984 Y113.6
M204 S500
M205 X20 Y20
G1 F1800 X105.645 Y115.262 E117.2434
M204 S5000
M205 X30 Y30
G0 F7200 X105.86 Y114.911
M204 S500
M205 X20 Y20
G1 F1800 X103.984 Y113.035 E117.33164
M204 S5000
M205 X30 Y30
G0 F7200 X103.984 Y112.469
M204 S500
M205 X20 Y20
G1 F1800 X106.116 Y114.602 E117.43195
M204 S5000
M205 X30 Y30
G0 F7200 X106.379 Y114.298
M204 S500
M205 X20 Y20
G1 F1800 X103.984 Y111.903 E117.5446
M204 S5000
M205 X30 Y30
G0 F7200 X103.984 Y111.338
M204 S500
M205 X20 Y20
G1 F1800 X106.689 Y114.043 E117.67183
M204 S5000
M205 X30 Y30
G0 F7200 X106.999 Y113.787
M204 S500
M205 X20 Y20
G1 F1800 X103.984 Y110.772 E117.81365
M204 S5000
M205 X30 Y30
G0 F7200 X104.345 Y110.568
M204 S500
M205 X20 Y20
G1 F1800 X107.366 Y113.588 E117.95572
M204 S5000
M205 X30 Y30
G0 F7200 X107.734 Y113.391
M204 S500
M205 X20 Y20
G1 F1800 X104.911 Y110.568 E118.08851
M204 S5000
M205 X30 Y30
G0 F7200 X105.476 Y110.568
M204 S500
M205 X20 Y20
G1 F1800 X108.159 Y113.25 E118.21469
M204 S5000
M205 X30 Y30
G0 F7200 X108.593 Y113.119
M204 S500
M205 X20 Y20
G1 F1800 X106.042 Y110.568 E118.33468
M204 S5000
M205 X30 Y30
G0 F7200 X106.608 Y110.568
M204 S500
M205 X20 Y20
G1 F1800 X109.102 Y113.062 E118.45199
M204 S5000
M205 X30 Y30
G0 F7200 X109.643 Y113.037
M204 S500
M205 X20 Y20
G1 F1800 X107.174 Y110.568 E118.56812
M204 S5000
M205 X30 Y30
G0 F7200 X107.739 Y110.568
M204 S500
M205 X20 Y20
G1 F1800 X110.271 Y113.1 E118.68722
G1 X110.341 Y113.17
M204 S5000
M205 X30 Y30
G0 F7200 X111.052 Y113.315
M204 S500
M205 X20 Y20
G1 F1800 X108.305 Y110.568 E118.81643
G1 X108.235 Y110.498
M204 S5000
M205 X30 Y30
G0 F7200 X103.984 Y120.389
M204 S500
M205 X20 Y20
G1 F1800 X108.026 Y124.43 E119.00653
M204 S5000
M205 X30 Y30
G0 F7200 X107.46 Y124.43
M204 S500
M205 X20 Y20
G1 F1800 X103.984 Y120.954 E119.17003
M204 S5000
M205 X30 Y30
G0 F7200 X103.984 Y121.52
M204 S500
M205 X20 Y20
G1 F1800 X106.894 Y124.43 E119.30691
M204 S5000
M205 X30 Y30
G0 F7200 X106.329 Y124.43
M204 S500
M205 X20 Y20
G1 F1800 X103.984 Y122.086 E119.41719
M204 S5000
M205 X30 Y30
G0 F7200 X103.984 Y122.651
M204 S500
M205 X20 Y20
G1 F1800 X105.763 Y124.43 E119.50086
M204 S5000
M205 X30 Y30
G0 F7200 X105.197 Y124.43
M204 S500
M205 X20 Y20
G1 F1800 X103.984 Y123.217 E119.55792
M204 S5000
M205 X30 Y30
G0 F7200 X103.984 Y123.783
M204 S500
M205 X20 Y20
G1 F1800 X104.632 Y124.43 E119.58838
M204 S5000
M205 X30 Y30
G0 F7200 X104.066 Y124.43
M204 S500
M205 X20 Y20
G1 F1800 X103.984 Y124.348 E119.59223
M204 S5000
M205 X30 Y30
;MESH:NONMESH
G0 F7200 X104.501 Y110.158
;TIME_ELAPSED:145.078946
;LAYER:3
;MESH:listwa_mocujaca.stl
G0 X104.501 Y110.158 Z0.8
M204 S500
M205 X20 Y20
;TYPE:FILL
G1 F3600 X108.053 Y113.71 E119.75931
G1 X108.123 Y113.78
M204 S5000
M205 X30 Y30
G0 F7200 X108.115 Y113.757
G0 X108.289 Y113.723
G0 X110.182 Y113.504
M204 S500
M205 X20 Y20
G1 F3600 X113.528 Y110.157 E119.91672
G1 X113.598 Y110.087
M204 S5000
M205 X30 Y30
G0 F7200 X113.598 Y110.098
G0 X115.814 Y110.158
M204 S500
M205 X20 Y20
G1 F3600 X121.71 Y116.053 E120.19402
G1 X121.78 Y116.123
M204 S5000
M205 X30 Y30
G0 F7200 X121.757 Y116.115
G0 X121.577 Y117.361
G0 X121.71 Y118.946
M204 S500
M205 X20 Y20
G1 F3600 X115.814 Y124.841 E120.47133
G1 X115.744 Y124.911
M204 S5000
M205 X30 Y30
G0 F7200 X115.744 Y124.902
G0 X113.527 Y124.841
M204 S500
M205 X20 Y20
G1 F3600 X110.182 Y121.495 E120.62869
G1 X110.112 Y121.425
M204 S5000
M205 X30 Y30
G0 F7200 X110.113 Y121.443
G0 X109.94 Y121.443
G0 X108.055 Y121.287
M204 S500
M205 X20 Y20
G1 F3600 X104.501 Y124.841 E120.79586
G1 X104.431 Y124.911
M204 S5000
M205 X30 Y30
G0 F7200 X104.431 Y124.902
G0 X107.87 Y124.841
M204 S500
M205 X20 Y20
G1 F3600 X103.574 Y120.544 E120.99796
M204 S5000
M205 X30 Y30
G0 F7200 X103.574 Y120.111
M204 S500
M205 X20 Y20
G1 F3600 X105.503 Y118.182 E121.08869
G1 X105.573 Y118.112
M204 S5000
M205 X30 Y30
G0 F7200 X105.557 Y118.113
G0 X105.503 Y116.817
M204 S500
M205 X20 Y20
G1 F3600 X103.574 Y114.887 E121.17945
M204 S5000
M205 X30 Y30
G0 F7200 X103.574 Y114.455
M204 S500
M205 X20 Y20
G1 F3600 X107.871 Y110.157 E121.38159
G1 X107.941 Y110.087
M204 S5000
M205 X30 Y30
G0 F7200 X107.941 Y110.098
G0 X110.158 Y110.158
M204 S500
M205 X20 Y20
G1 F3600 X124.841 Y124.841 E122.07223
G1 X124.911 Y124.911
M204 S5000
M205 X30 Y30
G0 F7200 X124.911 Y124.902
G0 X127.128 Y124.841
M204 S500
M205 X20 Y20
G1 F3600 X131.424 Y120.545 E122.2743
M204 S5000
M205 X30 Y30
G0 F7200 X131.424 Y120.111
M204 S500
M205 X20 Y20
G1 F3600 X129.495 Y118.181 E122.36506
G1 X129.425 Y118.111
M204 S5000
M205 X30 Y30
G0 F7200 X129.442 Y118.113
G0 X129.496 Y116.817
M204 S500
M205 X20 Y20
G1 F3600 X131.424 Y114.888 E122.45577
M204 S5000
M205 X30 Y30
G0 F7200 X131.424 Y114.454
M204 S500
M205 X20 Y20
G1 F3600 X127.128 Y110.158 E122.65784
G1 X127.058 Y110.088
M204 S5000
M205 X30 Y30
G0 F7200 X127.058 Y110.098
G0 X124.842 Y110.157
M204 S500
M205 X20 Y20
G1 F3600 X110.158 Y124.841 E123.34853
G1 X110.088 Y124.911
M204 S5000
M205 X30 Y30
G0 F7200 X110.088 Y124.902
G0 X113.288 Y118.945
M204 S500
M205 X20 Y20
G1 F3600 X119.184 Y124.841 E123.62586
G1 X119.254 Y124.911
M204 S5000
M205 X30 Y30
G0 F7200 X119.254 Y124.902
G0 X121.471 Y124.841
M204 S500
M205 X20 Y20
G1 F3600 X124.817 Y121.495 E123.78325
G1 X124.887 Y121.425
M204 S5000
M205 X30 Y30
G0 F7200 X124.885 Y121.442
G0 X125.058 Y121.442
G0 X126.946 Y121.289
M204 S500
M205 X20 Y20
G1 F3600 X130.497 Y124.841 E123.9503
G1 X130.567 Y124.911
M204 S5000
M205 X30 Y30
G0 F7200 X130.567 Y124.902
G0 X129.367 Y116.732
G0 X129.142 Y115.991
G0 X128.778 Y115.309
G0 X128.287 Y114.713
G0 X126.945 Y113.711
M204 S500
M205 X20 Y20
G1 F3600 X130.499 Y110.157 E124.11747
G1 X130.569 Y110.087
M204 S5000
M205 X30 Y30
G0 F7200 X130.569 Y110.098
G0 X124.817 Y113.503
M204 S500
M205 X20 Y20
G1 F3600 X121.471 Y110.158 E124.27483
G1 X121.401 Y110.088
M204 S5000
M205 X30 Y30
G0 F7200 X121.401 Y110.098
G0 X119.185 Y110.157
M204 S500
M205 X20 Y20
G1 F3600 X113.289 Y116.053 E124.55216
G1 X113.219 Y116.123
M204 S5000
M205 X30 Y30
G0 F7200 X113.243 Y116.115
G0 X112.778 Y115.309
G0 X112.287 Y114.713
G0 X111.691 Y114.222
G0 X111.009 Y113.858
G0 X110.268 Y113.633
G0 X109.5 Y113.557
G0 X108.732 Y113.633
G0 X108.523 Y113.696
G0 X107.276 Y114.172
G0 X107.331 Y114.255
M204 S500
M205 X20 Y20
;TYPE:WALL-INNER
G1 F3600 X106.741 Y114.741 E124.57758
G1 X106.255 Y115.331 E124.60301
G1 X105.894 Y116.006 E124.62847
G1 X105.672 Y116.739 E124.65394
G1 X105.597 Y117.5 E124.67938
G1 X105.672 Y118.261 E124.70481
G1 X105.894 Y118.994 E124.73028
G1 X106.255 Y119.669 E124.75574
G1 X106.741 Y120.259 E124.78117
G1 X107.331 Y120.745 E124.80659
G1 X108.006 Y121.106 E124.83205
G1 X108.739 Y121.328 E124.85752
G1 X109.5 Y121.403 E124.88296
G1 X110.261 Y121.328 E124.90839
G1 X110.994 Y121.106 E124.93386
G1 X111.669 Y120.745 E124.95932
G1 X112.259 Y120.259 E124.98475
G1 X112.745 Y119.669 E125.01017
G1 X113.106 Y118.994 E125.03563
G1 X113.328 Y118.261 E125.0611
G1 X113.403 Y117.5 E125.08654
G1 X113.328 Y116.739 E125.11197
G1 X113.106 Y116.006 E125.13744
G1 X112.745 Y115.331 E125.1629
G1 X112.259 Y114.741 E125.18833
G1 X111.669 Y114.255 E125.21375
G1 X110.994 Y113.894 E125.23921
G1 X110.261 Y113.672 E125.26468
G1 X109.5 Y113.597 E125.29012
G1 X108.739 Y113.672 E125.31555
G1 X108.006 Y113.894 E125.34102
G1 X107.331 Y114.255 E125.36648
M204 S5000
M205 X30 Y30
G0 F7200 X107.276 Y114.172
G0 X107.991 Y113.858
G0 X108.732 Y113.633
G0 X109.353 Y113.572
G0 X123.276 Y114.172
G0 X123.331 Y114.255
M204 S500
M205 X20 Y20
G1 F3600 X122.741 Y114.741 E125.39191
G1 X122.255 Y115.331 E125.41733
G1 X121.894 Y116.006 E125.44279
G1 X121.672 Y116.739 E125.46826
G1 X121.597 Y117.5 E125.4937
G1 X121.672 Y118.261 E125.51913
G1 X121.894 Y118.994 E125.5446
G1 X122.255 Y119.669 E125.57006
G1 X122.741 Y120.259 E125.59549
G1 X123.331 Y120.745 E125.62091
G1 X124.006 Y121.106 E125.64637
G1 X124.739 Y121.328 E125.67185
G1 X125.5 Y121.403 E125.69728
G1 X126.261 Y121.328 E125.72271
G1 X126.994 Y121.106 E125.74819
G1 X127.669 Y120.745 E125.77365
G1 X128.259 Y120.259 E125.79907
G1 X128.745 Y119.669 E125.82449
G1 X129.106 Y118.994 E125.84995
G1 X129.328 Y118.261 E125.87543
G1 X129.403 Y117.5 E125.90086
G1 X129.328 Y116.739 E125.92629
G1 X129.106 Y116.006 E125.95177
G1 X128.745 Y115.331 E125.97723
G1 X128.259 Y114.741 E126.00265
G1 X127.669 Y114.255 E126.02807
G1 X126.994 Y113.894 E126.05353
G1 X126.261 Y113.672 E126.07901
G1 X125.5 Y113.597 E126.10444
G1 X124.739 Y113.672 E126.12987
G1 X124.006 Y113.894 E126.15535
G1 X123.331 Y114.255 E126.18081
M204 S5000
M205 X30 Y30
G0 F7200 X123.276 Y114.172
G0 X123.991 Y113.858
G0 X124.732 Y113.633
G0 X125.5 Y113.557
G0 X126.268 Y113.633
G0 X127.009 Y113.858
G0 X127.691 Y114.222
G0 X128.287 Y114.713
G0 X128.778 Y115.309
G0 X129.142 Y115.991
G0 X131.516 Y124.932
G0 X131.586 Y125.002
M204 S500
M205 X20 Y20
G1 F3600 X103.414 Y125.002 E127.11781
G1 X103.414 Y109.998 E127.61685
G1 X131.586 Y109.998 E128.55385
G1 X131.586 Y125.002 E129.05289
M204 S5000
M205 X30 Y30
G0 F7200 X131.516 Y124.932
G0 X129.142 Y115.991
G0 X128.778 Y115.309
G0 X128.287 Y114.713
G0 X127.691 Y114.222
G0 X127.009 Y113.858
G0 X126.268 Y113.633
G0 X125.5 Y113.557
G0 X125.066 Y113.599
G0 X123.925 Y113.824
G0 X124.16 Y114.265
M204 S500
M205 X20 Y20
;TYPE:WALL-OUTER
G1 F1800 X123.555 Y114.589 E129.07571
G1 X123.025 Y115.025 E129.09854
G1 X122.589 Y115.555 E129.12136
G1 X122.265 Y116.16 E129.14419
G1 X122.066 Y116.817 E129.16702
G1 X121.999 Y117.5 E129.18985
G1 X122.066 Y118.183 E129.21267
G1 X122.265 Y118.84 E129.23551
G1 X122.589 Y119.445 E129.25833
G1 X123.025 Y119.975 E129.28116
G1 X123.555 Y120.411 E129.30399
G1 X124.16 Y120.735 E129.32681
G1 X124.817 Y120.934 E129.34964
G1 X125.5 Y121.001 E129.37247
G1 X126.183 Y120.934 E129.3953
G1 X126.84 Y120.735 E129.41813
G1 X127.445 Y120.411 E129.44095
G1 X127.975 Y119.975 E129.46378
G1 X128.411 Y119.445 E129.48661
G1 X128.735 Y118.84 E129.50943
G1 X128.934 Y118.183 E129.53226
G1 X129.001 Y117.5 E129.55509
G1 X128.934 Y116.817 E129.57792
G1 X128.735 Y116.16 E129.60075
G1 X128.411 Y115.555 E129.62357
G1 X127.975 Y115.025 E129.6464
G1 X127.445 Y114.589 E129.66923
G1 X126.84 Y114.265 E129.69205
G1 X126.183 Y114.066 E129.71489
G1 X125.5 Y113.999 E129.73771
G1 X124.817 Y114.066 E129.76054
G1 X124.16 Y114.265 E129.78337
M204 S5000
M205 X30 Y30
G0 F7200 X123.984 Y114.359
G0 X123.749 Y113.918
G0 X131.516 Y110.068
G0 X131.873 Y109.667
M204 S500
M205 X20 Y20
G1 F1800 X131.986 Y109.825 E129.78983
G1 X131.986 Y125.175 E130.30037
G1 X131.873 Y125.333 E130.30683
G1 X131.682 Y125.402 E130.31359
G1 X103.318 Y125.402 E131.25698
G1 X103.127 Y125.333 E131.26373
G1 X103.014 Y125.175 E131.27019
G1 X103.014 Y109.825 E131.78074
G1 X103.127 Y109.667 E131.7872
G1 X103.318 Y109.598 E131.79395
G1 X131.682 Y109.598 E132.73734
G1 X131.873 Y109.667 E132.7441
M204 S5000
M205 X30 Y30
G0 F7200 X131.986 Y109.825
G0 X131.986 Y109.831
G0 X131.516 Y110.068
G0 X108.732 Y113.633
G0 X107.925 Y113.824
G0 X108.16 Y114.265
M204 S500
M205 X20 Y20
G1 F1800 X107.555 Y114.589 E132.76692
G1 X107.025 Y115.025 E132.78975
G1 X106.589 Y115.555 E132.81258
G1 X106.265 Y116.16 E132.8354
G1 X106.066 Y116.817 E132.85823
G1 X105.999 Y117.5 E132.88106
G1 X106.066 Y118.183 E132.90389
G1 X106.265 Y118.84 E132.92672
G1 X106.589 Y119.445 E132.94954
G1 X107.025 Y119.975 E132.97237
G1 X107.555 Y120.411 E132.9952
G1 X108.16 Y120.735 E133.01802
G1 X108.817 Y120.934 E133.04086
G1 X109.5 Y121.001 E133.06368
G1 X110.183 Y120.934 E133.08651
G1 X110.84 Y120.735 E133.10934
G1 X111.445 Y120.411 E133.13217
G1 X111.975 Y119.975 E133.15499
G1 X112.411 Y119.445 E133.17782
G1 X112.735 Y118.84 E133.20064
G1 X112.934 Y118.183 E133.22348
G1 X113.001 Y117.5 E133.2463
G1 X112.934 Y116.817 E133.26913
G1 X112.735 Y116.16 E133.29196
G1 X112.411 Y115.555 E133.31479
G1 X111.975 Y115.025 E133.33761
G1 X111.445 Y114.589 E133.36044
G1 X110.84 Y114.265 E133.38326
G1 X110.183 Y114.066 E133.4061
G1 X109.5 Y113.999 E133.42892
G1 X108.817 Y114.066 E133.45175
G1 X108.16 Y114.265 E133.47458
M204 S5000
M205 X30 Y30
G0 F7200 X107.984 Y114.359
G0 X107.609 Y113.653
;MESH:NONMESH
G0 X104.501 Y110.158
;TIME_ELAPSED:157.882573
;LAYER:4
;MESH:listwa_mocujaca.stl
G0 X104.501 Y110.158 Z1
M204 S500
M205 X20 Y20
;TYPE:FILL
G1 F3600 X108.053 Y113.71 E133.64166
G1 X108.123 Y113.78
M204 S5000
M205 X30 Y30
G0 F7200 X108.115 Y113.757
G0 X108.289 Y113.723
G0 X110.182 Y113.504
M204 S500
M205 X20 Y20
G1 F3600 X113.528 Y110.157 E133.79907
G1 X113.598 Y110.087
M204 S5000
M205 X30 Y30
G0 F7200 X113.598 Y110.098
G0 X115.814 Y110.158
M204 S500
M205 X20 Y20
G1 F3600 X121.71 Y116.053 E134.07637
G1 X121.78 Y116.123
M204 S5000
M205 X30 Y30
G0 F7200 X121.757 Y116.115
G0 X121.577 Y117.361
G0 X121.71 Y118.946
M204 S500
M205 X20 Y20
G1 F3600 X115.814 Y124.841 E134.35368
G1 X115.744 Y124.911
M204 S5000
M205 X30 Y30
G0 F7200 X115.744 Y124.902
G0 X113.527 Y124.841
M204 S500
M205 X20 Y20
G1 F3600 X110.182 Y121.495 E134.51104
G1 X110.112 Y121.425
M204 S5000
M205 X30 Y30
G0 F7200 X110.113 Y121.443
G0 X109.94 Y121.443
G0 X108.055 Y121.287
M204 S500
M205 X20 Y20
G1 F3600 X104.501 Y124.841 E134.67821
G1 X104.431 Y124.911
M204 S5000
M205 X30 Y30
G0 F7200 X104.431 Y124.902
G0 X107.87 Y124.841
M204 S500
M205 X20 Y20
G1 F3600 X103.574 Y120.544 E134.8803
M204 S5000
M205 X30 Y30
G0 F7200 X103.574 Y120.111
M204 S500
M205 X20 Y20
G1 F3600 X105.503 Y118.182 E134.97104
G1 X105.573 Y118.112
M204 S5000
M205 X30 Y30
G0 F7200 X105.557 Y118.113
G0 X105.503 Y116.817
M204 S500
M205 X20 Y20
G1 F3600 X103.574 Y114.887 E135.0618
M204 S5000
M205 X30 Y30
G0 F7200 X103.574 Y114.455
M204 S500
M205 X20 Y20
G1 F3600 X107.871 Y110.157 E135.26394
G1 X107.941 Y110.087
M204 S5000
M205 X30 Y30
G0 F7200 X107.941 Y110.098
G0 X110.158 Y110.158
M204 S500
M205 X20 Y20
G1 F3600 X124.841 Y124.841 E135.95458
G1 X124.911 Y124.911
M204 S5000
M205 X30 Y30
G0 F7200 X124.911 Y124.902
G0 X127.128 Y124.841
M204 S500
M205 X20 Y20
G1 F3600 X131.424 Y120.545 E136.15665
M204 S5000
M205 X30 Y30
G0 F7200 X131.424 Y120.111
M204 S500
M205 X20 Y20
G1 F3600 X129.495 Y118.181 E136.24741
G1 X129.425 Y118.111
M204 S5000
M205 X30 Y30
G0 F7200 X129.442 Y118.113
G0 X129.496 Y116.817
M204 S500
M205 X20 Y20
G1 F3600 X131.424 Y114.888 E136.33812
M204 S5000
M205 X30 Y30
G0 F7200 X131.424 Y114.454
M204 S500
M205 X20 Y20
G1 F3600 X127.128 Y110.158 E136.54019
G1 X127.058 Y110.088
M204 S5000
M205 X30 Y30
G0 F7200 X127.058 Y110.098
G0 X124.842 Y110.157
M204 S500
M205 X20 Y20
G1 F3600 X110.158 Y124.841 E137.23088
G1 X110.088 Y124.911
M204 S5000
M205 X30 Y30
G0 F7200 X110.088 Y124.902
G0 X113.288 Y118.945
M204 S500
M205 X20 Y20
G1 F3600 X119.184 Y124.841 E137.50821
G1 X119.254 Y124.911
M204 S5000
M205 X30 Y30
G0 F7200 X119.254 Y124.902
G0 X121.471 Y124.841
M204 S500
M205 X20 Y20
G1 F3600 X124.817 Y121.495 E137.6656
G1 X124.887 Y121.425
M204 S5000
M205 X30 Y30
G0 F7200 X124.885 Y121.442
G0 X125.058 Y121.442
G0 X126.946 Y121.289
M204 S500
M205 X20 Y20
G1 F3600 X130.497 Y124.841 E137.83265
G1 X130.567 Y124.911
M204 S5000
M205 X30 Y30
G0 F7200 X130.567 Y124.902
G0 X129.367 Y116.732
G0 X129.142 Y115.991
G0 X128.778 Y115.309
G0 X128.287 Y114.713
G0 X126.945 Y113.711
M204 S500
M205 X20 Y20
G1 F3600 X130.499 Y110.157 E137.99982
G1 X130.569 Y110.087
M204 S5000
M205 X30 Y30
G0 F7200 X130.569 Y110.098
G0 X124.817 Y113.503
M204 S500
M205 X20 Y20
G1 F3600 X121.471 Y110.158 E138.15718
G1 X121.401 Y110.088
M204 S5000
M205 X30 Y30
G0 F7200 X121.401 Y110.098
G0 X119.185 Y110.157
M204 S500
M205 X20 Y20
G1 F3600 X113.289 Y116.053 E138.43451
G1 X113.219 Y116.123
M204 S5000
M205 X30 Y30
G0 F7200 X113.243 Y116.115
G0 X112.778 Y115.309
G0 X112.287 Y114.713
G0 X111.691 Y114.222
G0 X111.009 Y113.858
G0 X110.268 Y113.633
G0 X109.5 Y113.557
G0 X108.732 Y113.633
G0 X108.523 Y113.696
G0 X107.276 Y114.172
G0 X107.331 Y114.255
M204 S500
M205 X20 Y20
;TYPE:WALL-INNER
G1 F3600 X106.741 Y114.741 E138.45993
G1 X106.255 Y115.331 E138.48536
G1 X105.894 Y116.006 E138.51082
G1 X105.672 Y116.739 E138.53629
G1 X105.597 Y117.5 E138.56172
G1 X105.672 Y118.261 E138.58716
G1 X105.894 Y118.994 E138.61263
G1 X106.255 Y119.669 E138.63809
G1 X106.741 Y120.259 E138.66351
G1 X107.331 Y120.745 E138.68894
G1 X108.006 Y121.106 E138.7144
G1 X108.739 Y121.328 E138.73987
G1 X109.5 Y121.403 E138.7653
G1 X110.261 Y121.328 E138.79074
G1 X110.994 Y121.106 E138.81621
G1 X111.669 Y120.745 E138.84167
G1 X112.259 Y120.259 E138.86709
G1 X112.745 Y119.669 E138.89252
G1 X113.106 Y118.994 E138.91798
G1 X113.328 Y118.261 E138.94345
G1 X113.403 Y117.5 E138.96888
G1 X113.328 Y116.739 E138.99432
G1 X113.106 Y116.006 E139.01979
G1 X112.745 Y115.331 E139.04525
G1 X112.259 Y114.741 E139.07067
G1 X111.669 Y114.255 E139.0961
G1 X110.994 Y113.894 E139.12156
G1 X110.261 Y113.672 E139.14703
G1 X109.5 Y113.597 E139.17246
G1 X108.739 Y113.672 E139.1979
G1 X108.006 Y113.894 E139.22337
G1 X107.331 Y114.255 E139.24883
M204 S5000
M205 X30 Y30
G0 F7200 X107.276 Y114.172
G0 X107.991 Y113.858
G0 X108.732 Y113.633
G0 X109.353 Y113.572
G0 X123.276 Y114.172
G0 X123.331 Y114.255
M204 S500
M205 X20 Y20
G1 F3600 X122.741 Y114.741 E139.27425
G1 X122.255 Y115.331 E139.29968
G1 X121.894 Y116.006 E139.32514
G1 X121.672 Y116.739 E139.35061
G1 X121.597 Y117.5 E139.37605
G1 X121.672 Y118.261 E139.40148
G1 X121.894 Y118.994 E139.42695
G1 X122.255 Y119.669 E139.45241
G1 X122.741 Y120.259 E139.47784
G1 X123.331 Y120.745 E139.50326
G1 X124.006 Y121.106 E139.52872
G1 X124.739 Y121.328 E139.55419
G1 X125.5 Y121.403 E139.57963
G1 X126.261 Y121.328 E139.60506
G1 X126.994 Y121.106 E139.63053
G1 X127.669 Y120.745 E139.65599
G1 X128.259 Y120.259 E139.68142
G1 X128.745 Y119.669 E139.70684
G1 X129.106 Y118.994 E139.7323
G1 X129.328 Y118.261 E139.75777
G1 X129.403 Y117.5 E139.78321
G1 X129.328 Y116.739 E139.80864
G1 X129.106 Y116.006 E139.83411
G1 X128.745 Y115.331 E139.85957
G1 X128.259 Y114.741 E139.885
G1 X127.669 Y114.255 E139.91042
G1 X126.994 Y113.894 E139.93588
G1 X126.261 Y113.672 E139.96135
G1 X125.5 Y113.597 E139.98679
G1 X124.739 Y113.672 E140.01222
G1 X124.006 Y113.894 E140.03769
G1 X123.331 Y114.255 E140.06315
M204 S5000
M205 X30 Y30
G0 F7200 X123.276 Y114.172
G0 X123.991 Y113.858
G0 X124.732 Y113.633
G0 X125.5 Y113.557
G0 X126.268 Y113.633
G0 X127.009 Y113.858
G0 X127.691 Y114.222
G0 X128.287 Y114.713
G0 X128.778 Y115.309
G0 X129.142 Y115.991
G0 X131.516 Y124.932
G0 X131.586 Y125.002
M204 S500
M205 X20 Y20
G1 F3600 X103.414 Y125.002 E141.00016
G1 X103.414 Y109.998 E141.49919
G1 X131.586 Y109.998 E142.4362
G1 X131.586 Y125.002 E142.93523
M204 S5000
M205 X30 Y30
G0 F7200 X131.516 Y124.932
G0 X129.142 Y115.991
G0 X128.778 Y115.309
G0 X128.287 Y114.713
G0 X127.691 Y114.222
G0 X127.009 Y113.858
G0 X126.268 Y113.633
G0 X125.5 Y113.557
G0 X125.066 Y113.599
G0 X123.925 Y113.824
G0 X124.16 Y114.265
M204 S500
M205 X20 Y20
;TYPE:WALL-OUTER
G1 F1800 X123.555 Y114.589 E142.95806
G1 X123.025 Y115.025 E142.98089
G1 X122.589 Y115.555 E143.00371
G1 X122.265 Y116.16 E143.02654
G1 X122.066 Y116.817 E143.04937
G1 X121.999 Y117.5 E143.0722
G1 X122.066 Y118.183 E143.09502
G1 X122.265 Y118.84 E143.11785
G1 X122.589 Y119.445 E143.14068
G1 X123.025 Y119.975 E143.16351
G1 X123.555 Y120.411 E143.18633
G1 X124.16 Y120.735 E143.20916
G1 X124.817 Y120.934 E143.23199
G1 X125.5 Y121.001 E143.25482
G1 X126.183 Y120.934 E143.27764
G1 X126.84 Y120.735 E143.30047
G1 X127.445 Y120.411 E143.3233
G1 X127.975 Y119.975 E143.34613
G1 X128.411 Y119.445 E143.36895
G1 X128.735 Y118.84 E143.39178
G1 X128.934 Y118.183 E143.41461
G1 X129.001 Y117.5 E143.43744
G1 X128.934 Y116.817 E143.46026
G1 X128.735 Y116.16 E143.4831
G1 X128.411 Y115.555 E143.50592
G1 X127.975 Y115.025 E143.52875
G1 X127.445 Y114.589 E143.55157
G1 X126.84 Y114.265 E143.5744
G1 X126.183 Y114.066 E143.59723
G1 X125.5 Y113.999 E143.62006
G1 X124.817 Y114.066 E143.64288
G1 X124.16 Y114.265 E143.66572
M204 S5000
M205 X30 Y30
G0 F7200 X123.984 Y114.359
G0 X123.749 Y113.918
G0 X131.516 Y110.068
G0 X131.873 Y109.667
M204 S500
M205 X20 Y20
G1 F1800 X131.986 Y109.825 E143.67218
G1 X131.986 Y125.175 E144.18272
G1 X131.873 Y125.333 E144.18918
G1 X131.682 Y125.402 E144.19594
G1 X103.318 Y125.402 E145.13933
G1 X103.127 Y125.333 E145.14608
G1 X103.014 Y125.175 E145.15254
G1 X103.014 Y109.825 E145.66308
G1 X103.127 Y109.667 E145.66955
G1 X103.318 Y109.598 E145.6763
G1 X131.682 Y109.598 E146.61969
G1 X131.873 Y109.667 E146.62644
M204 S5000
M205 X30 Y30
G0 F7200 X131.986 Y109.825
G0 X131.986 Y109.831
G0 X131.516 Y110.068
G0 X108.732 Y113.633
G0 X107.925 Y113.824
G0 X108.16 Y114.265
M204 S500
M205 X20 Y20
G1 F1800 X107.555 Y114.589 E146.64927
G1 X107.025 Y115.025 E146.6721
G1 X106.589 Y115.555 E146.69492
G1 X106.265 Y116.16 E146.71775
G1 X106.066 Y116.817 E146.74058
G1 X105.999 Y117.5 E146.76341
G1 X106.066 Y118.183 E146.78623
G1 X106.265 Y118.84 E146.80907
G1 X106.589 Y119.445 E146.83189
G1 X107.025 Y119.975 E146.85472
G1 X107.555 Y120.411 E146.87754
G1 X108.16 Y120.735 E146.90037
G1 X108.817 Y120.934 E146.9232
G1 X109.5 Y121.001 E146.94603
G1 X110.183 Y120.934 E146.96885
G1 X110.84 Y120.735 E146.99169
G1 X111.445 Y120.411 E147.01451
G1 X111.975 Y119.975 E147.03734
G1 X112.411 Y119.445 E147.06016
G1 X112.735 Y118.84 E147.08299
G1 X112.934 Y118.183 E147.10582
G1 X113.001 Y117.5 E147.12865
G1 X112.934 Y116.817 E147.15147
G1 X112.735 Y116.16 E147.17431
G1 X112.411 Y115.555 E147.19713
G1 X111.975 Y115.025 E147.21996
G1 X111.445 Y114.589 E147.24279
G1 X110.84 Y114.265 E147.26561
G1 X110.183 Y114.066 E147.28844
G1 X109.5 Y113.999 E147.31127
G1 X108.817 Y114.066 E147.3341
G1 X108.16 Y114.265 E147.35693
M204 S5000
M205 X30 Y30
G0 F7200 X107.984 Y114.359
G0 X107.609 Y113.653
;MESH:NONMESH
G0 X104.501 Y110.158
;TIME_ELAPSED:170.686201
;LAYER:5
;MESH:listwa_mocujaca.stl
G0 X104.501 Y110.158 Z1.2
M204 S500
M205 X20 Y20
;TYPE:FILL
G1 F3600 X108.053 Y113.71 E147.524
G1 X108.123 Y113.78
M204 S5000
M205 X30 Y30
G0 F7200 X108.115 Y113.757
G0 X108.289 Y113.723
G0 X110.182 Y113.504
M204 S500
M205 X20 Y20
G1 F3600 X113.528 Y110.157 E147.68141
G1 X113.598 Y110.087
M204 S5000
M205 X30 Y30
G0 F7200 X113.598 Y110.098
G0 X115.814 Y110.158
M204 S500
M205 X20 Y20
G1 F3600 X121.71 Y116.053 E147.95872
G1 X121.78 Y116.123
M204 S5000
M205 X30 Y30
G0 F7200 X121.757 Y116.115
G0 X121.577 Y117.361
G0 X121.71 Y118.946
M204 S500
M205 X20 Y20
G1 F3600 X115.814 Y124.841 E148.23602
G1 X115.744 Y124.911
M204 S5000
M205 X30 Y30
G0 F7200 X115.744 Y124.902
G0 X113.527 Y124.841
M204 S500
M205 X20 Y20
G1 F3600 X110.182 Y121.495 E148.39339
G1 X110.112 Y121.425
M204 S5000
M205 X30 Y30
G0 F7200 X110.113 Y121.443
G0 X109.94 Y121.443
G0 X108.055 Y121.287
M204 S500
M205 X20 Y20
G1 F3600 X104.501 Y124.841 E148.56056
G1 X104.431 Y124.911
M204 S5000
M205 X30 Y30
G0 F7200 X104.431 Y124.902
G0 X107.87 Y124.841
M204 S500
M205 X20 Y20
G1 F3600 X103.574 Y120.544 E148.76265
M204 S5000
M205 X30 Y30
G0 F7200 X103.574 Y120.111
M204 S500
M205 X20 Y20
G1 F3600 X105.503 Y118.182 E148.85338
G1 X105.573 Y118.112
M204 S5000
M205 X30 Y30
G0 F7200 X105.557 Y118.113
G0 X105.503 Y116.817
M204 S500
M205 X20 Y20
G1 F3600 X103.574 Y114.887 E148.94414
M204 S5000
M205 X30 Y30
G0 F7200 X103.574 Y114.455
M204 S500
M205 X20 Y20
G1 F3600 X107.871 Y110.157 E149.14628
G1 X107.941 Y110.087
M204 S5000
M205 X30 Y30
G0 F7200 X107.941 Y110.098
G0 X110.158 Y110.158
M204 S500
M205 X20 Y20
G1 F3600 X124.841 Y124.841 E149.83693
G1 X124.911 Y124.911
M204 S5000
M205 X30 Y30
G0 F7200 X124.911 Y124.902
G0 X127.128 Y124.841
M204 S500
M205 X20 Y20
G1 F3600 X131.424 Y120.545 E150.039
M204 S5000
M205 X30 Y30
G0 F7200 X131.424 Y120.111
M204 S500
M205 X20 Y20
G1 F3600 X129.495 Y118.181 E150.12976
G1 X129.425 Y118.111
M204 S5000
M205 X30 Y30
G0 F7200 X129.442 Y118.113
G0 X129.496 Y116.817
M204 S500
M205 X20 Y20
G1 F3600 X131.424 Y114.888 E150.22047
M204 S5000
M205 X30 Y30
G0 F7200 X131.424 Y114.454
M204 S500
M205 X20 Y20
G1 F3600 X127.128 Y110.158 E150.42254
G1 X127.058 Y110.088
M204 S5000
M205 X30 Y30
G0 F7200 X127.058 Y110.098
G0 X124.842 Y110.157
M204 S500
M205 X20 Y20
G1 F3600 X110.158 Y124.841 E151.11323
G1 X110.088 Y124.911
M204 S5000
M205 X30 Y30
G0 F7200 X110.088 Y124.902
G0 X113.288 Y118.945
M204 S500
M205 X20 Y20
G1 F3600 X119.184 Y124.841 E151.39056
G1 X119.254 Y124.911
M204 S5000
M205 X30 Y30
G0 F7200 X119.254 Y124.902
G0 X121.471 Y124.841
M204 S500
M205 X20 Y20
G1 F3600 X124.817 Y121.495 E151.54794
G1 X124.887 Y121.425
M204 S5000
M205 X30 Y30
G0 F7200 X124.885 Y121.442
G0 X125.058 Y121.442
G0 X126.946 Y121.289
M204 S500
M205 X20 Y20
G1 F3600 X130.497 Y124.841 E151.71499
G1 X130.567 Y124.911
M204 S5000
M205 X30 Y30
G0 F7200 X130.567 Y124.902
G0 X129.367 Y116.732
G0 X129.142 Y115.991
G0 X128.778 Y115.309
G0 X128.287 Y114.713
G0 X126.945 Y113.711
M204 S500
M205 X20 Y20
G1 F3600 X130.499 Y110.157 E151.88216
G1 X130.569 Y110.087
M204 S5000
M205 X30 Y30
G0 F7200 X130.569 Y110.098
G0 X124.817 Y113.503
M204 S500
M205 X20 Y20
G1 F3600 X121.471 Y110.158 E152.03953
G1 X121.401 Y110.088
M204 S5000
M205 X30 Y30
G0 F7200 X121.401 Y110.098
G0 X119.185 Y110.157
M204 S500
M205 X20 Y20
G1 F3600 X113.289 Y116.053 E152.31686
G1 X113.219 Y116.123
M204 S5000
M205 X30 Y30
G0 F7200 X113.243 Y116.115
G0 X112.778 Y115.309
G0 X112.287 Y114.713
G0 X111.691 Y114.222
G0 X111.009 Y113.858
G0 X110.268 Y113.633
G0 X109.5 Y113.557
G0 X108.732 Y113.633
G0 X108.523 Y113.696
G0 X107.276 Y114.172
G0 X107.331 Y114.255
M204 S500
M205 X20 Y20
;TYPE:WALL-INNER
G1 F3600 X106.741 Y114.741 E152.34228
G1 X106.255 Y115.331 E152.3677
G1 X105.894 Y116.006 E152.39316
G1 X105.672 Y116.739 E152.41864
G1 X105.597 Y117.5 E152.44407
G1 X105.672 Y118.261 E152.4695
G1 X105.894 Y118.994 E152.49498
G1 X106.255 Y119.669 E152.52044
G1 X106.741 Y120.259 E152.54586
G1 X107.331 Y120.745 E152.57128
G1 X108.006 Y121.106 E152.59674
G1 X108.739 Y121.328 E152.62222
G1 X109.5 Y121.403 E152.64765
G1 X110.261 Y121.328 E152.67308
G1 X110.994 Y121.106 E152.69856
G1 X111.669 Y120.745 E152.72402
G1 X112.259 Y120.259 E152.74944
G1 X112.745 Y119.669 E152.77486
G1 X113.106 Y118.994 E152.80032
G1 X113.328 Y118.261 E152.8258
G1 X113.403 Y117.5 E152.85123
G1 X113.328 Y116.739 E152.87666
G1 X113.106 Y116.006 E152.90214
G1 X112.745 Y115.331 E152.9276
G1 X112.259 Y114.741 E152.95302
G1 X111.669 Y114.255 E152.97844
G1 X110.994 Y113.894 E153.0039
G1 X110.261 Y113.672 E153.02938
G1 X109.5 Y113.597 E153.05481
G1 X108.739 Y113.672 E153.08024
G1 X108.006 Y113.894 E153.10572
G1 X107.331 Y114.255 E153.13118
M204 S5000
M205 X30 Y30
G0 F7200 X107.276 Y114.172
G0 X107.991 Y113.858
G0 X108.732 Y113.633
G0 X109.353 Y113.572
G0 X123.276 Y114.172
G0 X123.331 Y114.255
M204 S500
M205 X20 Y20
G1 F3600 X122.741 Y114.741 E153.1566
G1 X122.255 Y115.331 E153.18203
G1 X121.894 Y116.006 E153.20749
G1 X121.672 Y116.739 E153.23296
G1 X121.597 Y117.5 E153.25839
G1 X121.672 Y118.261 E153.28383
G1 X121.894 Y118.994 E153.3093
G1 X122.255 Y119.669 E153.33476
G1 X122.741 Y120.259 E153.36018
G1 X123.331 Y120.745 E153.38561
G1 X124.006 Y121.106 E153.41107
G1 X124.739 Y121.328 E153.43654
G1 X125.5 Y121.403 E153.46197
G1 X126.261 Y121.328 E153.48741
G1 X126.994 Y121.106 E153.51288
G1 X127.669 Y120.745 E153.53834
G1 X128.259 Y120.259 E153.56376
G1 X128.745 Y119.669 E153.58919
G1 X129.106 Y118.994 E153.61465
G1 X129.328 Y118.261 E153.64012
G1 X129.403 Y117.5 E153.66555
G1 X129.328 Y116.739 E153.69099
G1 X129.106 Y116.006 E153.71646
G1 X128.745 Y115.331 E153.74192
G1 X128.259 Y114.741 E153.76734
G1 X127.669 Y114.255 E153.79277
G1 X126.994 Y113.894 E153.81823
G1 X126.261 Y113.672 E153.8437
G1 X125.5 Y113.597 E153.86913
G1 X124.739 Y113.672 E153.89457
G1 X124.006 Y113.894 E153.92004
G1 X123.331 Y114.255 E153.9455
M204 S5000
M205 X30 Y30
G0 F7200 X123.276 Y114.172
G0 X123.991 Y113.858
G0 X124.732 Y113.633
G0 X125.5 Y113.557
G0 X126.268 Y113.633
G0 X127.009 Y113.858
G0 X127.691 Y114.222
G0 X128.287 Y114.713
G0 X128.778 Y115.309
G0 X129.142 Y115.991
G0 X131.516 Y124.932
G0 X131.586 Y125.002
M204 S500
M205 X20 Y20
G1 F3600 X103.414 Y125.002 E154.88251
G1 X103.414 Y109.998 E155.38154
G1 X131.586 Y109.998 E156.31854
G1 X131.586 Y125.002 E156.81758
M204 S5000
M205 X30 Y30
G0 F7200 X131.516 Y124.932
G0 X129.142 Y115.991
G0 X128.778 Y115.309
G0 X128.287 Y114.713
G0 X127.691 Y114.222
G0 X127.009 Y113.858
G0 X126.268 Y113.633
G0 X125.5 Y113.557
G0 X125.066 Y113.599
G0 X123.925 Y113.824
G0 X124.16 Y114.265
M204 S500
M205 X20 Y20
;TYPE:WALL-OUTER
G1 F1800 X123.555 Y114.589 E156.84041
G1 X123.025 Y115.025 E156.86323
G1 X122.589 Y115.555 E156.88606
G1 X122.265 Y116.16 E156.90888
G1 X122.066 Y116.817 E156.93172
G1 X121.999 Y117.5 E156.95454
G1 X122.066 Y118.183 E156.97737
G1 X122.265 Y118.84 E157.0002
G1 X122.589 Y119.445 E157.02303
G1 X123.025 Y119.975 E157.04585
G1 X123.555 Y120.411 E157.06868
G1 X124.16 Y120.735 E157.09151
G1 X124.817 Y120.934 E157.11434
G1 X125.5 Y121.001 E157.13716
G1 X126.183 Y120.934 E157.15999
G1 X126.84 Y120.735 E157.18282
G1 X127.445 Y120.411 E157.20565
G1 X127.975 Y119.975 E157.22847
G1 X128.411 Y119.445 E157.2513
G1 X128.735 Y118.84 E157.27413
G1 X128.934 Y118.183 E157.29696
G1 X129.001 Y117.5 E157.31978
G1 X128.934 Y116.817 E157.34261
G1 X128.735 Y116.16 E157.36544
G1 X128.411 Y115.555 E157.38827
G1 X127.975 Y115.025 E157.41109
G1 X127.445 Y114.589 E157.43392
G1 X126.84 Y114.265 E157.45675
G1 X126.183 Y114.066 E157.47958
G1 X125.5 Y113.999 E157.50241
G1 X124.817 Y114.066 E157.52523
G1 X124.16 Y114.265 E157.54806
M204 S5000
M205 X30 Y30
G0 F7200 X123.984 Y114.359
G0 X123.749 Y113.918
G0 X131.516 Y110.068
G0 X131.873 Y109.667
M204 S500
M205 X20 Y20
G1 F1800 X131.986 Y109.825 E157.55452
G1 X131.986 Y125.175 E158.06507
G1 X131.873 Y125.333 E158.07153
G1 X131.682 Y125.402 E158.07828
G1 X103.318 Y125.402 E159.02167
G1 X103.127 Y125.333 E159.02843
G1 X103.014 Y125.175 E159.03489
G1 X103.014 Y109.825 E159.54543
G1 X103.127 Y109.667 E159.55189
G1 X103.318 Y109.598 E159.55865
G1 X131.682 Y109.598 E160.50204
G1 X131.873 Y109.667 E160.50879
M204 S5000
M205 X30 Y30
G0 F7200 X131.986 Y109.825
G0 X131.986 Y109.831
G0 X131.516 Y110.068
G0 X108.732 Y113.633
G0 X107.925 Y113.824
G0 X108.16 Y114.265
M204 S500
M205 X20 Y20
G1 F1800 X107.555 Y114.589 E160.53162
G1 X107.025 Y115.025 E160.55444
G1 X106.589 Y115.555 E160.57727
G1 X106.265 Y116.16 E160.6001
G1 X106.066 Y116.817 E160.62293
G1 X105.999 Y117.5 E160.64575
G1 X106.066 Y118.183 E160.66858
G1 X106.265 Y118.84 E160.69141
G1 X106.589 Y119.445 E160.71424
G1 X107.025 Y119.975 E160.73706
G1 X107.555 Y120.411 E160.75989
G1 X108.16 Y120.735 E160.78272
G1 X108.817 Y120.934 E160.80555
G1 X109.5 Y121.001 E160.82838
G1 X110.183 Y120.934 E160.8512
G1 X110.84 Y120.735 E160.87403
G1 X111.445 Y120.411 E160.89686
G1 X111.975 Y119.975 E160.91969
G1 X112.411 Y119.445 E160.94251
G1 X112.735 Y118.84 E160.96534
G1 X112.934 Y118.183 E160.98817
G1 X113.001 Y117.5 E161.011
G1 X112.934 Y116.817 E161.03382
G1 X112.735 Y116.16 E161.05665
G1 X112.411 Y115.555 E161.07948
G1 X111.975 Y115.025 E161.10231
G1 X111.445 Y114.589 E161.12513
G1 X110.84 Y114.265 E161.14796
G1 X110.183 Y114.066 E161.17079
G1 X109.5 Y113.999 E161.19362
G1 X108.817 Y114.066 E161.21644
G1 X108.16 Y114.265 E161.23928
M204 S5000
M205 X30 Y30
G0 F7200 X107.984 Y114.359
G0 X107.609 Y113.653
;MESH:NONMESH
G0 X104.501 Y110.158
;TIME_ELAPSED:183.489828
;LAYER:6
;MESH:listwa_mocujaca.stl
G0 X104.501 Y110.158 Z1.4
M204 S500
M205 X20 Y20
;TYPE:FILL
G1 F3600 X108.053 Y113.71 E161.40635
G1 X108.123 Y113.78
M204 S5000
M205 X30 Y30
G0 F7200 X108.115 Y113.757
G0 X108.289 Y113.723
G0 X110.182 Y113.504
M204 S500
M205 X20 Y20
G1 F3600 X113.528 Y110.157 E161.56376
G1 X113.598 Y110.087
M204 S5000
M205 X30 Y30
G0 F7200 X113.598 Y110.098
G0 X115.814 Y110.158
M204 S500
M205 X20 Y20
G1 F3600 X121.71 Y116.053 E161.84107
G1 X121.78 Y116.123
M204 S5000
M205 X30 Y30
G0 F7200 X121.757 Y116.115
G0 X121.577 Y117.361
G0 X121.71 Y118.946
M204 S500
M205 X20 Y20
G1 F3600 X115.814 Y124.841 E162.11837
G1 X115.744 Y124.911
M204 S5000
M205 X30 Y30
G0 F7200 X115.744 Y124.902
G0 X113.527 Y124.841
M204 S500
M205 X20 Y20
G1 F3600 X110.182 Y121.495 E162.27573
G1 X110.112 Y121.425
M204 S5000
M205 X30 Y30
G0 F7200 X110.113 Y121.443
G0 X109.94 Y121.443
G0 X108.055 Y121.287
M204 S500
M205 X20 Y20
G1 F3600 X104.501 Y124.841 E162.4429
G1 X104.431 Y124.911
M204 S5000
M205 X30 Y30
G0 F7200 X104.431 Y124.902
G0 X107.87 Y124.841
M204 S500
M205 X20 Y20
G1 F3600 X103.574 Y120.544 E162.645
M204 S5000
M205 X30 Y30
G0 F7200 X103.574 Y120.111
M204 S500
M205 X20 Y20
G1 F3600 X105.503 Y118.182 E162.73573
G1 X105.573 Y118.112
M204 S5000
M205 X30 Y30
G0 F7200 X105.557 Y118.113
G0 X105.503 Y116.817
M204 S500
M205 X20 Y20
G1 F3600 X103.574 Y114.887 E162.82649
M204 S5000
M205 X30 Y30
G0 F7200 X103.574 Y114.455
M204 S500
M205 X20 Y20
G1 F3600 X107.871 Y110.157 E163.02863
G1 X107.941 Y110.087
M204 S5000
M205 X30 Y30
G0 F7200 X107.941 Y110.098
G0 X110.158 Y110.158
M204 S500
M205 X20 Y20
G1 F3600 X124.841 Y124.841 E163.71927
G1 X124.911 Y124.911
M204 S5000
M205 X30 Y30
G0 F7200 X124.911 Y124.902
G0 X127.128 Y124.841
M204 S500
M205 X20 Y20
G1 F3600 X131.424 Y120.545 E163.92134
M204 S5000
M205 X30 Y30
G0 F7200 X131.424 Y120.111
M204 S500
M205 X20 Y20
G1 F3600 X129.495 Y118.181 E164.0121
G1 X129.425 Y118.111
M204 S5000
M205 X30 Y30
G0 F7200 X129.442 Y118.113
G0 X129.496 Y116.817
M204 S500
M205 X20 Y20
G1 F3600 X131.424 Y114.888 E164.10281
M204 S5000
M205 X30 Y30
G0 F7200 X131.424 Y114.454
M204 S500
M205 X20 Y20
G1 F3600 X127.128 Y110.158 E164.30488
G1 X127.058 Y110.088
M204 S5000
M205 X30 Y30
G0 F7200 X127.058 Y110.098
G0 X124.842 Y110.157
M204 S500
M205 X20 Y20
G1 F3600 X110.158 Y124.841 E164.99557
G1 X110.088 Y124.911
M204 S5000
M205 X30 Y30
G0 F7200 X110.088 Y124.902
G0 X113.288 Y118.945
M204 S500
M205 X20 Y20
G1 F3600 X119.184 Y124.841 E165.2729
G1 X119.254 Y124.911
M204 S5000
M205 X30 Y30
G0 F7200 X119.254 Y124.902
G0 X121.471 Y124.841
M204 S500
M205 X20 Y20
G1 F3600 X124.817 Y121.495 E165.43029
G1 X124.887 Y121.425
M204 S5000
M205 X30 Y30
G0 F7200 X124.885 Y121.442
G0 X125.058 Y121.442
G0 X126.946 Y121.289
M204 S500
M205 X20 Y20
G1 F3600 X130.497 Y124.841 E165.59734
G1 X130.567 Y124.911
M204 S5000
M205 X30 Y30
G0 F7200 X130.567 Y124.902
G0 X129.367 Y116.732
G0 X129.142 Y115.991
G0 X128.778 Y115.309
G0 X128.287 Y114.713
G0 X126.945 Y113.711
M204 S500
M205 X20 Y20
G1 F3600 X130.499 Y110.157 E165.76451
G1 X130.569 Y110.087
M204 S5000
M205 X30 Y30
G0 F7200 X130.569 Y110.098
G0 X124.817 Y113.503
M204 S500
M205 X20 Y20
G1 F3600 X121.471 Y110.158 E165.92187
G1 X121.401 Y110.088
M204 S5000
M205 X30 Y30
G0 F7200 X121.401 Y110.098
G0 X119.185 Y110.157
M204 S500
M205 X20 Y20
G1 F3600 X113.289 Y116.053 E166.1992
G1 X113.219 Y116.123
M204 S5000
M205 X30 Y30
G0 F7200 X113.243 Y116.115
G0 X112.778 Y115.309
G0 X112.287 Y114.713
G0 X111.691 Y114.222
G0 X111.009 Y113.858
G0 X110.268 Y113.633
G0 X109.5 Y113.557
G0 X108.732 Y113.633
G0 X108.523 Y113.696
G0 X107.276 Y114.172
G0 X107.331 Y114.255
M204 S500
M205 X20 Y20
;TYPE:WALL-INNER
G1 F3600 X106.741 Y114.741 E166.22463
G1 X106.255 Y115.331 E166.25005
G1 X105.894 Y116.006 E166.27551
G1 X105.672 Y116.739 E166.30098
G1 X105.597 Y117.5 E166.32642
G1 X105.672 Y118.261 E166.35185
G1 X105.894 Y118.994 E166.37732
G1 X106.255 Y119.669 E166.40278
G1 X106.741 Y120.259 E166.42821
G1 X107.331 Y120.745 E166.45363
G1 X108.006 Y121.106 E166.47909
G1 X108.739 Y121.328 E166.50456
G1 X109.5 Y121.403 E166.53
G1 X110.261 Y121.328 E166.55543
G1 X110.994 Y121.106 E166.5809
G1 X111.669 Y120.745 E166.60636
G1 X112.259 Y120.259 E166.63179
G1 X112.745 Y119.669 E166.65721
G1 X113.106 Y118.994 E166.68267
G1 X113.328 Y118.261 E166.70814
G1 X113.403 Y117.5 E166.73358
G1 X113.328 Y116.739 E166.75901
G1 X113.106 Y116.006 E166.78448
G1 X112.745 Y115.331 E166.80994
G1 X112.259 Y114.741 E166.83537
G1 X111.669 Y114.255 E166.86079
G1 X110.994 Y113.894 E166.88625
G1 X110.261 Y113.672 E166.91172
G1 X109.5 Y113.597 E166.93716
G1 X108.739 Y113.672 E166.96259
G1 X108.006 Y113.894 E166.98807
G1 X107.331 Y114.255 E167.01352
M204 S5000
M205 X30 Y30
G0 F7200 X107.276 Y114.172
G0 X107.991 Y113.858
G0 X108.732 Y113.633
G0 X109.353 Y113.572
G0 X123.276 Y114.172
G0 X123.331 Y114.255
M204 S500
M205 X20 Y20
G1 F3600 X122.741 Y114.741 E167.03895
G1 X122.255 Y115.331 E167.06437
G1 X121.894 Y116.006 E167.08983
G1 X121.672 Y116.739 E167.11531
G1 X121.597 Y117.5 E167.14074
G1 X121.672 Y118.261 E167.16617
G1 X121.894 Y118.994 E167.19165
G1 X122.255 Y119.669 E167.21711
G1 X122.741 Y120.259 E167.24253
G1 X123.331 Y120.745 E167.26795
G1 X124.006 Y121.106 E167.29341
G1 X124.739 Y121.328 E167.31889
G1 X125.5 Y121.403 E167.34432
G1 X126.261 Y121.328 E167.36975
G1 X126.994 Y121.106 E167.39523
G1 X127.669 Y120.745 E167.42069
G1 X128.259 Y120.259 E167.44611
G1 X128.745 Y119.669 E167.47153
G1 X129.106 Y118.994 E167.49699
G1 X129.328 Y118.261 E167.52247
G1 X129.403 Y117.5 E167.5479
G1 X129.328 Y116.739 E167.57333
G1 X129.106 Y116.006 E167.59881
G1 X128.745 Y115.331 E167.62427
G1 X128.259 Y114.741 E167.64969
G1 X127.669 Y114.255 E167.67511
G1 X126.994 Y113.894 E167.70057
G1 X126.261 Y113.672 E167.72605
G1 X125.5 Y113.597 E167.75148
G1 X124.739 Y113.672 E167.77691
G1 X124.006 Y113.894 E167.80239
G1 X123.331 Y114.255 E167.82785
M204 S5000
M205 X30 Y30
G0 F7200 X123.276 Y114.172
G0 X123.991 Y113.858
G0 X124.732 Y113.633
G0 X125.5 Y113.557
G0 X126.268 Y113.633
G0 X127.009 Y113.858
G0 X127.691 Y114.222
G0 X128.287 Y114.713
G0 X128.778 Y115.309
G0 X129.142 Y115.991
G0 X131.516 Y124.932
G0 X131.586 Y125.002
M204 S500
M205 X20 Y20
G1 F3600 X103.414 Y125.002 E168.76485
G1 X103.414 Y109.998 E169.26389
G1 X131.586 Y109.998 E170.20089
G1 X131.586 Y125.002 E170.69993
M204 S5000
M205 X30 Y30
G0 F7200 X131.516 Y124.932
G0 X129.142 Y115.991
G0 X128.778 Y115.309
G0 X128.287 Y114.713
G0 X127.691 Y114.222
G0 X127.009 Y113.858
G0 X126.268 Y113.633
G0 X125.5 Y113.557
G0 X125.066 Y113.599
G0 X123.925 Y113.824
G0 X124.16 Y114.265
M204 S500
M205 X20 Y20
;TYPE:WALL-OUTER
G1 F1800 X123.555 Y114.589 E170.72275
G1 X123.025 Y115.025 E170.74558
G1 X122.589 Y115.555 E170.76841
G1 X122.265 Y116.16 E170.79123
G1 X122.066 Y116.817 E170.81406
G1 X121.999 Y117.5 E170.83689
G1 X122.066 Y118.183 E170.85972
G1 X122.265 Y118.84 E170.88255
G1 X122.589 Y119.445 E170.90537
G1 X123.025 Y119.975 E170.9282
G1 X123.555 Y120.411 E170.95103
G1 X124.16 Y120.735 E170.97385
G1 X124.817 Y120.934 E170.99668
G1 X125.5 Y121.001 E171.01951
G1 X126.183 Y120.934 E171.04234
G1 X126.84 Y120.735 E171.06517
G1 X127.445 Y120.411 E171.08799
G1 X127.975 Y119.975 E171.11082
G1 X128.411 Y119.445 E171.13365
G1 X128.735 Y118.84 E171.15647
G1 X128.934 Y118.183 E171.17931
G1 X129.001 Y117.5 E171.20213
G1 X128.934 Y116.817 E171.22496
G1 X128.735 Y116.16 E171.24779
G1 X128.411 Y115.555 E171.27062
G1 X127.975 Y115.025 E171.29344
G1 X127.445 Y114.589 E171.31627
G1 X126.84 Y114.265 E171.33909
G1 X126.183 Y114.066 E171.36193
G1 X125.5 Y113.999 E171.38475
G1 X124.817 Y114.066 E171.40758
G1 X124.16 Y114.265 E171.43041
M204 S5000
M205 X30 Y30
G0 F7200 X123.984 Y114.359
G0 X123.749 Y113.918
G0 X131.516 Y110.068
G0 X131.873 Y109.667
M204 S500
M205 X20 Y20
G1 F1800 X131.986 Y109.825 E171.43687
G1 X131.986 Y125.175 E171.94741
G1 X131.873 Y125.333 E171.95387
G1 X131.682 Y125.402 E171.96063
G1 X103.318 Y125.402 E172.90402
G1 X103.127 Y125.333 E172.91077
G1 X103.014 Y125.175 E172.91724
G1 X103.014 Y109.825 E173.42778
G1 X103.127 Y109.667 E173.43424
G1 X103.318 Y109.598 E173.44099
G1 X131.682 Y109.598 E174.38438
G1 X131.873 Y109.667 E174.39114
M204 S5000
M205 X30 Y30
G0 F7200 X131.986 Y109.825
G0 X131.986 Y109.831
G0 X131.516 Y110.068
G0 X108.732 Y113.633
G0 X107.925 Y113.824
G0 X108.16 Y114.265
M204 S500
M205 X20 Y20
G1 F1800 X107.555 Y114.589 E174.41396
G1 X107.025 Y115.025 E174.43679
G1 X106.589 Y115.555 E174.45962
G1 X106.265 Y116.16 E174.48244
G1 X106.066 Y116.817 E174.50528
G1 X105.999 Y117.5 E174.5281
G1 X106.066 Y118.183 E174.55093
G1 X106.265 Y118.84 E174.57376
G1 X106.589 Y119.445 E174.59659
G1 X107.025 Y119.975 E174.61941
G1 X107.555 Y120.411 E174.64224
G1 X108.16 Y120.735 E174.66506
G1 X108.817 Y120.934 E174.6879
G1 X109.5 Y121.001 E174.71072
G1 X110.183 Y120.934 E174.73355
G1 X110.84 Y120.735 E174.75638
G1 X111.445 Y120.411 E174.77921
G1 X111.975 Y119.975 E174.80203
G1 X112.411 Y119.445 E174.82486
G1 X112.735 Y118.84 E174.84769
G1 X112.934 Y118.183 E174.87052
G1 X113.001 Y117.5 E174.89334
G1 X112.934 Y116.817 E174.91617
G1 X112.735 Y116.16 E174.939
G1 X112.411 Y115.555 E174.96183
G1 X111.975 Y115.025 E174.98465
G1 X111.445 Y114.589 E175.00748
G1 X110.84 Y114.265 E175.03031
G1 X110.183 Y114.066 E175.05314
G1 X109.5 Y113.999 E175.07596
G1 X108.817 Y114.066 E175.09879
G1 X108.16 Y114.265 E175.12162
M204 S5000
M205 X30 Y30
G0 F7200 X107.984 Y114.359
G0 X107.609 Y113.653
;MESH:NONMESH
G0 X104.501 Y110.158
;TIME_ELAPSED:196.293456
;LAYER:7
;MESH:listwa_mocujaca.stl
G0 X104.501 Y110.158 Z1.6
M204 S500
M205 X20 Y20
;TYPE:FILL
G1 F3600 X108.053 Y113.71 E175.2887
G1 X108.123 Y113.78
M204 S5000
M205 X30 Y30
G0 F7200 X108.115 Y113.757
G0 X108.289 Y113.723
G0 X110.182 Y113.504
M204 S500
M205 X20 Y20
G1 F3600 X113.528 Y110.157 E175.44611
G1 X113.598 Y110.087
M204 S5000
M205 X30 Y30
G0 F7200 X113.598 Y110.098
G0 X115.814 Y110.158
M204 S500
M205 X20 Y20
G1 F3600 X121.71 Y116.053 E175.72341
G1 X121.78 Y116.123
M204 S5000
M205 X30 Y30
G0 F7200 X121.757 Y116.115
G0 X121.577 Y117.361
G0 X121.71 Y118.946
M204 S500
M205 X20 Y20
G1 F3600 X115.814 Y124.841 E176.00072
G1 X115.744 Y124.911
M204 S5000
M205 X30 Y30
G0 F7200 X115.744 Y124.902
G0 X113.527 Y124.841
M204 S500
M205 X20 Y20
G1 F3600 X110.182 Y121.495 E176.15808
G1 X110.112 Y121.425
M204 S5000
M205 X30 Y30
G0 F7200 X110.113 Y121.443
G0 X109.94 Y121.443
G0 X108.055 Y121.287
M204 S500
M205 X20 Y20
G1 F3600 X104.501 Y124.841 E176.32525
G1 X104.431 Y124.911
M204 S5000
M205 X30 Y30
G0 F7200 X104.431 Y124.902
G0 X107.87 Y124.841
M204 S500
M205 X20 Y20
G1 F3600 X103.574 Y120.544 E176.52734
M204 S5000
M205 X30 Y30
G0 F7200 X103.574 Y120.111
M204 S500
M205 X20 Y20
G1 F3600 X105.503 Y118.182 E176.61808
G1 X105.573 Y118.112
M204 S5000
M205 X30 Y30
G0 F7200 X105.557 Y118.113
G0 X105.503 Y116.817
M204 S500
M205 X20 Y20
G1 F3600 X103.574 Y114.887 E176.70884
M204 S5000
M205 X30 Y30
G0 F7200 X103.574 Y114.455
M204 S500
M205 X20 Y20
G1 F3600 X107.871 Y110.157 E176.91098
G1 X107.941 Y110.087
M204 S5000
M205 X30 Y30
G0 F7200 X107.941 Y110.098
G0 X110.158 Y110.158
M204 S500
M205 X20 Y20
G1 F3600 X124.841 Y124.841 E177.60162
G1 X124.911 Y124.911
M204 S5000
M205 X30 Y30
G0 F7200 X124.911 Y124.902
G0 X127.128 Y124.841
M204 S500
M205 X20 Y20
G1 F3600 X131.424 Y120.545 E177.80369
M204 S5000
M205 X30 Y30
G0 F7200 X131.424 Y120.111
M204 S500
M205 X20 Y20
G1 F3600 X129.495 Y118.181 E177.89445
G1 X129.425 Y118.111
M204 S5000
M205 X30 Y30
G0 F7200 X129.442 Y118.113
G0 X129.496 Y116.817
M204 S500
M205 X20 Y20
G1 F3600 X131.424 Y114.888 E177.98516
M204 S5000
M205 X30 Y30
G0 F7200 X131.424 Y114.454
M204 S500
M205 X20 Y20
G1 F3600 X127.128 Y110.158 E178.18723
G1 X127.058 Y110.088
M204 S5000
M205 X30 Y30
G0 F7200 X127.058 Y110.098
G0 X124.842 Y110.157
M204 S500
M205 X20 Y20
G1 F3600 X110.158 Y124.841 E178.87792
G1 X110.088 Y124.911
M204 S5000
M205 X30 Y30
G0 F7200 X110.088 Y124.902
G0 X113.288 Y118.945
M204 S500
M205 X20 Y20
G1 F3600 X119.184 Y124.841 E179.15525
G1 X119.254 Y124.911
M204 S5000
M205 X30 Y30
G0 F7200 X119.254 Y124.902
G0 X121.471 Y124.841
M204 S500
M205 X20 Y20
G1 F3600 X124.817 Y121.495 E179.31264
G1 X124.887 Y121.425
M204 S5000
M205 X30 Y30
G0 F7200 X124.885 Y121.442
G0 X125.058 Y121.442
G0 X126.946 Y121.289
M204 S500
M205 X20 Y20
G1 F3600 X130.497 Y124.841 E179.47969
G1 X130.567 Y124.911
M204 S5000
M205 X30 Y30
G0 F7200 X130.567 Y124.902
G0 X129.367 Y116.732
G0 X129.142 Y115.991
G0 X128.778 Y115.309
G0 X128.287 Y114.713
G0 X126.945 Y113.711
M204 S500
M205 X20 Y20
G1 F3600 X130.499 Y110.157 E179.64686
G1 X130.569 Y110.087
M204 S5000
M205 X30 Y30
G0 F7200 X130.569 Y110.098
G0 X124.817 Y113.503
M204 S500
M205 X20 Y20
G1 F3600 X121.471 Y110.158 E179.80422
G1 X121.401 Y110.088
M204 S5000
M205 X30 Y30
G0 F7200 X121.401 Y110.098
G0 X119.185 Y110.157
M204 S500
M205 X20 Y20
G1 F3600 X113.289 Y116.053 E180.08155
G1 X113.219 Y116.123
M204 S5000
M205 X30 Y30
G0 F7200 X113.243 Y116.115
G0 X112.778 Y115.309
G0 X112.287 Y114.713
G0 X111.691 Y114.222
G0 X111.009 Y113.858
G0 X110.268 Y113.633
G0 X109.5 Y113.557
G0 X108.732 Y113.633
G0 X108.523 Y113.696
G0 X107.276 Y114.172
G0 X107.331 Y114.255
M204 S500
M205 X20 Y20
;TYPE:WALL-INNER
G1 F3600 X106.741 Y114.741 E180.10697
G1 X106.255 Y115.331 E180.1324
G1 X105.894 Y116.006 E180.15786
G1 X105.672 Y116.739 E180.18333
G1 X105.597 Y117.5 E180.20876
G1 X105.672 Y118.261 E180.2342
G1 X105.894 Y118.994 E180.25967
G1 X106.255 Y119.669 E180.28513
G1 X106.741 Y120.259 E180.31055
G1 X107.331 Y120.745 E180.33598
G1 X108.006 Y121.106 E180.36144
G1 X108.739 Y121.328 E180.38691
G1 X109.5 Y121.403 E180.41234
G1 X110.261 Y121.328 E180.43778
G1 X110.994 Y121.106 E180.46325
G1 X111.669 Y120.745 E180.48871
G1 X112.259 Y120.259 E180.51413
G1 X112.745 Y119.669 E180.53956
G1 X113.106 Y118.994 E180.56502
G1 X113.328 Y118.261 E180.59049
G1 X113.403 Y117.5 E180.61592
G1 X113.328 Y116.739 E180.64136
G1 X113.106 Y116.006 E180.66683
G1 X112.745 Y115.331 E180.69229
G1 X112.259 Y114.741 E180.71772
G1 X111.669 Y114.255 E180.74314
G1 X110.994 Y113.894 E180.7686
G1 X110.261 Y113.672 E180.79407
G1 X109.5 Y113.597 E180.81951
G1 X108.739 Y113.672 E180.84494
G1 X108.006 Y113.894 E180.87041
G1 X107.331 Y114.255 E180.89587
M204 S5000
M205 X30 Y30
G0 F7200 X107.276 Y114.172
G0 X107.991 Y113.858
G0 X108.732 Y113.633
G0 X109.353 Y113.572
G0 X123.276 Y114.172
G0 X123.331 Y114.255
M204 S500
M205 X20 Y20
G1 F3600 X122.741 Y114.741 E180.9213
G1 X122.255 Y115.331 E180.94672
G1 X121.894 Y116.006 E180.97218
G1 X121.672 Y116.739 E180.99765
G1 X121.597 Y117.5 E181.02309
G1 X121.672 Y118.261 E181.04852
G1 X121.894 Y118.994 E181.07399
G1 X122.255 Y119.669 E181.09945
G1 X122.741 Y120.259 E181.12488
G1 X123.331 Y120.745 E181.1503
G1 X124.006 Y121.106 E181.17576
G1 X124.739 Y121.328 E181.20123
G1 X125.5 Y121.403 E181.22667
G1 X126.261 Y121.328 E181.2521
G1 X126.994 Y121.106 E181.27757
G1 X127.669 Y120.745 E181.30303
G1 X128.259 Y120.259 E181.32846
G1 X128.745 Y119.669 E181.35388
G1 X129.106 Y118.994 E181.37934
G1 X129.328 Y118.261 E181.40481
G1 X129.403 Y117.5 E181.43025
G1 X129.328 Y116.739 E181.45568
G1 X129.106 Y116.006 E181.48115
G1 X128.745 Y115.331 E181.50661
G1 X128.259 Y114.741 E181.53204
G1 X127.669 Y114.255 E181.55746
G1 X126.994 Y113.894 E181.58292
G1 X126.261 Y113.672 E181.60839
G1 X125.5 Y113.597 E181.63383
G1 X124.739 Y113.672 E181.65926
G1 X124.006 Y113.894 E181.68474
G1 X123.331 Y114.255 E181.71019
M204 S5000
M205 X30 Y30
G0 F7200 X123.276 Y114.172
G0 X123.991 Y113.858
G0 X124.732 Y113.633
G0 X125.5 Y113.557
G0 X126.268 Y113.633
G0 X127.009 Y113.858
G0 X127.691 Y114.222
G0 X128.287 Y114.713
G0 X128.778 Y115.309
G0 X129.142 Y115.991
G0 X131.516 Y124.932
G0 X131.586 Y125.002
M204 S500
M205 X20 Y20
G1 F3600 X103.414 Y125.002 E182.6472
G1 X103.414 Y109.998 E183.14623
G1 X131.586 Y109.998 E184.08324
G1 X131.586 Y125.002 E184.58227
M204 S5000
M205 X30 Y30
G0 F7200 X131.516 Y124.932
G0 X129.142 Y115.991
G0 X128.778 Y115.309
G0 X128.287 Y114.713
G0 X127.691 Y114.222
G0 X127.009 Y113.858
G0 X126.268 Y113.633
G0 X125.5 Y113.557
G0 X125.066 Y113.599
G0 X123.925 Y113.824
G0 X124.16 Y114.265
M204 S500
M205 X20 Y20
;TYPE:WALL-OUTER
G1 F1800 X123.555 Y114.589 E184.6051
G1 X123.025 Y115.025 E184.62793
G1 X122.589 Y115.555 E184.65075
G1 X122.265 Y116.16 E184.67358
G1 X122.066 Y116.817 E184.69641
G1 X121.999 Y117.5 E184.71924
G1 X122.066 Y118.183 E184.74206
G1 X122.265 Y118.84 E184.76489
G1 X122.589 Y119.445 E184.78772
G1 X123.025 Y119.975 E184.81055
G1 X123.555 Y120.411 E184.83337
G1 X124.16 Y120.735 E184.8562
G1 X124.817 Y120.934 E184.87903
G1 X125.5 Y121.001 E184.90186
G1 X126.183 Y120.934 E184.92468
G1 X126.84 Y120.735 E184.94752
G1 X127.445 Y120.411 E184.97034
G1 X127.975 Y119.975 E184.99317
G1 X128.411 Y119.445 E185.01599
G1 X128.735 Y118.84 E185.03882
G1 X128.934 Y118.183 E185.06165
G1 X129.001 Y117.5 E185.08448
G1 X128.934 Y116.817 E185.1073
G1 X128.735 Y116.16 E185.13014
G1 X128.411 Y115.555 E185.15296
G1 X127.975 Y115.025 E185.17579
G1 X127.445 Y114.589 E185.19862
G1 X126.84 Y114.265 E185.22144
G1 X126.183 Y114.066 E185.24427
G1 X125.5 Y113.999 E185.2671
G1 X124.817 Y114.066 E185.28993
G1 X124.16 Y114.265 E185.31276
M204 S5000
M205 X30 Y30
G0 F7200 X123.984 Y114.359
G0 X123.749 Y113.918
G0 X131.516 Y110.068
G0 X131.873 Y109.667
M204 S500
M205 X20 Y20
G1 F1800 X131.986 Y109.825 E185.31922
G1 X131.986 Y125.175 E185.82976
G1 X131.873 Y125.333 E185.83622
G1 X131.682 Y125.402 E185.84298
G1 X103.318 Y125.402 E186.78637
G1 X103.127 Y125.333 E186.79312
G1 X103.014 Y125.175 E186.79958
G1 X103.014 Y109.825 E187.31013
G1 X103.127 Y109.667 E187.31659
G1 X103.318 Y109.598 E187.32334
G1 X131.682 Y109.598 E188.26673
G1 X131.873 Y109.667 E188.27349
M204 S5000
M205 X30 Y30
G0 F7200 X131.986 Y109.825
G0 X131.986 Y109.831
G0 X131.516 Y110.068
G0 X108.732 Y113.633
G0 X107.925 Y113.824
G0 X108.16 Y114.265
M204 S500
M205 X20 Y20
G1 F1800 X107.555 Y114.589 E188.29631
G1 X107.025 Y115.025 E188.31914
G1 X106.589 Y115.555 E188.34196
G1 X106.265 Y116.16 E188.36479
G1 X106.066 Y116.817 E188.38762
G1 X105.999 Y117.5 E188.41045
G1 X106.066 Y118.183 E188.43327
G1 X106.265 Y118.84 E188.45611
G1 X106.589 Y119.445 E188.47893
G1 X107.025 Y119.975 E188.50176
G1 X107.555 Y120.411 E188.52459
G1 X108.16 Y120.735 E188.54741
G1 X108.817 Y120.934 E188.57024
G1 X109.5 Y121.001 E188.59307
G1 X110.183 Y120.934 E188.6159
G1 X110.84 Y120.735 E188.63873
G1 X111.445 Y120.411 E188.66155
G1 X111.975 Y119.975 E188.68438
G1 X112.411 Y119.445 E188.70721
G1 X112.735 Y118.84 E188.73003
G1 X112.934 Y118.183 E188.75286
G1 X113.001 Y117.5 E188.77569
G1 X112.934 Y116.817 E188.79852
G1 X112.735 Y116.16 E188.82135
G1 X112.411 Y115.555 E188.84417
G1 X111.975 Y115.025 E188.867
G1 X111.445 Y114.589 E188.88983
G1 X110.84 Y114.265 E188.91265
G1 X110.183 Y114.066 E188.93549
G1 X109.5 Y113.999 E188.95831
G1 X108.817 Y114.066 E188.98114
G1 X108.16 Y114.265 E189.00397
M204 S5000
M205 X30 Y30
G0 F7200 X107.984 Y114.359
G0 X107.609 Y113.653
;MESH:NONMESH
G0 X104.501 Y110.158
;TIME_ELAPSED:209.097083
;LAYER:8
;MESH:listwa_mocujaca.stl
G0 X104.501 Y110.158 Z1.8
M204 S500
M205 X20 Y20
;TYPE:FILL
G1 F3600 X108.053 Y113.71 E189.17104
G1 X108.123 Y113.78
M204 S5000
M205 X30 Y30
G0 F7200 X108.115 Y113.757
G0 X108.289 Y113.723
G0 X110.182 Y113.504
M204 S500
M205 X20 Y20
G1 F3600 X113.528 Y110.157 E189.32845
G1 X113.598 Y110.087
M204 S5000
M205 X30 Y30
G0 F7200 X113.598 Y110.098
G0 X115.814 Y110.158
M204 S500
M205 X20 Y20
G1 F3600 X121.71 Y116.053 E189.60576
G1 X121.78 Y116.123
M204 S5000
M205 X30 Y30
G0 F7200 X121.757 Y116.115
G0 X121.577 Y117.361
G0 X121.71 Y118.946
M204 S500
M205 X20 Y20
G1 F3600 X115.814 Y124.841 E189.88307
G1 X115.744 Y124.911
M204 S5000
M205 X30 Y30
G0 F7200 X115.744 Y124.902
G0 X113.527 Y124.841
M204 S500
M205 X20 Y20
G1 F3600 X110.182 Y121.495 E190.04043
G1 X110.112 Y121.425
M204 S5000
M205 X30 Y30
G0 F7200 X110.113 Y121.443
G0 X109.94 Y121.443
G0 X108.055 Y121.287
M204 S500
M205 X20 Y20
G1 F3600 X104.501 Y124.841 E190.2076
G1 X104.431 Y124.911
M204 S5000
M205 X30 Y30
G0 F7200 X104.431 Y124.902
G0 X107.87 Y124.841
M204 S500
M205 X20 Y20
G1 F3600 X103.574 Y120.544 E190.40969
M204 S5000
M205 X30 Y30
G0 F7200 X103.574 Y120.111
M204 S500
M205 X20 Y20
G1 F3600 X105.503 Y118.182 E190.50043
G1 X105.573 Y118.112
M204 S5000
M205 X30 Y30
G0 F7200 X105.557 Y118.113
G0 X105.503 Y116.817
M204 S500
M205 X20 Y20
G1 F3600 X103.574 Y114.887 E190.59118
M204 S5000
M205 X30 Y30
G0 F7200 X103.574 Y114.455
M204 S500
M205 X20 Y20
G1 F3600 X107.871 Y110.157 E190.79332
G1 X107.941 Y110.087
M204 S5000
M205 X30 Y30
G0 F7200 X107.941 Y110.098
G0 X110.158 Y110.158
M204 S500
M205 X20 Y20
G1 F3600 X124.841 Y124.841 E191.48397
G1 X124.911 Y124.911
M204 S5000
M205 X30 Y30
G0 F7200 X124.911 Y124.902
G0 X127.128 Y124.841
M204 S500
M205 X20 Y20
G1 F3600 X131.424 Y120.545 E191.68604
M204 S5000
M205 X30 Y30
G0 F7200 X131.424 Y120.111
M204 S500
M205 X20 Y20
G1 F3600 X129.495 Y118.181 E191.7768
G1 X129.425 Y118.111
M204 S5000
M205 X30 Y30
G0 F7200 X129.442 Y118.113
G0 X129.496 Y116.817
M204 S500
M205 X20 Y20
G1 F3600 X131.424 Y114.888 E191.86751
M204 S5000
M205 X30 Y30
G0 F7200 X131.424 Y114.454
M204 S500
M205 X20 Y20
G1 F3600 X127.128 Y110.158 E192.06958
G1 X127.058 Y110.088
M204 S5000
M205 X30 Y30
G0 F7200 X127.058 Y110.098
G0 X124.842 Y110.157
M204 S500
M205 X20 Y20
G1 F3600 X110.158 Y124.841 E192.76027
G1 X110.088 Y124.911
M204 S5000
M205 X30 Y30
G0 F7200 X110.088 Y124.902
G0 X113.288 Y118.945
M204 S500
M205 X20 Y20
G1 F3600 X119.184 Y124.841 E193.0376
G1 X119.254 Y124.911
M204 S5000
M205 X30 Y30
G0 F7200 X119.254 Y124.902
G0 X121.471 Y124.841
M204 S500
M205 X20 Y20
G1 F3600 X124.817 Y121.495 E193.19498
G1 X124.887 Y121.425
M204 S5000
M205 X30 Y30
G0 F7200 X124.885 Y121.442
G0 X125.058 Y121.442
G0 X126.946 Y121.289
M204 S500
M205 X20 Y20
G1 F3600 X130.497 Y124.841 E193.36204
G1 X130.567 Y124.911
M204 S5000
M205 X30 Y30
G0 F7200 X130.567 Y124.902
G0 X129.367 Y116.732
G0 X129.142 Y115.991
G0 X128.778 Y115.309
G0 X128.287 Y114.713
G0 X126.945 Y113.711
M204 S500
M205 X20 Y20
G1 F3600 X130.499 Y110.157 E193.5292
G1 X130.569 Y110.087
M204 S5000
M205 X30 Y30
G0 F7200 X130.569 Y110.098
G0 X124.817 Y113.503
M204 S500
M205 X20 Y20
G1 F3600 X121.471 Y110.158 E193.68657
G1 X121.401 Y110.088
M204 S5000
M205 X30 Y30
G0 F7200 X121.401 Y110.098
G0 X119.185 Y110.157
M204 S500
M205 X20 Y20
G1 F3600 X113.289 Y116.053 E193.9639
G1 X113.219 Y116.123
M204 S5000
M205 X30 Y30
G0 F7200 X113.243 Y116.115
G0 X112.778 Y115.309
G0 X112.287 Y114.713
G0 X111.691 Y114.222
G0 X111.009 Y113.858
G0 X110.268 Y113.633
G0 X109.5 Y113.557
G0 X108.732 Y113.633
G0 X108.523 Y113.696
G0 X107.276 Y114.172
G0 X107.331 Y114.255
M204 S500
M205 X20 Y20
;TYPE:WALL-INNER
G1 F3600 X106.741 Y114.741 E193.98932
G1 X106.255 Y115.331 E194.01474
G1 X105.894 Y116.006 E194.0402
G1 X105.672 Y116.739 E194.06568
G1 X105.597 Y117.5 E194.09111
G1 X105.672 Y118.261 E194.11654
G1 X105.894 Y118.994 E194.14202
G1 X106.255 Y119.669 E194.16748
G1 X106.741 Y120.259 E194.1929
G1 X107.331 Y120.745 E194.21832
G1 X108.006 Y121.106 E194.24378
G1 X108.739 Y121.328 E194.26926
G1 X109.5 Y121.403 E194.29469
G1 X110.261 Y121.328 E194.32012
G1 X110.994 Y121.106 E194.3456
G1 X111.669 Y120.745 E194.37106
G1 X112.259 Y120.259 E194.39648
G1 X112.745 Y119.669 E194.42191
G1 X113.106 Y118.994 E194.44736
G1 X113.328 Y118.261 E194.47284
G1 X113.403 Y117.5 E194.49827
G1 X113.328 Y116.739 E194.52371
G1 X113.106 Y116.006 E194.54918
G1 X112.745 Y115.331 E194.57464
G1 X112.259 Y114.741 E194.60006
G1 X111.669 Y114.255 E194.62549
G1 X110.994 Y113.894 E194.65095
G1 X110.261 Y113.672 E194.67642
G1 X109.5 Y113.597 E194.70185
G1 X108.739 Y113.672 E194.72729
G1 X108.006 Y113.894 E194.75276
G1 X107.331 Y114.255 E194.77822
M204 S5000
M205 X30 Y30
G0 F7200 X107.276 Y114.172
G0 X107.991 Y113.858
G0 X108.732 Y113.633
G0 X109.353 Y113.572
G0 X123.276 Y114.172
G0 X123.331 Y114.255
M204 S500
M205 X20 Y20
G1 F3600 X122.741 Y114.741 E194.80364
G1 X122.255 Y115.331 E194.82907
G1 X121.894 Y116.006 E194.85453
G1 X121.672 Y116.739 E194.88
G1 X121.597 Y117.5 E194.90543
G1 X121.672 Y118.261 E194.93087
G1 X121.894 Y118.994 E194.95634
G1 X122.255 Y119.669 E194.9818
G1 X122.741 Y120.259 E195.00722
G1 X123.331 Y120.745 E195.03265
G1 X124.006 Y121.106 E195.05811
G1 X124.739 Y121.328 E195.08358
G1 X125.5 Y121.403 E195.10901
G1 X126.261 Y121.328 E195.13445
G1 X126.994 Y121.106 E195.15992
G1 X127.669 Y120.745 E195.18538
G1 X128.259 Y120.259 E195.2108
G1 X128.745 Y119.669 E195.23623
G1 X129.106 Y118.994 E195.26169
G1 X129.328 Y118.261 E195.28716
G1 X129.403 Y117.5 E195.31259
G1 X129.328 Y116.739 E195.33803
G1 X129.106 Y116.006 E195.3635
G1 X128.745 Y115.331 E195.38896
G1 X128.259 Y114.741 E195.41438
G1 X127.669 Y114.255 E195.43981
G1 X126.994 Y113.894 E195.46527
G1 X126.261 Y113.672 E195.49074
G1 X125.5 Y113.597 E195.51618
G1 X124.739 Y113.672 E195.54161
G1 X124.006 Y113.894 E195.56708
G1 X123.331 Y114.255 E195.59254
M204 S5000
M205 X30 Y30
G0 F7200 X123.276 Y114.172
G0 X123.991 Y113.858
G0 X124.732 Y113.633
G0 X125.5 Y113.557
G0 X126.268 Y113.633
G0 X127.009 Y113.858
G0 X127.691 Y114.222
G0 X128.287 Y114.713
G0 X128.778 Y115.309
G0 X129.142 Y115.991
G0 X131.516 Y124.932
G0 X131.586 Y125.002
M204 S500
M205 X20 Y20
G1 F3600 X103.414 Y125.002 E196.52955
G1 X103.414 Y109.998 E197.02858
G1 X131.586 Y109.998 E197.96559
G1 X131.586 Y125.002 E198.46462
M204 S5000
M205 X30 Y30
G0 F7200 X131.516 Y124.932
G0 X129.142 Y115.991
G0 X128.778 Y115.309
G0 X128.287 Y114.713
G0 X127.691 Y114.222
G0 X127.009 Y113.858
G0 X126.268 Y113.633
G0 X125.5 Y113.557
G0 X125.066 Y113.599
G0 X123.925 Y113.824
G0 X124.16 Y114.265
M204 S500
M205 X20 Y20
;TYPE:WALL-OUTER
G1 F1800 X123.555 Y114.589 E198.48745
G1 X123.025 Y115.025 E198.51027
G1 X122.589 Y115.555 E198.5331
G1 X122.265 Y116.16 E198.55593
G1 X122.066 Y116.817 E198.57876
G1 X121.999 Y117.5 E198.60158
G1 X122.066 Y118.183 E198.62441
G1 X122.265 Y118.84 E198.64724
G1 X122.589 Y119.445 E198.67007
G1 X123.025 Y119.975 E198.69289
G1 X123.555 Y120.411 E198.71572
G1 X124.16 Y120.735 E198.73855
G1 X124.817 Y120.934 E198.76138
G1 X125.5 Y121.001 E198.7842
G1 X126.183 Y120.934 E198.80703
G1 X126.84 Y120.735 E198.82986
G1 X127.445 Y120.411 E198.85269
G1 X127.975 Y119.975 E198.87552
G1 X128.411 Y119.445 E198.89834
G1 X128.735 Y118.84 E198.92117
G1 X128.934 Y118.183 E198.944
G1 X129.001 Y117.5 E198.96683
G1 X128.934 Y116.817 E198.98965
G1 X128.735 Y116.16 E199.01248
G1 X128.411 Y115.555 E199.03531
G1 X127.975 Y115.025 E199.05814
G1 X127.445 Y114.589 E199.08096
G1 X126.84 Y114.265 E199.10379
G1 X126.183 Y114.066 E199.12662
G1 X125.5 Y113.999 E199.14945
G1 X124.817 Y114.066 E199.17227
G1 X124.16 Y114.265 E199.1951
M204 S5000
M205 X30 Y30
G0 F7200 X123.984 Y114.359
G0 X123.749 Y113.918
G0 X131.516 Y110.068
G0 X131.873 Y109.667
M204 S500
M205 X20 Y20
G1 F1800 X131.986 Y109.825 E199.20157
G1 X131.986 Y125.175 E199.71211
G1 X131.873 Y125.333 E199.71857
G1 X131.682 Y125.402 E199.72532
G1 X103.318 Y125.402 E200.66871
G1 X103.127 Y125.333 E200.67547
G1 X103.014 Y125.175 E200.68193
G1 X103.014 Y109.825 E201.19247
G1 X103.127 Y109.667 E201.19893
G1 X103.318 Y109.598 E201.20569
G1 X131.682 Y109.598 E202.14908
G1 X131.873 Y109.667 E202.15583
M204 S5000
M205 X30 Y30
G0 F7200 X131.986 Y109.825
G0 X131.986 Y109.831
G0 X131.516 Y110.068
G0 X108.732 Y113.633
G0 X107.925 Y113.824
G0 X108.16 Y114.265
M204 S500
M205 X20 Y20
G1 F1800 X107.555 Y114.589 E202.17866
G1 X107.025 Y115.025 E202.20149
G1 X106.589 Y115.555 E202.22431
G1 X106.265 Y116.16 E202.24714
G1 X106.066 Y116.817 E202.26997
G1 X105.999 Y117.5 E202.2928
G1 X106.066 Y118.183 E202.31562
G1 X106.265 Y118.84 E202.33845
G1 X106.589 Y119.445 E202.36128
G1 X107.025 Y119.975 E202.38411
G1 X107.555 Y120.411 E202.40693
G1 X108.16 Y120.735 E202.42976
G1 X108.817 Y120.934 E202.45259
G1 X109.5 Y121.001 E202.47542
G1 X110.183 Y120.934 E202.49824
G1 X110.84 Y120.735 E202.52107
G1 X111.445 Y120.411 E202.5439
G1 X111.975 Y119.975 E202.56673
G1 X112.411 Y119.445 E202.58955
G1 X112.735 Y118.84 E202.61238
G1 X112.934 Y118.183 E202.63521
G1 X113.001 Y117.5 E202.65804
G1 X112.934 Y116.817 E202.68086
G1 X112.735 Y116.16 E202.7037
G1 X112.411 Y115.555 E202.72652
G1 X111.975 Y115.025 E202.74935
G1 X111.445 Y114.589 E202.77217
G1 X110.84 Y114.265 E202.795
G1 X110.183 Y114.066 E202.81783
G1 X109.5 Y113.999 E202.84066
G1 X108.817 Y114.066 E202.86348
G1 X108.16 Y114.265 E202.88632
M204 S5000
M205 X30 Y30
G0 F7200 X107.984 Y114.359
G0 X107.609 Y113.653
;MESH:NONMESH
G0 X104.501 Y110.158
;TIME_ELAPSED:221.900711
;LAYER:9
;MESH:listwa_mocujaca.stl
G0 X104.501 Y110.158 Z2
M204 S500
M205 X20 Y20
;TYPE:FILL
G1 F3600 X108.053 Y113.71 E203.05339
G1 X108.123 Y113.78
M204 S5000
M205 X30 Y30
G0 F7200 X108.115 Y113.757
G0 X108.289 Y113.723
G0 X110.182 Y113.504
M204 S500
M205 X20 Y20
G1 F3600 X113.528 Y110.157 E203.2108
G1 X113.598 Y110.087
M204 S5000
M205 X30 Y30
G0 F7200 X113.598 Y110.098
G0 X115.814 Y110.158
M204 S500
M205 X20 Y20
G1 F3600 X121.71 Y116.053 E203.48811
G1 X121.78 Y116.123
M204 S5000
M205 X30 Y30
G0 F7200 X121.757 Y116.115
G0 X121.577 Y117.361
G0 X121.71 Y118.946
M204 S500
M205 X20 Y20
G1 F3600 X115.814 Y124.841 E203.76541
G1 X115.744 Y124.911
M204 S5000
M205 X30 Y30
G0 F7200 X115.744 Y124.902
G0 X113.527 Y124.841
M204 S500
M205 X20 Y20
G1 F3600 X110.182 Y121.495 E203.92277
G1 X110.112 Y121.425
M204 S5000
M205 X30 Y30
G0 F7200 X110.113 Y121.443
G0 X109.94 Y121.443
G0 X108.055 Y121.287
M204 S500
M205 X20 Y20
G1 F3600 X104.501 Y124.841 E204.08994
G1 X104.431 Y124.911
M204 S5000
M205 X30 Y30
G0 F7200 X104.431 Y124.902
G0 X107.87 Y124.841
M204 S500
M205 X20 Y20
G1 F3600 X103.574 Y120.544 E204.29204
M204 S5000
M205 X30 Y30
G0 F7200 X103.574 Y120.111
M204 S500
M205 X20 Y20
G1 F3600 X105.503 Y118.182 E204.38277
G1 X105.573 Y118.112
M204 S5000
M205 X30 Y30
G0 F7200 X105.557 Y118.113
G0 X105.503 Y116.817
M204 S500
M205 X20 Y20
G1 F3600 X103.574 Y114.887 E204.47353
M204 S5000
M205 X30 Y30
G0 F7200 X103.574 Y114.455
M204 S500
M205 X20 Y20
G1 F3600 X107.871 Y110.157 E204.67567
G1 X107.941 Y110.087
M204 S5000
M205 X30 Y30
G0 F7200 X107.941 Y110.098
G0 X110.158 Y110.158
M204 S500
M205 X20 Y20
G1 F3600 X124.841 Y124.841 E205.36631
G1 X124.911 Y124.911
M204 S5000
M205 X30 Y30
G0 F7200 X124.911 Y124.902
G0 X127.128 Y124.841
M204 S500
M205 X20 Y20
G1 F3600 X131.424 Y120.545 E205.56839
M204 S5000
M205 X30 Y30
G0 F7200 X131.424 Y120.111
M204 S500
M205 X20 Y20
G1 F3600 X129.495 Y118.181 E205.65914
G1 X129.425 Y118.111
M204 S5000
M205 X30 Y30
G0 F7200 X129.442 Y118.113
G0 X129.496 Y116.817
M204 S500
M205 X20 Y20
G1 F3600 X131.424 Y114.888 E205.74985
M204 S5000
M205 X30 Y30
G0 F7200 X131.424 Y114.454
M204 S500
M205 X20 Y20
G1 F3600 X127.128 Y110.158 E205.95192
G1 X127.058 Y110.088
M204 S5000
M205 X30 Y30
G0 F7200 X127.058 Y110.098
G0 X124.842 Y110.157
M204 S500
M205 X20 Y20
G1 F3600 X110.158 Y124.841 E206.64262
G1 X110.088 Y124.911
M204 S5000
M205 X30 Y30
G0 F7200 X110.088 Y124.902
G0 X113.288 Y118.945
M204 S500
M205 X20 Y20
G1 F3600 X119.184 Y124.841 E206.91994
G1 X119.254 Y124.911
M204 S5000
M205 X30 Y30
G0 F7200 X119.254 Y124.902
G0 X121.471 Y124.841
M204 S500
M205 X20 Y20
G1 F3600 X124.817 Y121.495 E207.07733
G1 X124.887 Y121.425
M204 S5000
M205 X30 Y30
G0 F7200 X124.885 Y121.442
G0 X125.058 Y121.442
G0 X126.946 Y121.289
M204 S500
M205 X20 Y20
G1 F3600 X130.497 Y124.841 E207.24438
G1 X130.567 Y124.911
M204 S5000
M205 X30 Y30
G0 F7200 X130.567 Y124.902
G0 X129.367 Y116.732
G0 X129.142 Y115.991
G0 X128.778 Y115.309
G0 X128.287 Y114.713
G0 X126.945 Y113.711
M204 S500
M205 X20 Y20
G1 F3600 X130.499 Y110.157 E207.41155
G1 X130.569 Y110.087
M204 S5000
M205 X30 Y30
G0 F7200 X130.569 Y110.098
G0 X124.817 Y113.503
M204 S500
M205 X20 Y20
G1 F3600 X121.471 Y110.158 E207.56891
G1 X121.401 Y110.088
M204 S5000
M205 X30 Y30
G0 F7200 X121.401 Y110.098
G0 X119.185 Y110.157
M204 S500
M205 X20 Y20
G1 F3600 X113.289 Y116.053 E207.84624
G1 X113.219 Y116.123
M204 S5000
M205 X30 Y30
G0 F7200 X113.243 Y116.115
G0 X112.778 Y115.309
G0 X112.287 Y114.713
G0 X111.691 Y114.222
G0 X111.009 Y113.858
G0 X110.268 Y113.633
G0 X109.5 Y113.557
G0 X108.732 Y113.633
G0 X108.523 Y113.696
G0 X107.276 Y114.172
G0 X107.331 Y114.255
M204 S500
M205 X20 Y20
;TYPE:WALL-INNER
G1 F3600 X106.741 Y114.741 E207.87167
G1 X106.255 Y115.331 E207.89709
G1 X105.894 Y116.006 E207.92255
G1 X105.672 Y116.739 E207.94802
G1 X105.597 Y117.5 E207.97346
G1 X105.672 Y118.261 E207.99889
G1 X105.894 Y118.994 E208.02436
G1 X106.255 Y119.669 E208.04982
G1 X106.741 Y120.259 E208.07525
G1 X107.331 Y120.745 E208.10067
G1 X108.006 Y121.106 E208.12613
G1 X108.739 Y121.328 E208.1516
G1 X109.5 Y121.403 E208.17704
G1 X110.261 Y121.328 E208.20247
G1 X110.994 Y121.106 E208.22794
G1 X111.669 Y120.745 E208.2534
G1 X112.259 Y120.259 E208.27883
G1 X112.745 Y119.669 E208.30425
G1 X113.106 Y118.994 E208.32971
G1 X113.328 Y118.261 E208.35519
G1 X113.403 Y117.5 E208.38062
G1 X113.328 Y116.739 E208.40605
G1 X113.106 Y116.006 E208.43153
G1 X112.745 Y115.331 E208.45699
G1 X112.259 Y114.741 E208.48241
G1 X111.669 Y114.255 E208.50783
G1 X110.994 Y113.894 E208.53329
G1 X110.261 Y113.672 E208.55877
G1 X109.5 Y113.597 E208.5842
G1 X108.739 Y113.672 E208.60963
G1 X108.006 Y113.894 E208.63511
G1 X107.331 Y114.255 E208.66057
M204 S5000
M205 X30 Y30
G0 F7200 X107.276 Y114.172
G0 X107.991 Y113.858
G0 X108.732 Y113.633
G0 X109.353 Y113.572
G0 X123.276 Y114.172
G0 X123.331 Y114.255
M204 S500
M205 X20 Y20
G1 F3600 X122.741 Y114.741 E208.68599
G1 X122.255 Y115.331 E208.71141
G1 X121.894 Y116.006 E208.73687
G1 X121.672 Y116.739 E208.76235
G1 X121.597 Y117.5 E208.78778
G1 X121.672 Y118.261 E208.81321
G1 X121.894 Y118.994 E208.83869
G1 X122.255 Y119.669 E208.86415
G1 X122.741 Y120.259 E208.88957
G1 X123.331 Y120.745 E208.91499
G1 X124.006 Y121.106 E208.94045
G1 X124.739 Y121.328 E208.96593
G1 X125.5 Y121.403 E208.99136
G1 X126.261 Y121.328 E209.01679
G1 X126.994 Y121.106 E209.04227
G1 X127.669 Y120.745 E209.06773
G1 X128.259 Y120.259 E209.09315
G1 X128.745 Y119.669 E209.11857
G1 X129.106 Y118.994 E209.14403
G1 X129.328 Y118.261 E209.16951
G1 X129.403 Y117.5 E209.19494
G1 X129.328 Y116.739 E209.22038
G1 X129.106 Y116.006 E209.24585
G1 X128.745 Y115.331 E209.27131
G1 X128.259 Y114.741 E209.29673
G1 X127.669 Y114.255 E209.32216
G1 X126.994 Y113.894 E209.34762
G1 X126.261 Y113.672 E209.37309
G1 X125.5 Y113.597 E209.39852
G1 X124.739 Y113.672 E209.42396
G1 X124.006 Y113.894 E209.44943
G1 X123.331 Y114.255 E209.47489
M204 S5000
M205 X30 Y30
G0 F7200 X123.276 Y114.172
G0 X123.991 Y113.858
G0 X124.732 Y113.633
G0 X125.5 Y113.557
G0 X126.268 Y113.633
G0 X127.009 Y113.858
G0 X127.691 Y114.222
G0 X128.287 Y114.713
G0 X128.778 Y115.309
G0 X129.142 Y115.991
G0 X131.516 Y124.932
G0 X131.586 Y125.002
M204 S500
M205 X20 Y20
G1 F3600 X103.414 Y125.002 E210.41189
G1 X103.414 Y109.998 E210.91093
G1 X131.586 Y109.998 E211.84793
G1 X131.586 Y125.002 E212.34697
M204 S5000
M205 X30 Y30
G0 F7200 X131.516 Y124.932
G0 X129.142 Y115.991
G0 X128.778 Y115.309
G0 X128.287 Y114.713
G0 X127.691 Y114.222
G0 X127.009 Y113.858
G0 X126.268 Y113.633
G0 X125.5 Y113.557
G0 X125.066 Y113.599
G0 X123.925 Y113.824
G0 X124.16 Y114.265
M204 S500
M205 X20 Y20
;TYPE:WALL-OUTER
G1 F1800 X123.555 Y114.589 E212.36979
G1 X123.025 Y115.025 E212.39262
G1 X122.589 Y115.555 E212.41545
G1 X122.265 Y116.16 E212.43827
G1 X122.066 Y116.817 E212.46111
G1 X121.999 Y117.5 E212.48393
G1 X122.066 Y118.183 E212.50676
G1 X122.265 Y118.84 E212.52959
G1 X122.589 Y119.445 E212.55242
G1 X123.025 Y119.975 E212.57524
G1 X123.555 Y120.411 E212.59807
G1 X124.16 Y120.735 E212.62089
G1 X124.817 Y120.934 E212.64373
G1 X125.5 Y121.001 E212.66655
G1 X126.183 Y120.934 E212.68938
G1 X126.84 Y120.735 E212.71221
G1 X127.445 Y120.411 E212.73504
G1 X127.975 Y119.975 E212.75786
G1 X128.411 Y119.445 E212.78069
G1 X128.735 Y118.84 E212.80351
G1 X128.934 Y118.183 E212.82635
G1 X129.001 Y117.5 E212.84917
G1 X128.934 Y116.817 E212.872
G1 X128.735 Y116.16 E212.89483
G1 X128.411 Y115.555 E212.91766
G1 X127.975 Y115.025 E212.94048
G1 X127.445 Y114.589 E212.96331
G1 X126.84 Y114.265 E212.98614
G1 X126.183 Y114.066 E213.00897
G1 X125.5 Y113.999 E213.03179
G1 X124.817 Y114.066 E213.05462
G1 X124.16 Y114.265 E213.07745
M204 S5000
M205 X30 Y30
G0 F7200 X123.984 Y114.359
G0 X123.749 Y113.918
G0 X131.516 Y110.068
G0 X131.873 Y109.667
M204 S500
M205 X20 Y20
G1 F1800 X131.986 Y109.825 E213.08391
G1 X131.986 Y125.175 E213.59446
G1 X131.873 Y125.333 E213.60092
G1 X131.682 Y125.402 E213.60767
G1 X103.318 Y125.402 E214.55106
G1 X103.127 Y125.333 E214.55782
G1 X103.014 Y125.175 E214.56428
G1 X103.014 Y109.825 E215.07482
G1 X103.127 Y109.667 E215.08128
G1 X103.318 Y109.598 E215.08803
G1 X131.682 Y109.598 E216.03143
G1 X131.873 Y109.667 E216.03818
M204 S5000
M205 X30 Y30
G0 F7200 X131.986 Y109.825
G0 X131.986 Y109.831
G0 X131.516 Y110.068
G0 X108.732 Y113.633
G0 X107.925 Y113.824
G0 X108.16 Y114.265
M204 S500
M205 X20 Y20
G1 F1800 X107.555 Y114.589 E216.06101
G1 X107.025 Y115.025 E216.08383
G1 X106.589 Y115.555 E216.10666
G1 X106.265 Y116.16 E216.12948
G1 X106.066 Y116.817 E216.15232
G1 X105.999 Y117.5 E216.17514
G1 X106.066 Y118.183 E216.19797
G1 X106.265 Y118.84 E216.2208
G1 X106.589 Y119.445 E216.24363
G1 X107.025 Y119.975 E216.26645
G1 X107.555 Y120.411 E216.28928
G1 X108.16 Y120.735 E216.31211
G1 X108.817 Y120.934 E216.33494
G1 X109.5 Y121.001 E216.35776
G1 X110.183 Y120.934 E216.38059
G1 X110.84 Y120.735 E216.40342
G1 X111.445 Y120.411 E216.42625
G1 X111.975 Y119.975 E216.44907
G1 X112.411 Y119.445 E216.4719
G1 X112.735 Y118.84 E216.49473
G1 X112.934 Y118.183 E216.51756
G1 X113.001 Y117.5 E216.54038
G1 X112.934 Y116.817 E216.56321
G1 X112.735 Y116.16 E216.58604
G1 X112.411 Y115.555 E216.60887
G1 X111.975 Y115.025 E216.63169
G1 X111.445 Y114.589 E216.65452
G1 X110.84 Y114.265 E216.67735
G1 X110.183 Y114.066 E216.70018
G1 X109.5 Y113.999 E216.72301
G1 X108.817 Y114.066 E216.74583
G1 X108.16 Y114.265 E216.76866
M204 S5000
M205 X30 Y30
G0 F7200 X107.984 Y114.359
G0 X107.609 Y113.653
;MESH:NONMESH
G0 X104.501 Y110.158
;TIME_ELAPSED:234.704338
;LAYER:10
;MESH:listwa_mocujaca.stl
G0 X104.501 Y110.158 Z2.2
M204 S500
M205 X20 Y20
;TYPE:FILL
G1 F3600 X108.053 Y113.71 E216.93574
G1 X108.123 Y113.78
M204 S5000
M205 X30 Y30
G0 F7200 X108.115 Y113.757
G0 X108.289 Y113.723
G0 X110.182 Y113.504
M204 S500
M205 X20 Y20
G1 F3600 X113.528 Y110.157 E217.09315
G1 X113.598 Y110.087
M204 S5000
M205 X30 Y30
G0 F7200 X113.598 Y110.098
G0 X115.814 Y110.158
M204 S500
M205 X20 Y20
G1 F3600 X121.71 Y116.053 E217.37045
G1 X121.78 Y116.123
M204 S5000
M205 X30 Y30
G0 F7200 X121.757 Y116.115
G0 X121.577 Y117.361
G0 X121.71 Y118.946
M204 S500
M205 X20 Y20
G1 F3600 X115.814 Y124.841 E217.64776
G1 X115.744 Y124.911
M204 S5000
M205 X30 Y30
G0 F7200 X115.744 Y124.902
G0 X113.527 Y124.841
M204 S500
M205 X20 Y20
G1 F3600 X110.182 Y121.495 E217.80512
G1 X110.112 Y121.425
M204 S5000
M205 X30 Y30
G0 F7200 X110.113 Y121.443
G0 X109.94 Y121.443
G0 X108.055 Y121.287
M204 S500
M205 X20 Y20
G1 F3600 X104.501 Y124.841 E217.97229
G1 X104.431 Y124.911
M204 S5000
M205 X30 Y30
G0 F7200 X104.431 Y124.902
G0 X107.87 Y124.841
M204 S500
M205 X20 Y20
G1 F3600 X103.574 Y120.544 E218.17439
M204 S5000
M205 X30 Y30
G0 F7200 X103.574 Y120.111
M204 S500
M205 X20 Y20
G1 F3600 X105.503 Y118.182 E218.26512
G1 X105.573 Y118.112
M204 S5000
M205 X30 Y30
G0 F7200 X105.557 Y118.113
G0 X105.503 Y116.817
M204 S500
M205 X20 Y20
G1 F3600 X103.574 Y114.887 E218.35588
M204 S5000
M205 X30 Y30
G0 F7200 X103.574 Y114.455
M204 S500
M205 X20 Y20
G1 F3600 X107.871 Y110.157 E218.55802
G1 X107.941 Y110.087
M204 S5000
M205 X30 Y30
G0 F7200 X107.941 Y110.098
G0 X110.158 Y110.158
M204 S500
M205 X20 Y20
G1 F3600 X124.841 Y124.841 E219.24866
G1 X124.911 Y124.911
M204 S5000
M205 X30 Y30
G0 F7200 X124.911 Y124.902
G0 X127.128 Y124.841
M204 S500
M205 X20 Y20
G1 F3600 X131.424 Y120.545 E219.45073
M204 S5000
M205 X30 Y30
G0 F7200 X131.424 Y120.111
M204 S500
M205 X20 Y20
G1 F3600 X129.495 Y118.181 E219.54149
G1 X129.425 Y118.111
M204 S5000
M205 X30 Y30
G0 F7200 X129.442 Y118.113
G0 X129.496 Y116.817
M204 S500
M205 X20 Y20
G1 F3600 X131.424 Y114.888 E219.6322
M204 S5000
M205 X30 Y30
G0 F7200 X131.424 Y114.454
M204 S500
M205 X20 Y20
G1 F3600 X127.128 Y110.158 E219.83427
G1 X127.058 Y110.088
M204 S5000
M205 X30 Y30
G0 F7200 X127.058 Y110.098
G0 X124.842 Y110.157
M204 S500
M205 X20 Y20
G1 F3600 X110.158 Y124.841 E220.52496
G1 X110.088 Y124.911
M204 S5000
M205 X30 Y30
G0 F7200 X110.088 Y124.902
G0 X113.288 Y118.945
M204 S500
M205 X20 Y20
G1 F3600 X119.184 Y124.841 E220.80229
G1 X119.254 Y124.911
M204 S5000
M205 X30 Y30
G0 F7200 X119.254 Y124.902
G0 X121.471 Y124.841
M204 S500
M205 X20 Y20
G1 F3600 X124.817 Y121.495 E220.95968
G1 X124.887 Y121.425
M204 S5000
M205 X30 Y30
G0 F7200 X124.885 Y121.442
G0 X125.058 Y121.442
G0 X126.946 Y121.289
M204 S500
M205 X20 Y20
G1 F3600 X130.497 Y124.841 E221.12673
G1 X130.567 Y124.911
M204 S5000
M205 X30 Y30
G0 F7200 X130.567 Y124.902
G0 X129.367 Y116.732
G0 X129.142 Y115.991
G0 X128.778 Y115.309
G0 X128.287 Y114.713
G0 X126.945 Y113.711
M204 S500
M205 X20 Y20
G1 F3600 X130.499 Y110.157 E221.2939
G1 X130.569 Y110.087
M204 S5000
M205 X30 Y30
G0 F7200 X130.569 Y110.098
G0 X124.817 Y113.503
M204 S500
M205 X20 Y20
G1 F3600 X121.471 Y110.158 E221.45126
G1 X121.401 Y110.088
M204 S5000
M205 X30 Y30
G0 F7200 X121.401 Y110.098
G0 X119.185 Y110.157
M204 S500
M205 X20 Y20
G1 F3600 X113.289 Y116.053 E221.72859
G1 X113.219 Y116.123
M204 S5000
M205 X30 Y30
G0 F7200 X113.243 Y116.115
G0 X112.778 Y115.309
G0 X112.287 Y114.713
G0 X111.691 Y114.222
G0 X111.009 Y113.858
G0 X110.268 Y113.633
G0 X109.5 Y113.557
G0 X108.732 Y113.633
G0 X108.523 Y113.696
G0 X107.276 Y114.172
G0 X107.331 Y114.255
M204 S500
M205 X20 Y20
;TYPE:WALL-INNER
G1 F3600 X106.741 Y114.741 E221.75401
G1 X106.255 Y115.331 E221.77944
G1 X105.894 Y116.006 E221.8049
G1 X105.672 Y116.739 E221.83037
G1 X105.597 Y117.5 E221.8558
G1 X105.672 Y118.261 E221.88124
G1 X105.894 Y118.994 E221.90671
G1 X106.255 Y119.669 E221.93217
G1 X106.741 Y120.259 E221.95759
G1 X107.331 Y120.745 E221.98302
G1 X108.006 Y121.106 E222.00848
G1 X108.739 Y121.328 E222.03395
G1 X109.5 Y121.403 E222.05939
G1 X110.261 Y121.328 E222.08482
G1 X110.994 Y121.106 E222.11029
G1 X111.669 Y120.745 E222.13575
G1 X112.259 Y120.259 E222.16118
G1 X112.745 Y119.669 E222.1866
G1 X113.106 Y118.994 E222.21206
G1 X113.328 Y118.261 E222.23753
G1 X113.403 Y117.5 E222.26297
G1 X113.328 Y116.739 E222.2884
G1 X113.106 Y116.006 E222.31387
G1 X112.745 Y115.331 E222.33933
G1 X112.259 Y114.741 E222.36476
G1 X111.669 Y114.255 E222.39018
G1 X110.994 Y113.894 E222.41564
G1 X110.261 Y113.672 E222.44111
G1 X109.5 Y113.597 E222.46655
G1 X108.739 Y113.672 E222.49198
G1 X108.006 Y113.894 E222.51745
G1 X107.331 Y114.255 E222.54291
M204 S5000
M205 X30 Y30
G0 F7200 X107.276 Y114.172
G0 X107.991 Y113.858
G0 X108.732 Y113.633
G0 X109.353 Y113.572
G0 X123.276 Y114.172
G0 X123.331 Y114.255
M204 S500
M205 X20 Y20
G1 F3600 X122.741 Y114.741 E222.56834
G1 X122.255 Y115.331 E222.59376
G1 X121.894 Y116.006 E222.61922
G1 X121.672 Y116.739 E222.64469
G1 X121.597 Y117.5 E222.67013
G1 X121.672 Y118.261 E222.69556
G1 X121.894 Y118.994 E222.72103
G1 X122.255 Y119.669 E222.74649
G1 X122.741 Y120.259 E222.77192
G1 X123.331 Y120.745 E222.79734
G1 X124.006 Y121.106 E222.8228
G1 X124.739 Y121.328 E222.84827
G1 X125.5 Y121.403 E222.87371
G1 X126.261 Y121.328 E222.89914
G1 X126.994 Y121.106 E222.92461
G1 X127.669 Y120.745 E222.95007
G1 X128.259 Y120.259 E222.9755
G1 X128.745 Y119.669 E223.00092
G1 X129.106 Y118.994 E223.02638
G1 X129.328 Y118.261 E223.05185
G1 X129.403 Y117.5 E223.07729
G1 X129.328 Y116.739 E223.10272
G1 X129.106 Y116.006 E223.1282
G1 X128.745 Y115.331 E223.15366
G1 X128.259 Y114.741 E223.17908
G1 X127.669 Y114.255 E223.2045
G1 X126.994 Y113.894 E223.22996
G1 X126.261 Y113.672 E223.25544
G1 X125.5 Y113.597 E223.28087
G1 X124.739 Y113.672 E223.3063
G1 X124.006 Y113.894 E223.33178
G1 X123.331 Y114.255 E223.35724
M204 S5000
M205 X30 Y30
G0 F7200 X123.276 Y114.172
G0 X123.991 Y113.858
G0 X124.732 Y113.633
G0 X125.5 Y113.557
G0 X126.268 Y113.633
G0 X127.009 Y113.858
G0 X127.691 Y114.222
G0 X128.287 Y114.713
G0 X128.778 Y115.309
G0 X129.142 Y115.991
G0 X131.516 Y124.932
G0 X131.586 Y125.002
M204 S500
M205 X20 Y20
G1 F3600 X103.414 Y125.002 E224.29424
G1 X103.414 Y109.998 E224.79328
G1 X131.586 Y109.998 E225.73028
G1 X131.586 Y125.002 E226.22931
M204 S5000
M205 X30 Y30
G0 F7200 X131.516 Y124.932
G0 X129.142 Y115.991
G0 X128.778 Y115.309
G0 X128.287 Y114.713
G0 X127.691 Y114.222
G0 X127.009 Y113.858
G0 X126.268 Y113.633
G0 X125.5 Y113.557
G0 X125.066 Y113.599
G0 X123.925 Y113.824
G0 X124.16 Y114.265
M204 S500
M205 X20 Y20
;TYPE:WALL-OUTER
G1 F1800 X123.555 Y114.589 E226.25214
G1 X123.025 Y115.025 E226.27497
G1 X122.589 Y115.555 E226.29779
G1 X122.265 Y116.16 E226.32062
G1 X122.066 Y116.817 E226.34345
G1 X121.999 Y117.5 E226.36628
G1 X122.066 Y118.183 E226.3891
G1 X122.265 Y118.84 E226.41194
G1 X122.589 Y119.445 E226.43476
G1 X123.025 Y119.975 E226.45759
G1 X123.555 Y120.411 E226.48041
G1 X124.16 Y120.735 E226.50324
G1 X124.817 Y120.934 E226.52607
G1 X125.5 Y121.001 E226.5489
G1 X126.183 Y120.934 E226.57172
G1 X126.84 Y120.735 E226.59456
G1 X127.445 Y120.411 E226.61738
G1 X127.975 Y119.975 E226.64021
G1 X128.411 Y119.445 E226.66304
G1 X128.735 Y118.84 E226.68586
G1 X128.934 Y118.183 E226.70869
G1 X129.001 Y117.5 E226.73152
G1 X128.934 Y116.817 E226.75435
G1 X128.735 Y116.16 E226.77718
G1 X128.411 Y115.555 E226.8
G1 X127.975 Y115.025 E226.82283
G1 X127.445 Y114.589 E226.84566
G1 X126.84 Y114.265 E226.86848
G1 X126.183 Y114.066 E226.89131
G1 X125.5 Y113.999 E226.91414
G1 X124.817 Y114.066 E226.93697
G1 X124.16 Y114.265 E226.9598
M204 S5000
M205 X30 Y30
G0 F7200 X123.984 Y114.359
G0 X123.749 Y113.918
G0 X131.516 Y110.068
G0 X131.873 Y109.667
M204 S500
M205 X20 Y20
G1 F1800 X131.986 Y109.825 E226.96626
G1 X131.986 Y125.175 E227.4768
G1 X131.873 Y125.333 E227.48326
G1 X131.682 Y125.402 E227.49002
G1 X103.318 Y125.402 E228.43341
G1 X103.127 Y125.333 E228.44016
G1 X103.014 Y125.175 E228.44662
G1 X103.014 Y109.825 E228.95717
G1 X103.127 Y109.667 E228.96363
G1 X103.318 Y109.598 E228.97038
G1 X131.682 Y109.598 E229.91377
G1 X131.873 Y109.667 E229.92053
M204 S5000
M205 X30 Y30
G0 F7200 X131.986 Y109.825
G0 X131.986 Y109.831
G0 X131.516 Y110.068
G0 X108.732 Y113.633
G0 X107.925 Y113.824
G0 X108.16 Y114.265
M204 S500
M205 X20 Y20
G1 F1800 X107.555 Y114.589 E229.94335
G1 X107.025 Y115.025 E229.96618
G1 X106.589 Y115.555 E229.98901
G1 X106.265 Y116.16 E230.01183
G1 X106.066 Y116.817 E230.03466
G1 X105.999 Y117.5 E230.05749
G1 X106.066 Y118.183 E230.08032
G1 X106.265 Y118.84 E230.10315
G1 X106.589 Y119.445 E230.12597
G1 X107.025 Y119.975 E230.1488
G1 X107.555 Y120.411 E230.17163
G1 X108.16 Y120.735 E230.19445
G1 X108.817 Y120.934 E230.21728
G1 X109.5 Y121.001 E230.24011
G1 X110.183 Y120.934 E230.26294
G1 X110.84 Y120.735 E230.28577
G1 X111.445 Y120.411 E230.30859
G1 X111.975 Y119.975 E230.33142
G1 X112.411 Y119.445 E230.35425
G1 X112.735 Y118.84 E230.37707
G1 X112.934 Y118.183 E230.39991
G1 X113.001 Y117.5 E230.42273
G1 X112.934 Y116.817 E230.44556
G1 X112.735 Y116.16 E230.46839
G1 X112.411 Y115.555 E230.49122
G1 X111.975 Y115.025 E230.51404
G1 X111.445 Y114.589 E230.53687
G1 X110.84 Y114.265 E230.55969
G1 X110.183 Y114.066 E230.58253
G1 X109.5 Y113.999 E230.60535
G1 X108.817 Y114.066 E230.62818
G1 X108.16 Y114.265 E230.65101
M204 S5000
M205 X30 Y30
G0 F7200 X107.984 Y114.359
G0 X107.609 Y113.653
;MESH:NONMESH
G0 X104.501 Y110.158
;TIME_ELAPSED:247.507966
;LAYER:11
;MESH:listwa_mocujaca.stl
G0 X104.501 Y110.158 Z2.4
M204 S500
M205 X20 Y20
;TYPE:FILL
G1 F3600 X108.053 Y113.71 E230.81809
G1 X108.123 Y113.78
M204 S5000
M205 X30 Y30
G0 F7200 X108.115 Y113.757
G0 X108.289 Y113.723
G0 X110.182 Y113.504
M204 S500
M205 X20 Y20
G1 F3600 X113.528 Y110.157 E230.97549
G1 X113.598 Y110.087
M204 S5000
M205 X30 Y30
G0 F7200 X113.598 Y110.098
G0 X115.814 Y110.158
M204 S500
M205 X20 Y20
G1 F3600 X121.71 Y116.053 E231.2528
G1 X121.78 Y116.123
M204 S5000
M205 X30 Y30
G0 F7200 X121.757 Y116.115
G0 X121.577 Y117.361
G0 X121.71 Y118.946
M204 S500
M205 X20 Y20
G1 F3600 X115.814 Y124.841 E231.53011
G1 X115.744 Y124.911
M204 S5000
M205 X30 Y30
G0 F7200 X115.744 Y124.902
G0 X113.527 Y124.841
M204 S500
M205 X20 Y20
G1 F3600 X110.182 Y121.495 E231.68747
G1 X110.112 Y121.425
M204 S5000
M205 X30 Y30
G0 F7200 X110.113 Y121.443
G0 X109.94 Y121.443
G0 X108.055 Y121.287
M204 S500
M205 X20 Y20
G1 F3600 X104.501 Y124.841 E231.85464
G1 X104.431 Y124.911
M204 S5000
M205 X30 Y30
G0 F7200 X104.431 Y124.902
G0 X107.87 Y124.841
M204 S500
M205 X20 Y20
G1 F3600 X103.574 Y120.544 E232.05673
M204 S5000
M205 X30 Y30
G0 F7200 X103.574 Y120.111
M204 S500
M205 X20 Y20
G1 F3600 X105.503 Y118.182 E232.14747
G1 X105.573 Y118.112
M204 S5000
M205 X30 Y30
G0 F7200 X105.557 Y118.113
G0 X105.503 Y116.817
M204 S500
M205 X20 Y20
G1 F3600 X103.574 Y114.887 E232.23822
M204 S5000
M205 X30 Y30
G0 F7200 X103.574 Y114.455
M204 S500
M205 X20 Y20
G1 F3600 X107.871 Y110.157 E232.44037
G1 X107.941 Y110.087
M204 S5000
M205 X30 Y30
G0 F7200 X107.941 Y110.098
G0 X110.158 Y110.158
M204 S500
M205 X20 Y20
G1 F3600 X124.841 Y124.841 E233.13101
G1 X124.911 Y124.911
M204 S5000
M205 X30 Y30
G0 F7200 X124.911 Y124.902
G0 X127.128 Y124.841
M204 S500
M205 X20 Y20
G1 F3600 X131.424 Y120.545 E233.33308
M204 S5000
M205 X30 Y30
G0 F7200 X131.424 Y120.111
M204 S500
M205 X20 Y20
G1 F3600 X129.495 Y118.181 E233.42384
G1 X129.425 Y118.111
M204 S5000
M205 X30 Y30
G0 F7200 X129.442 Y118.113
G0 X129.496 Y116.817
M204 S500
M205 X20 Y20
G1 F3600 X131.424 Y114.888 E233.51455
M204 S5000
M205 X30 Y30
G0 F7200 X131.424 Y114.454
M204 S500
M205 X20 Y20
G1 F3600 X127.128 Y110.158 E233.71662
G1 X127.058 Y110.088
M204 S5000
M205 X30 Y30
G0 F7200 X127.058 Y110.098
G0 X124.842 Y110.157
M204 S500
M205 X20 Y20
G1 F3600 X110.158 Y124.841 E234.40731
G1 X110.088 Y124.911
M204 S5000
M205 X30 Y30
G0 F7200 X110.088 Y124.902
G0 X113.288 Y118.945
M204 S500
M205 X20 Y20
G1 F3600 X119.184 Y124.841 E234.68464
G1 X119.254 Y124.911
M204 S5000
M205 X30 Y30
G0 F7200 X119.254 Y124.902
G0 X121.471 Y124.841
M204 S500
M205 X20 Y20
G1 F3600 X124.817 Y121.495 E234.84202
G1 X124.887 Y121.425
M204 S5000
M205 X30 Y30
G0 F7200 X124.885 Y121.442
G0 X125.058 Y121.442
G0 X126.946 Y121.289
M204 S500
M205 X20 Y20
G1 F3600 X130.497 Y124.841 E235.00908
G1 X130.567 Y124.911
M204 S5000
M205 X30 Y30
G0 F7200 X130.567 Y124.902
G0 X129.367 Y116.732
G0 X129.142 Y115.991
G0 X128.778 Y115.309
G0 X128.287 Y114.713
G0 X126.945 Y113.711
M204 S500
M205 X20 Y20
G1 F3600 X130.499 Y110.157 E235.17625
G1 X130.569 Y110.087
M204 S5000
M205 X30 Y30
G0 F7200 X130.569 Y110.098
G0 X124.817 Y113.503
M204 S500
M205 X20 Y20
G1 F3600 X121.471 Y110.158 E235.33361
G1 X121.401 Y110.088
M204 S5000
M205 X30 Y30
G0 F7200 X121.401 Y110.098
G0 X119.185 Y110.157
M204 S500
M205 X20 Y20
G1 F3600 X113.289 Y116.053 E235.61094
G1 X113.219 Y116.123
M204 S5000
M205 X30 Y30
G0 F7200 X113.243 Y116.115
G0 X112.778 Y115.309
G0 X112.287 Y114.713
G0 X111.691 Y114.222
G0 X111.009 Y113.858
G0 X110.268 Y113.633
G0 X109.5 Y113.557
G0 X108.732 Y113.633
G0 X108.523 Y113.696
G0 X107.276 Y114.172
G0 X107.331 Y114.255
M204 S500
M205 X20 Y20
;TYPE:WALL-INNER
G1 F3600 X106.741 Y114.741 E235.63636
G1 X106.255 Y115.331 E235.66178
G1 X105.894 Y116.006 E235.68724
G1 X105.672 Y116.739 E235.71272
G1 X105.597 Y117.5 E235.73815
G1 X105.672 Y118.261 E235.76358
G1 X105.894 Y118.994 E235.78906
G1 X106.255 Y119.669 E235.81452
G1 X106.741 Y120.259 E235.83994
G1 X107.331 Y120.745 E235.86537
G1 X108.006 Y121.106 E235.89083
G1 X108.739 Y121.328 E235.9163
G1 X109.5 Y121.403 E235.94173
G1 X110.261 Y121.328 E235.96717
G1 X110.994 Y121.106 E235.99264
G1 X111.669 Y120.745 E236.0181
G1 X112.259 Y120.259 E236.04352
G1 X112.745 Y119.669 E236.06895
G1 X113.106 Y118.994 E236.09441
G1 X113.328 Y118.261 E236.11988
G1 X113.403 Y117.5 E236.14531
G1 X113.328 Y116.739 E236.17075
G1 X113.106 Y116.006 E236.19622
G1 X112.745 Y115.331 E236.22168
G1 X112.259 Y114.741 E236.2471
G1 X111.669 Y114.255 E236.27253
G1 X110.994 Y113.894 E236.29799
G1 X110.261 Y113.672 E236.32346
G1 X109.5 Y113.597 E236.34889
G1 X108.739 Y113.672 E236.37433
G1 X108.006 Y113.894 E236.3998
G1 X107.331 Y114.255 E236.42526
M204 S5000
M205 X30 Y30
G0 F7200 X107.276 Y114.172
G0 X107.991 Y113.858
G0 X108.732 Y113.633
G0 X109.353 Y113.572
G0 X123.276 Y114.172
G0 X123.331 Y114.255
M204 S500
M205 X20 Y20
G1 F3600 X122.741 Y114.741 E236.45068
G1 X122.255 Y115.331 E236.47611
G1 X121.894 Y116.006 E236.50157
G1 X121.672 Y116.739 E236.52704
G1 X121.597 Y117.5 E236.55247
G1 X121.672 Y118.261 E236.57791
G1 X121.894 Y118.994 E236.60338
G1 X122.255 Y119.669 E236.62884
G1 X122.741 Y120.259 E236.65426
G1 X123.331 Y120.745 E236.67969
G1 X124.006 Y121.106 E236.70515
G1 X124.739 Y121.328 E236.73062
G1 X125.5 Y121.403 E236.75605
G1 X126.261 Y121.328 E236.78149
G1 X126.994 Y121.106 E236.80696
G1 X127.669 Y120.745 E236.83242
G1 X128.259 Y120.259 E236.85785
G1 X128.745 Y119.669 E236.88327
G1 X129.106 Y118.994 E236.90873
G1 X129.328 Y118.261 E236.9342
G1 X129.403 Y117.5 E236.95964
G1 X129.328 Y116.739 E236.98507
G1 X129.106 Y116.006 E237.01054
G1 X128.745 Y115.331 E237.036
G1 X128.259 Y114.741 E237.06143
G1 X127.669 Y114.255 E237.08685
G1 X126.994 Y113.894 E237.11231
G1 X126.261 Y113.672 E237.13778
G1 X125.5 Y113.597 E237.16322
G1 X124.739 Y113.672 E237.18865
G1 X124.006 Y113.894 E237.21412
G1 X123.331 Y114.255 E237.23958
M204 S5000
M205 X30 Y30
G0 F7200 X123.276 Y114.172
G0 X123.991 Y113.858
G0 X124.732 Y113.633
G0 X125.5 Y113.557
G0 X126.268 Y113.633
G0 X127.009 Y113.858
G0 X127.691 Y114.222
G0 X128.287 Y114.713
G0 X128.778 Y115.309
G0 X129.142 Y115.991
G0 X131.516 Y124.932
G0 X131.586 Y125.002
M204 S500
M205 X20 Y20
G1 F3600 X103.414 Y125.002 E238.17659
G1 X103.414 Y109.998 E238.67562
G1 X131.586 Y109.998 E239.61263
G1 X131.586 Y125.002 E240.11166
M204 S5000
M205 X30 Y30
G0 F7200 X131.516 Y124.932
G0 X129.142 Y115.991
G0 X128.778 Y115.309
G0 X128.287 Y114.713
G0 X127.691 Y114.222
G0 X127.009 Y113.858
G0 X126.268 Y113.633
G0 X125.5 Y113.557
G0 X125.066 Y113.599
G0 X123.925 Y113.824
G0 X124.16 Y114.265
M204 S500
M205 X20 Y20
;TYPE:WALL-OUTER
G1 F1800 X123.555 Y114.589 E240.13449
G1 X123.025 Y115.025 E240.15731
G1 X122.589 Y115.555 E240.18014
G1 X122.265 Y116.16 E240.20297
G1 X122.066 Y116.817 E240.2258
G1 X121.999 Y117.5 E240.24862
G1 X122.066 Y118.183 E240.27145
G1 X122.265 Y118.84 E240.29428
G1 X122.589 Y119.445 E240.31711
G1 X123.025 Y119.975 E240.33994
G1 X123.555 Y120.411 E240.36276
G1 X124.16 Y120.735 E240.38559
G1 X124.817 Y120.934 E240.40842
G1 X125.5 Y121.001 E240.43125
G1 X126.183 Y120.934 E240.45407
G1 X126.84 Y120.735 E240.4769
G1 X127.445 Y120.411 E240.49973
G1 X127.975 Y119.975 E240.52256
G1 X128.411 Y119.445 E240.54538
G1 X128.735 Y118.84 E240.56821
G1 X128.934 Y118.183 E240.59104
G1 X129.001 Y117.5 E240.61387
G1 X128.934 Y116.817 E240.63669
G1 X128.735 Y116.16 E240.65952
G1 X128.411 Y115.555 E240.68235
G1 X127.975 Y115.025 E240.70518
G1 X127.445 Y114.589 E240.728
G1 X126.84 Y114.265 E240.75083
G1 X126.183 Y114.066 E240.77366
G1 X125.5 Y113.999 E240.79649
G1 X124.817 Y114.066 E240.81931
G1 X124.16 Y114.265 E240.84215
M204 S5000
M205 X30 Y30
G0 F7200 X123.984 Y114.359
G0 X123.749 Y113.918
G0 X131.516 Y110.068
G0 X131.873 Y109.667
M204 S500
M205 X20 Y20
G1 F1800 X131.986 Y109.825 E240.84861
G1 X131.986 Y125.175 E241.35915
G1 X131.873 Y125.333 E241.36561
G1 X131.682 Y125.402 E241.37236
G1 X103.318 Y125.402 E242.31576
G1 X103.127 Y125.333 E242.32251
G1 X103.014 Y125.175 E242.32897
G1 X103.014 Y109.825 E242.83951
G1 X103.127 Y109.667 E242.84597
G1 X103.318 Y109.598 E242.85273
G1 X131.682 Y109.598 E243.79612
G1 X131.873 Y109.667 E243.80287
M204 S5000
M205 X30 Y30
G0 F7200 X131.986 Y109.825
G0 X131.986 Y109.831
G0 X131.516 Y110.068
G0 X108.732 Y113.633
G0 X107.925 Y113.824
G0 X108.16 Y114.265
M204 S500
M205 X20 Y20
G1 F1800 X107.555 Y114.589 E243.8257
G1 X107.025 Y115.025 E243.84853
G1 X106.589 Y115.555 E243.87135
G1 X106.265 Y116.16 E243.89418
G1 X106.066 Y116.817 E243.91701
G1 X105.999 Y117.5 E243.93984
G1 X106.066 Y118.183 E243.96266
G1 X106.265 Y118.84 E243.98549
G1 X106.589 Y119.445 E244.00832
G1 X107.025 Y119.975 E244.03115
G1 X107.555 Y120.411 E244.05397
G1 X108.16 Y120.735 E244.0768
G1 X108.817 Y120.934 E244.09963
G1 X109.5 Y121.001 E244.12246
G1 X110.183 Y120.934 E244.14528
G1 X110.84 Y120.735 E244.16812
G1 X111.445 Y120.411 E244.19094
G1 X111.975 Y119.975 E244.21377
G1 X112.411 Y119.445 E244.23659
G1 X112.735 Y118.84 E244.25942
G1 X112.934 Y118.183 E244.28225
G1 X113.001 Y117.5 E244.30508
G1 X112.934 Y116.817 E244.3279
G1 X112.735 Y116.16 E244.35074
G1 X112.411 Y115.555 E244.37356
G1 X111.975 Y115.025 E244.39639
G1 X111.445 Y114.589 E244.41921
G1 X110.84 Y114.265 E244.44204
G1 X110.183 Y114.066 E244.46487
G1 X109.5 Y113.999 E244.4877
G1 X108.817 Y114.066 E244.51052
G1 X108.16 Y114.265 E244.53336
M204 S5000
M205 X30 Y30
G0 F7200 X107.984 Y114.359
G0 X107.609 Y113.653
;MESH:NONMESH
G0 X104.501 Y110.158
;TIME_ELAPSED:260.311593
;LAYER:12
;MESH:listwa_mocujaca.stl
G0 X104.501 Y110.158 Z2.6
M204 S500
M205 X20 Y20
;TYPE:FILL
G1 F3600 X108.053 Y113.71 E244.70043
G1 X108.123 Y113.78
M204 S5000
M205 X30 Y30
G0 F7200 X108.115 Y113.757
G0 X108.289 Y113.723
G0 X110.182 Y113.504
M204 S500
M205 X20 Y20
G1 F3600 X113.528 Y110.157 E244.85784
G1 X113.598 Y110.087
M204 S5000
M205 X30 Y30
G0 F7200 X113.598 Y110.098
G0 X115.814 Y110.158
M204 S500
M205 X20 Y20
G1 F3600 X121.71 Y116.053 E245.13515
G1 X121.78 Y116.123
M204 S5000
M205 X30 Y30
G0 F7200 X121.757 Y116.115
G0 X121.577 Y117.361
G0 X121.71 Y118.946
M204 S500
M205 X20 Y20
G1 F3600 X115.814 Y124.841 E245.41245
G1 X115.744 Y124.911
M204 S5000
M205 X30 Y30
G0 F7200 X115.744 Y124.902
G0 X113.527 Y124.841
M204 S500
M205 X20 Y20
G1 F3600 X110.182 Y121.495 E245.56982
G1 X110.112 Y121.425
M204 S5000
M205 X30 Y30
G0 F7200 X110.113 Y121.443
G0 X109.94 Y121.443
G0 X108.055 Y121.287
M204 S500
M205 X20 Y20
G1 F3600 X104.501 Y124.841 E245.73699
G1 X104.431 Y124.911
M204 S5000
M205 X30 Y30
G0 F7200 X104.431 Y124.902
G0 X107.87 Y124.841
M204 S500
M205 X20 Y20
G1 F3600 X103.574 Y120.544 E245.93908
M204 S5000
M205 X30 Y30
G0 F7200 X103.574 Y120.111
M204 S500
M205 X20 Y20
G1 F3600 X105.503 Y118.182 E246.02981
G1 X105.573 Y118.112
M204 S5000
M205 X30 Y30
G0 F7200 X105.557 Y118.113
G0 X105.503 Y116.817
M204 S500
M205 X20 Y20
G1 F3600 X103.574 Y114.887 E246.12057
M204 S5000
M205 X30 Y30
G0 F7200 X103.574 Y114.455
M204 S500
M205 X20 Y20
G1 F3600 X107.871 Y110.157 E246.32271
G1 X107.941 Y110.087
M204 S5000
M205 X30 Y30
G0 F7200 X107.941 Y110.098
G0 X110.158 Y110.158
M204 S500
M205 X20 Y20
G1 F3600 X124.841 Y124.841 E247.01336
G1 X124.911 Y124.911
M204 S5000
M205 X30 Y30
G0 F7200 X124.911 Y124.902
G0 X127.128 Y124.841
M204 S500
M205 X20 Y20
G1 F3600 X131.424 Y120.545 E247.21543
M204 S5000
M205 X30 Y30
G0 F7200 X131.424 Y120.111
M204 S500
M205 X20 Y20
G1 F3600 X129.495 Y118.181 E247.30618
G1 X129.425 Y118.111
M204 S5000
M205 X30 Y30
G0 F7200 X129.442 Y118.113
G0 X129.496 Y116.817
M204 S500
M205 X20 Y20
G1 F3600 X131.424 Y114.888 E247.3969
M204 S5000
M205 X30 Y30
G0 F7200 X131.424 Y114.454
M204 S500
M205 X20 Y20
G1 F3600 X127.128 Y110.158 E247.59897
G1 X127.058 Y110.088
M204 S5000
M205 X30 Y30
G0 F7200 X127.058 Y110.098
G0 X124.842 Y110.157
M204 S500
M205 X20 Y20
G1 F3600 X110.158 Y124.841 E248.28966
G1 X110.088 Y124.911
M204 S5000
M205 X30 Y30
G0 F7200 X110.088 Y124.902
G0 X113.288 Y118.945
M204 S500
M205 X20 Y20
G1 F3600 X119.184 Y124.841 E248.56699
G1 X119.254 Y124.911
M204 S5000
M205 X30 Y30
G0 F7200 X119.254 Y124.902
G0 X121.471 Y124.841
M204 S500
M205 X20 Y20
G1 F3600 X124.817 Y121.495 E248.72437
G1 X124.887 Y121.425
M204 S5000
M205 X30 Y30
G0 F7200 X124.885 Y121.442
G0 X125.058 Y121.442
G0 X126.946 Y121.289
M204 S500
M205 X20 Y20
G1 F3600 X130.497 Y124.841 E248.89142
G1 X130.567 Y124.911
M204 S5000
M205 X30 Y30
G0 F7200 X130.567 Y124.902
G0 X129.367 Y116.732
G0 X129.142 Y115.991
G0 X128.778 Y115.309
G0 X128.287 Y114.713
G0 X126.945 Y113.711
M204 S500
M205 X20 Y20
G1 F3600 X130.499 Y110.157 E249.05859
G1 X130.569 Y110.087
M204 S5000
M205 X30 Y30
G0 F7200 X130.569 Y110.098
G0 X124.817 Y113.503
M204 S500
M205 X20 Y20
G1 F3600 X121.471 Y110.158 E249.21595
G1 X121.401 Y110.088
M204 S5000
M205 X30 Y30
G0 F7200 X121.401 Y110.098
G0 X119.185 Y110.157
M204 S500
M205 X20 Y20
G1 F3600 X113.289 Y116.053 E249.49328
G1 X113.219 Y116.123
M204 S5000
M205 X30 Y30
G0 F7200 X113.243 Y116.115
G0 X112.778 Y115.309
G0 X112.287 Y114.713
G0 X111.691 Y114.222
G0 X111.009 Y113.858
G0 X110.268 Y113.633
G0 X109.5 Y113.557
G0 X108.732 Y113.633
G0 X108.523 Y113.696
G0 X107.276 Y114.172
G0 X107.331 Y114.255
M204 S500
M205 X20 Y20
;TYPE:WALL-INNER
G1 F3600 X106.741 Y114.741 E249.51871
G1 X106.255 Y115.331 E249.54413
G1 X105.894 Y116.006 E249.56959
G1 X105.672 Y116.739 E249.59506
G1 X105.597 Y117.5 E249.6205
G1 X105.672 Y118.261 E249.64593
G1 X105.894 Y118.994 E249.67141
G1 X106.255 Y119.669 E249.69686
G1 X106.741 Y120.259 E249.72229
G1 X107.331 Y120.745 E249.74771
G1 X108.006 Y121.106 E249.77317
G1 X108.739 Y121.328 E249.79865
G1 X109.5 Y121.403 E249.82408
G1 X110.261 Y121.328 E249.84951
G1 X110.994 Y121.106 E249.87499
G1 X111.669 Y120.745 E249.90045
G1 X112.259 Y120.259 E249.92587
G1 X112.745 Y119.669 E249.95129
G1 X113.106 Y118.994 E249.97675
G1 X113.328 Y118.261 E250.00223
G1 X113.403 Y117.5 E250.02766
G1 X113.328 Y116.739 E250.05309
G1 X113.106 Y116.006 E250.07857
G1 X112.745 Y115.331 E250.10403
G1 X112.259 Y114.741 E250.12945
G1 X111.669 Y114.255 E250.15487
G1 X110.994 Y113.894 E250.18033
G1 X110.261 Y113.672 E250.20581
G1 X109.5 Y113.597 E250.23124
G1 X108.739 Y113.672 E250.25667
G1 X108.006 Y113.894 E250.28215
G1 X107.331 Y114.255 E250.30761
M204 S5000
M205 X30 Y30
G0 F7200 X107.276 Y114.172
G0 X107.991 Y113.858
G0 X108.732 Y113.633
G0 X109.353 Y113.572
G0 X123.276 Y114.172
G0 X123.331 Y114.255
M204 S500
M205 X20 Y20
G1 F3600 X122.741 Y114.741 E250.33303
G1 X122.255 Y115.331 E250.35845
G1 X121.894 Y116.006 E250.38391
G1 X121.672 Y116.739 E250.40939
G1 X121.597 Y117.5 E250.43482
G1 X121.672 Y118.261 E250.46025
G1 X121.894 Y118.994 E250.48573
G1 X122.255 Y119.669 E250.51119
G1 X122.741 Y120.259 E250.53661
G1 X123.331 Y120.745 E250.56204
G1 X124.006 Y121.106 E250.58749
G1 X124.739 Y121.328 E250.61297
G1 X125.5 Y121.403 E250.6384
G1 X126.261 Y121.328 E250.66384
G1 X126.994 Y121.106 E250.68931
G1 X127.669 Y120.745 E250.71477
G1 X128.259 Y120.259 E250.74019
G1 X128.745 Y119.669 E250.76562
G1 X129.106 Y118.994 E250.79108
G1 X129.328 Y118.261 E250.81655
G1 X129.403 Y117.5 E250.84198
G1 X129.328 Y116.739 E250.86742
G1 X129.106 Y116.006 E250.89289
G1 X128.745 Y115.331 E250.91835
G1 X128.259 Y114.741 E250.94377
G1 X127.669 Y114.255 E250.9692
G1 X126.994 Y113.894 E250.99466
G1 X126.261 Y113.672 E251.02013
G1 X125.5 Y113.597 E251.04556
G1 X124.739 Y113.672 E251.071
G1 X124.006 Y113.894 E251.09647
G1 X123.331 Y114.255 E251.12193
M204 S5000
M205 X30 Y30
G0 F7200 X123.276 Y114.172
G0 X123.991 Y113.858
G0 X124.732 Y113.633
G0 X125.5 Y113.557
G0 X126.268 Y113.633
G0 X127.009 Y113.858
G0 X127.691 Y114.222
G0 X128.287 Y114.713
G0 X128.778 Y115.309
G0 X129.142 Y115.991
G0 X131.516 Y124.932
G0 X131.586 Y125.002
M204 S500
M205 X20 Y20
G1 F3600 X103.414 Y125.002 E252.05893
G1 X103.414 Y109.998 E252.55797
G1 X131.586 Y109.998 E253.49497
G1 X131.586 Y125.002 E253.99401
M204 S5000
M205 X30 Y30
G0 F7200 X131.516 Y124.932
G0 X129.142 Y115.991
G0 X128.778 Y115.309
G0 X128.287 Y114.713
G0 X127.691 Y114.222
G0 X127.009 Y113.858
G0 X126.268 Y113.633
G0 X125.5 Y113.557
G0 X125.066 Y113.599
G0 X123.925 Y113.824
G0 X124.16 Y114.265
M204 S500
M205 X20 Y20
;TYPE:WALL-OUTER
G1 F1800 X123.555 Y114.589 E254.01684
G1 X123.025 Y115.025 E254.03966
G1 X122.589 Y115.555 E254.06249
G1 X122.265 Y116.16 E254.08531
G1 X122.066 Y116.817 E254.10815
G1 X121.999 Y117.5 E254.13097
G1 X122.066 Y118.183 E254.1538
G1 X122.265 Y118.84 E254.17663
G1 X122.589 Y119.445 E254.19946
G1 X123.025 Y119.975 E254.22228
G1 X123.555 Y120.411 E254.24511
G1 X124.16 Y120.735 E254.26793
G1 X124.817 Y120.934 E254.29077
G1 X125.5 Y121.001 E254.31359
G1 X126.183 Y120.934 E254.33642
G1 X126.84 Y120.735 E254.35925
G1 X127.445 Y120.411 E254.38208
G1 X127.975 Y119.975 E254.4049
G1 X128.411 Y119.445 E254.42773
G1 X128.735 Y118.84 E254.45056
G1 X128.934 Y118.183 E254.47339
G1 X129.001 Y117.5 E254.49621
G1 X128.934 Y116.817 E254.51904
G1 X128.735 Y116.16 E254.54187
G1 X128.411 Y115.555 E254.5647
G1 X127.975 Y115.025 E254.58752
G1 X127.445 Y114.589 E254.61035
G1 X126.84 Y114.265 E254.63318
G1 X126.183 Y114.066 E254.65601
G1 X125.5 Y113.999 E254.67883
G1 X124.817 Y114.066 E254.70166
G1 X124.16 Y114.265 E254.72449
M204 S5000
M205 X30 Y30
G0 F7200 X123.984 Y114.359
G0 X123.749 Y113.918
G0 X131.516 Y110.068
G0 X131.873 Y109.667
M204 S500
M205 X20 Y20
G1 F1800 X131.986 Y109.825 E254.73095
G1 X131.986 Y125.175 E255.2415
G1 X131.873 Y125.333 E255.24796
G1 X131.682 Y125.402 E255.25471
G1 X103.318 Y125.402 E256.1981
G1 X103.127 Y125.333 E256.20486
G1 X103.014 Y125.175 E256.21132
G1 X103.014 Y109.825 E256.72186
G1 X103.127 Y109.667 E256.72832
G1 X103.318 Y109.598 E256.73508
G1 X131.682 Y109.598 E257.67847
G1 X131.873 Y109.667 E257.68522
M204 S5000
M205 X30 Y30
G0 F7200 X131.986 Y109.825
G0 X131.986 Y109.831
G0 X131.516 Y110.068
G0 X108.732 Y113.633
G0 X107.925 Y113.824
G0 X108.16 Y114.265
M204 S500
M205 X20 Y20
G1 F1800 X107.555 Y114.589 E257.70805
G1 X107.025 Y115.025 E257.73087
G1 X106.589 Y115.555 E257.7537
G1 X106.265 Y116.16 E257.77653
G1 X106.066 Y116.817 E257.79936
G1 X105.999 Y117.5 E257.82218
G1 X106.066 Y118.183 E257.84501
G1 X106.265 Y118.84 E257.86784
G1 X106.589 Y119.445 E257.89067
G1 X107.025 Y119.975 E257.91349
G1 X107.555 Y120.411 E257.93632
G1 X108.16 Y120.735 E257.95915
G1 X108.817 Y120.934 E257.98198
G1 X109.5 Y121.001 E258.0048
G1 X110.183 Y120.934 E258.02763
G1 X110.84 Y120.735 E258.05046
G1 X111.445 Y120.411 E258.07329
G1 X111.975 Y119.975 E258.09611
G1 X112.411 Y119.445 E258.11894
G1 X112.735 Y118.84 E258.14177
G1 X112.934 Y118.183 E258.1646
G1 X113.001 Y117.5 E258.18743
G1 X112.934 Y116.817 E258.21025
G1 X112.735 Y116.16 E258.23308
G1 X112.411 Y115.555 E258.25591
G1 X111.975 Y115.025 E258.27874
G1 X111.445 Y114.589 E258.30156
G1 X110.84 Y114.265 E258.32439
G1 X110.183 Y114.066 E258.34722
G1 X109.5 Y113.999 E258.37005
G1 X108.817 Y114.066 E258.39287
G1 X108.16 Y114.265 E258.4157
M204 S5000
M205 X30 Y30
G0 F7200 X107.984 Y114.359
G0 X107.609 Y113.653
;MESH:NONMESH
G0 X104.501 Y110.158
;TIME_ELAPSED:273.115221
;LAYER:13
;MESH:listwa_mocujaca.stl
G0 X104.501 Y110.158 Z2.8
M204 S500
M205 X20 Y20
;TYPE:FILL
G1 F3600 X108.053 Y113.71 E258.58278
G1 X108.123 Y113.78
M204 S5000
M205 X30 Y30
G0 F7200 X108.115 Y113.757
G0 X108.289 Y113.723
G0 X110.182 Y113.504
M204 S500
M205 X20 Y20
G1 F3600 X113.528 Y110.157 E258.74019
G1 X113.598 Y110.087
M204 S5000
M205 X30 Y30
G0 F7200 X113.598 Y110.098
G0 X115.814 Y110.158
M204 S500
M205 X20 Y20
G1 F3600 X121.71 Y116.053 E259.01749
G1 X121.78 Y116.123
M204 S5000
M205 X30 Y30
G0 F7200 X121.757 Y116.115
G0 X121.577 Y117.361
G0 X121.71 Y118.946
M204 S500
M205 X20 Y20
G1 F3600 X115.814 Y124.841 E259.2948
G1 X115.744 Y124.911
M204 S5000
M205 X30 Y30
G0 F7200 X115.744 Y124.902
G0 X113.527 Y124.841
M204 S500
M205 X20 Y20
G1 F3600 X110.182 Y121.495 E259.45216
G1 X110.112 Y121.425
M204 S5000
M205 X30 Y30
G0 F7200 X110.113 Y121.443
G0 X109.94 Y121.443
G0 X108.055 Y121.287
M204 S500
M205 X20 Y20
G1 F3600 X104.501 Y124.841 E259.61933
G1 X104.431 Y124.911
M204 S5000
M205 X30 Y30
G0 F7200 X104.431 Y124.902
G0 X107.87 Y124.841
M204 S500
M205 X20 Y20
G1 F3600 X103.574 Y120.544 E259.82143
M204 S5000
M205 X30 Y30
G0 F7200 X103.574 Y120.111
M204 S500
M205 X20 Y20
G1 F3600 X105.503 Y118.182 E259.91216
G1 X105.573 Y118.112
M204 S5000
M205 X30 Y30
G0 F7200 X105.557 Y118.113
G0 X105.503 Y116.817
M204 S500
M205 X20 Y20
G1 F3600 X103.574 Y114.887 E260.00292
M204 S5000
M205 X30 Y30
G0 F7200 X103.574 Y114.455
M204 S500
M205 X20 Y20
G1 F3600 X107.871 Y110.157 E260.20506
G1 X107.941 Y110.087
M204 S5000
M205 X30 Y30
G0 F7200 X107.941 Y110.098
G0 X110.158 Y110.158
M204 S500
M205 X20 Y20
G1 F3600 X124.841 Y124.841 E260.8957
G1 X124.911 Y124.911
M204 S5000
M205 X30 Y30
G0 F7200 X124.911 Y124.902
G0 X127.128 Y124.841
M204 S500
M205 X20 Y20
G1 F3600 X131.424 Y120.545 E261.09777
M204 S5000
M205 X30 Y30
G0 F7200 X131.424 Y120.111
M204 S500
M205 X20 Y20
G1 F3600 X129.495 Y118.181 E261.18853
G1 X129.425 Y118.111
M204 S5000
M205 X30 Y30
G0 F7200 X129.442 Y118.113
G0 X129.496 Y116.817
M204 S500
M205 X20 Y20
G1 F3600 X131.424 Y114.888 E261.27924
M204 S5000
M205 X30 Y30
G0 F7200 X131.424 Y114.454
M204 S500
M205 X20 Y20
G1 F3600 X127.128 Y110.158 E261.48131
G1 X127.058 Y110.088
M204 S5000
M205 X30 Y30
G0 F7200 X127.058 Y110.098
G0 X124.842 Y110.157
M204 S500
M205 X20 Y20
G1 F3600 X110.158 Y124.841 E262.172
G1 X110.088 Y124.911
M204 S5000
M205 X30 Y30
G0 F7200 X110.088 Y124.902
G0 X113.288 Y118.945
M204 S500
M205 X20 Y20
G1 F3600 X119.184 Y124.841 E262.44933
G1 X119.254 Y124.911
M204 S5000
M205 X30 Y30
G0 F7200 X119.254 Y124.902
G0 X121.471 Y124.841
M204 S500
M205 X20 Y20
G1 F3600 X124.817 Y121.495 E262.60672
G1 X124.887 Y121.425
M204 S5000
M205 X30 Y30
G0 F7200 X124.885 Y121.442
G0 X125.058 Y121.442
G0 X126.946 Y121.289
M204 S500
M205 X20 Y20
G1 F3600 X130.497 Y124.841 E262.77377
G1 X130.567 Y124.911
M204 S5000
M205 X30 Y30
G0 F7200 X130.567 Y124.902
G0 X129.367 Y116.732
G0 X129.142 Y115.991
G0 X128.778 Y115.309
G0 X128.287 Y114.713
G0 X126.945 Y113.711
M204 S500
M205 X20 Y20
G1 F3600 X130.499 Y110.157 E262.94094
G1 X130.569 Y110.087
M204 S5000
M205 X30 Y30
G0 F7200 X130.569 Y110.098
G0 X124.817 Y113.503
M204 S500
M205 X20 Y20
G1 F3600 X121.471 Y110.158 E263.0983
G1 X121.401 Y110.088
M204 S5000
M205 X30 Y30
G0 F7200 X121.401 Y110.098
G0 X119.185 Y110.157
M204 S500
M205 X20 Y20
G1 F3600 X113.289 Y116.053 E263.37563
G1 X113.219 Y116.123
M204 S5000
M205 X30 Y30
G0 F7200 X113.243 Y116.115
G0 X112.778 Y115.309
G0 X112.287 Y114.713
G0 X111.691 Y114.222
G0 X111.009 Y113.858
G0 X110.268 Y113.633
G0 X109.5 Y113.557
G0 X108.732 Y113.633
G0 X108.523 Y113.696
G0 X107.276 Y114.172
G0 X107.331 Y114.255
M204 S500
M205 X20 Y20
;TYPE:WALL-INNER
G1 F3600 X106.741 Y114.741 E263.40106
G1 X106.255 Y115.331 E263.42648
G1 X105.894 Y116.006 E263.45194
G1 X105.672 Y116.739 E263.47741
G1 X105.597 Y117.5 E263.50285
G1 X105.672 Y118.261 E263.52828
G1 X105.894 Y118.994 E263.55375
G1 X106.255 Y119.669 E263.57921
G1 X106.741 Y120.259 E263.60464
G1 X107.331 Y120.745 E263.63006
G1 X108.006 Y121.106 E263.65552
G1 X108.739 Y121.328 E263.68099
G1 X109.5 Y121.403 E263.70643
G1 X110.261 Y121.328 E263.73186
G1 X110.994 Y121.106 E263.75733
G1 X111.669 Y120.745 E263.78279
G1 X112.259 Y120.259 E263.80822
G1 X112.745 Y119.669 E263.83364
G1 X113.106 Y118.994 E263.8591
G1 X113.328 Y118.261 E263.88457
G1 X113.403 Y117.5 E263.91001
G1 X113.328 Y116.739 E263.93544
G1 X113.106 Y116.006 E263.96091
G1 X112.745 Y115.331 E263.98637
G1 X112.259 Y114.741 E264.0118
G1 X111.669 Y114.255 E264.03722
G1 X110.994 Y113.894 E264.06268
G1 X110.261 Y113.672 E264.08815
G1 X109.5 Y113.597 E264.11359
G1 X108.739 Y113.672 E264.13902
G1 X108.006 Y113.894 E264.16449
G1 X107.331 Y114.255 E264.18995
M204 S5000
M205 X30 Y30
G0 F7200 X107.276 Y114.172
G0 X107.991 Y113.858
G0 X108.732 Y113.633
G0 X109.353 Y113.572
G0 X123.276 Y114.172
G0 X123.331 Y114.255
M204 S500
M205 X20 Y20
G1 F3600 X122.741 Y114.741 E264.21538
G1 X122.255 Y115.331 E264.2408
G1 X121.894 Y116.006 E264.26626
G1 X121.672 Y116.739 E264.29173
G1 X121.597 Y117.5 E264.31717
G1 X121.672 Y118.261 E264.3426
G1 X121.894 Y118.994 E264.36808
G1 X122.255 Y119.669 E264.39353
G1 X122.741 Y120.259 E264.41896
G1 X123.331 Y120.745 E264.44438
G1 X124.006 Y121.106 E264.46984
G1 X124.739 Y121.328 E264.49532
G1 X125.5 Y121.403 E264.52075
G1 X126.261 Y121.328 E264.54618
G1 X126.994 Y121.106 E264.57166
G1 X127.669 Y120.745 E264.59712
G1 X128.259 Y120.259 E264.62254
G1 X128.745 Y119.669 E264.64796
G1 X129.106 Y118.994 E264.67342
G1 X129.328 Y118.261 E264.6989
G1 X129.403 Y117.5 E264.72433
G1 X129.328 Y116.739 E264.74976
G1 X129.106 Y116.006 E264.77524
G1 X128.745 Y115.331 E264.8007
G1 X128.259 Y114.741 E264.82612
G1 X127.669 Y114.255 E264.85154
G1 X126.994 Y113.894 E264.877
G1 X126.261 Y113.672 E264.90248
G1 X125.5 Y113.597 E264.92791
G1 X124.739 Y113.672 E264.95334
G1 X124.006 Y113.894 E264.97882
G1 X123.331 Y114.255 E265.00428
M204 S5000
M205 X30 Y30
G0 F7200 X123.276 Y114.172
G0 X123.991 Y113.858
G0 X124.732 Y113.633
G0 X125.5 Y113.557
G0 X126.268 Y113.633
G0 X127.009 Y113.858
G0 X127.691 Y114.222
G0 X128.287 Y114.713
G0 X128.778 Y115.309
G0 X129.142 Y115.991
G0 X131.516 Y124.932
G0 X131.586 Y125.002
M204 S500
M205 X20 Y20
G1 F3600 X103.414 Y125.002 E265.94128
G1 X103.414 Y109.998 E266.44032
G1 X131.586 Y109.998 E267.37732
G1 X131.586 Y125.002 E267.87636
M204 S5000
M205 X30 Y30
G0 F7200 X131.516 Y124.932
G0 X129.142 Y115.991
G0 X128.778 Y115.309
G0 X128.287 Y114.713
G0 X127.691 Y114.222
G0 X127.009 Y113.858
G0 X126.268 Y113.633
G0 X125.5 Y113.557
G0 X125.066 Y113.599
G0 X123.925 Y113.824
G0 X124.16 Y114.265
M204 S500
M205 X20 Y20
;TYPE:WALL-OUTER
G1 F1800 X123.555 Y114.589 E267.89918
G1 X123.025 Y115.025 E267.92201
G1 X122.589 Y115.555 E267.94483
G1 X122.265 Y116.16 E267.96766
G1 X122.066 Y116.817 E267.99049
G1 X121.999 Y117.5 E268.01332
G1 X122.066 Y118.183 E268.03614
G1 X122.265 Y118.84 E268.05898
G1 X122.589 Y119.445 E268.0818
G1 X123.025 Y119.975 E268.10463
G1 X123.555 Y120.411 E268.12746
G1 X124.16 Y120.735 E268.15028
G1 X124.817 Y120.934 E268.17311
G1 X125.5 Y121.001 E268.19594
G1 X126.183 Y120.934 E268.21877
G1 X126.84 Y120.735 E268.2416
G1 X127.445 Y120.411 E268.26442
G1 X127.975 Y119.975 E268.28725
G1 X128.411 Y119.445 E268.31008
G1 X128.735 Y118.84 E268.3329
G1 X128.934 Y118.183 E268.35573
G1 X129.001 Y117.5 E268.37856
G1 X128.934 Y116.817 E268.40139
G1 X128.735 Y116.16 E268.42422
G1 X128.411 Y115.555 E268.44704
G1 X127.975 Y115.025 E268.46987
G1 X127.445 Y114.589 E268.4927
G1 X126.84 Y114.265 E268.51552
G1 X126.183 Y114.066 E268.53836
G1 X125.5 Y113.999 E268.56118
G1 X124.817 Y114.066 E268.58401
G1 X124.16 Y114.265 E268.60684
M204 S5000
M205 X30 Y30
G0 F7200 X123.984 Y114.359
G0 X123.749 Y113.918
G0 X131.516 Y110.068
G0 X131.873 Y109.667
M204 S500
M205 X20 Y20
G1 F1800 X131.986 Y109.825 E268.6133
G1 X131.986 Y125.175 E269.12384
G1 X131.873 Y125.333 E269.1303
G1 X131.682 Y125.402 E269.13706
G1 X103.318 Y125.402 E270.08045
G1 X103.127 Y125.333 E270.0872
G1 X103.014 Y125.175 E270.09366
G1 X103.014 Y109.825 E270.60421
G1 X103.127 Y109.667 E270.61067
G1 X103.318 Y109.598 E270.61742
G1 X131.682 Y109.598 E271.56081
G1 X131.873 Y109.667 E271.56757
M204 S5000
M205 X30 Y30
G0 F7200 X131.986 Y109.825
G0 X131.986 Y109.831
G0 X131.516 Y110.068
G0 X108.732 Y113.633
G0 X107.925 Y113.824
G0 X108.16 Y114.265
M204 S500
M205 X20 Y20
G1 F1800 X107.555 Y114.589 E271.59039
G1 X107.025 Y115.025 E271.61322
G1 X106.589 Y115.555 E271.63605
G1 X106.265 Y116.16 E271.65887
G1 X106.066 Y116.817 E271.6817
G1 X105.999 Y117.5 E271.70453
G1 X106.066 Y118.183 E271.72736
G1 X106.265 Y118.84 E271.75019
G1 X106.589 Y119.445 E271.77301
G1 X107.025 Y119.975 E271.79584
G1 X107.555 Y120.411 E271.81867
G1 X108.16 Y120.735 E271.84149
G1 X108.817 Y120.934 E271.86433
G1 X109.5 Y121.001 E271.88715
G1 X110.183 Y120.934 E271.90998
G1 X110.84 Y120.735 E271.93281
G1 X111.445 Y120.411 E271.95564
G1 X111.975 Y119.975 E271.97846
G1 X112.411 Y119.445 E272.00129
G1 X112.735 Y118.84 E272.02411
G1 X112.934 Y118.183 E272.04695
G1 X113.001 Y117.5 E272.06977
G1 X112.934 Y116.817 E272.0926
G1 X112.735 Y116.16 E272.11543
G1 X112.411 Y115.555 E272.13826
G1 X111.975 Y115.025 E272.16108
G1 X111.445 Y114.589 E272.18391
G1 X110.84 Y114.265 E272.20674
G1 X110.183 Y114.066 E272.22957
G1 X109.5 Y113.999 E272.25239
G1 X108.817 Y114.066 E272.27522
G1 X108.16 Y114.265 E272.29805
M204 S5000
M205 X30 Y30
G0 F7200 X107.984 Y114.359
G0 X107.609 Y113.653
;MESH:NONMESH
G0 X104.501 Y110.158
;TIME_ELAPSED:285.918848
;LAYER:14
;MESH:listwa_mocujaca.stl
G0 X104.501 Y110.158 Z3
M204 S500
M205 X20 Y20
;TYPE:FILL
G1 F3600 X108.053 Y113.71 E272.46513
G1 X108.123 Y113.78
M204 S5000
M205 X30 Y30
G0 F7200 X108.115 Y113.757
G0 X108.289 Y113.723
G0 X110.182 Y113.504
M204 S500
M205 X20 Y20
G1 F3600 X113.528 Y110.157 E272.62254
G1 X113.598 Y110.087
M204 S5000
M205 X30 Y30
G0 F7200 X113.598 Y110.098
G0 X115.814 Y110.158
M204 S500
M205 X20 Y20
G1 F3600 X121.71 Y116.053 E272.89984
G1 X121.78 Y116.123
M204 S5000
M205 X30 Y30
G0 F7200 X121.757 Y116.115
G0 X121.577 Y117.361
G0 X121.71 Y118.946
M204 S500
M205 X20 Y20
G1 F3600 X115.814 Y124.841 E273.17715
G1 X115.744 Y124.911
M204 S5000
M205 X30 Y30
G0 F7200 X115.744 Y124.902
G0 X113.527 Y124.841
M204 S500
M205 X20 Y20
G1 F3600 X110.182 Y121.495 E273.33451
G1 X110.112 Y121.425
M204 S5000
M205 X30 Y30
G0 F7200 X110.113 Y121.443
G0 X109.94 Y121.443
G0 X108.055 Y121.287
M204 S500
M205 X20 Y20
G1 F3600 X104.501 Y124.841 E273.50168
G1 X104.431 Y124.911
M204 S5000
M205 X30 Y30
G0 F7200 X104.431 Y124.902
G0 X107.87 Y124.841
M204 S500
M205 X20 Y20
G1 F3600 X103.574 Y120.544 E273.70377
M204 S5000
M205 X30 Y30
G0 F7200 X103.574 Y120.111
M204 S500
M205 X20 Y20
G1 F3600 X105.503 Y118.182 E273.79451
G1 X105.573 Y118.112
M204 S5000
M205 X30 Y30
G0 F7200 X105.557 Y118.113
G0 X105.503 Y116.817
M204 S500
M205 X20 Y20
G1 F3600 X103.574 Y114.887 E273.88527
M204 S5000
M205 X30 Y30
G0 F7200 X103.574 Y114.455
M204 S500
M205 X20 Y20
G1 F3600 X107.871 Y110.157 E274.08741
G1 X107.941 Y110.087
M204 S5000
M205 X30 Y30
G0 F7200 X107.941 Y110.098
G0 X110.158 Y110.158
M204 S500
M205 X20 Y20
G1 F3600 X124.841 Y124.841 E274.77805
G1 X124.911 Y124.911
M204 S5000
M205 X30 Y30
G0 F7200 X124.911 Y124.902
G0 X127.128 Y124.841
M204 S500
M205 X20 Y20
G1 F3600 X131.424 Y120.545 E274.98012
M204 S5000
M205 X30 Y30
G0 F7200 X131.424 Y120.111
M204 S500
M205 X20 Y20
G1 F3600 X129.495 Y118.181 E275.07088
G1 X129.425 Y118.111
M204 S5000
M205 X30 Y30
G0 F7200 X129.442 Y118.113
G0 X129.496 Y116.817
M204 S500
M205 X20 Y20
G1 F3600 X131.424 Y114.888 E275.16159
M204 S5000
M205 X30 Y30
G0 F7200 X131.424 Y114.454
M204 S500
M205 X20 Y20
G1 F3600 X127.128 Y110.158 E275.36366
G1 X127.058 Y110.088
M204 S5000
M205 X30 Y30
G0 F7200 X127.058 Y110.098
G0 X124.842 Y110.157
M204 S500
M205 X20 Y20
G1 F3600 X110.158 Y124.841 E276.05435
G1 X110.088 Y124.911
M204 S5000
M205 X30 Y30
G0 F7200 X110.088 Y124.902
G0 X113.288 Y118.945
M204 S500
M205 X20 Y20
G1 F3600 X119.184 Y124.841 E276.33168
G1 X119.254 Y124.911
M204 S5000
M205 X30 Y30
G0 F7200 X119.254 Y124.902
G0 X121.471 Y124.841
M204 S500
M205 X20 Y20
G1 F3600 X124.817 Y121.495 E276.48907
G1 X124.887 Y121.425
M204 S5000
M205 X30 Y30
G0 F7200 X124.885 Y121.442
G0 X125.058 Y121.442
G0 X126.946 Y121.289
M204 S500
M205 X20 Y20
G1 F3600 X130.497 Y124.841 E276.65612
G1 X130.567 Y124.911
M204 S5000
M205 X30 Y30
G0 F7200 X130.567 Y124.902
G0 X129.367 Y116.732
G0 X129.142 Y115.991
G0 X128.778 Y115.309
G0 X128.287 Y114.713
G0 X126.945 Y113.711
M204 S500
M205 X20 Y20
G1 F3600 X130.499 Y110.157 E276.82329
G1 X130.569 Y110.087
M204 S5000
M205 X30 Y30
G0 F7200 X130.569 Y110.098
G0 X124.817 Y113.503
M204 S500
M205 X20 Y20
G1 F3600 X121.471 Y110.158 E276.98065
G1 X121.401 Y110.088
M204 S5000
M205 X30 Y30
G0 F7200 X121.401 Y110.098
G0 X119.185 Y110.157
M204 S500
M205 X20 Y20
G1 F3600 X113.289 Y116.053 E277.25798
G1 X113.219 Y116.123
M204 S5000
M205 X30 Y30
G0 F7200 X113.243 Y116.115
G0 X112.778 Y115.309
G0 X112.287 Y114.713
G0 X111.691 Y114.222
G0 X111.009 Y113.858
G0 X110.268 Y113.633
G0 X109.5 Y113.557
G0 X108.732 Y113.633
G0 X108.523 Y113.696
G0 X107.276 Y114.172
G0 X107.331 Y114.255
M204 S500
M205 X20 Y20
;TYPE:WALL-INNER
G1 F3600 X106.741 Y114.741 E277.2834
G1 X106.255 Y115.331 E277.30883
G1 X105.894 Y116.006 E277.33429
G1 X105.672 Y116.739 E277.35976
G1 X105.597 Y117.5 E277.38519
G1 X105.672 Y118.261 E277.41063
G1 X105.894 Y118.994 E277.4361
G1 X106.255 Y119.669 E277.46156
G1 X106.741 Y120.259 E277.48698
G1 X107.331 Y120.745 E277.51241
G1 X108.006 Y121.106 E277.53787
G1 X108.739 Y121.328 E277.56334
G1 X109.5 Y121.403 E277.58877
G1 X110.261 Y121.328 E277.61421
G1 X110.994 Y121.106 E277.63968
G1 X111.669 Y120.745 E277.66514
G1 X112.259 Y120.259 E277.69056
G1 X112.745 Y119.669 E277.71599
G1 X113.106 Y118.994 E277.74145
G1 X113.328 Y118.261 E277.76692
G1 X113.403 Y117.5 E277.79235
G1 X113.328 Y116.739 E277.81779
G1 X113.106 Y116.006 E277.84326
G1 X112.745 Y115.331 E277.86872
G1 X112.259 Y114.741 E277.89414
G1 X111.669 Y114.255 E277.91957
G1 X110.994 Y113.894 E277.94503
G1 X110.261 Y113.672 E277.9705
G1 X109.5 Y113.597 E277.99593
G1 X108.739 Y113.672 E278.02137
G1 X108.006 Y113.894 E278.04684
G1 X107.331 Y114.255 E278.0723
M204 S5000
M205 X30 Y30
G0 F7200 X107.276 Y114.172
G0 X107.991 Y113.858
G0 X108.732 Y113.633
G0 X109.353 Y113.572
G0 X123.276 Y114.172
G0 X123.331 Y114.255
M204 S500
M205 X20 Y20
G1 F3600 X122.741 Y114.741 E278.09772
G1 X122.255 Y115.331 E278.12315
G1 X121.894 Y116.006 E278.14861
G1 X121.672 Y116.739 E278.17408
G1 X121.597 Y117.5 E278.19952
G1 X121.672 Y118.261 E278.22495
G1 X121.894 Y118.994 E278.25042
G1 X122.255 Y119.669 E278.27588
G1 X122.741 Y120.259 E278.30131
G1 X123.331 Y120.745 E278.32673
G1 X124.006 Y121.106 E278.35219
G1 X124.739 Y121.328 E278.37766
G1 X125.5 Y121.403 E278.4031
G1 X126.261 Y121.328 E278.42853
G1 X126.994 Y121.106 E278.454
G1 X127.669 Y120.745 E278.47946
G1 X128.259 Y120.259 E278.50489
G1 X128.745 Y119.669 E278.53031
G1 X129.106 Y118.994 E278.55577
G1 X129.328 Y118.261 E278.58124
G1 X129.403 Y117.5 E278.60668
G1 X129.328 Y116.739 E278.63211
G1 X129.106 Y116.006 E278.65758
G1 X128.745 Y115.331 E278.68304
G1 X128.259 Y114.741 E278.70847
G1 X127.669 Y114.255 E278.73389
G1 X126.994 Y113.894 E278.75935
G1 X126.261 Y113.672 E278.78482
G1 X125.5 Y113.597 E278.81026
G1 X124.739 Y113.672 E278.83569
G1 X124.006 Y113.894 E278.86116
G1 X123.331 Y114.255 E278.88662
M204 S5000
M205 X30 Y30
G0 F7200 X123.276 Y114.172
G0 X123.991 Y113.858
G0 X124.732 Y113.633
G0 X125.5 Y113.557
G0 X126.268 Y113.633
G0 X127.009 Y113.858
G0 X127.691 Y114.222
G0 X128.287 Y114.713
G0 X128.778 Y115.309
G0 X129.142 Y115.991
G0 X131.516 Y124.932
G0 X131.586 Y125.002
M204 S500
M205 X20 Y20
G1 F3600 X103.414 Y125.002 E279.82363
G1 X103.414 Y109.998 E280.32266
G1 X131.586 Y109.998 E281.25967
G1 X131.586 Y125.002 E281.7587
M204 S5000
M205 X30 Y30
G0 F7200 X131.516 Y124.932
G0 X129.142 Y115.991
G0 X128.778 Y115.309
G0 X128.287 Y114.713
G0 X127.691 Y114.222
G0 X127.009 Y113.858
G0 X126.268 Y113.633
G0 X125.5 Y113.557
G0 X125.066 Y113.599
G0 X123.925 Y113.824
G0 X124.16 Y114.265
M204 S500
M205 X20 Y20
;TYPE:WALL-OUTER
G1 F1800 X123.555 Y114.589 E281.78153
G1 X123.025 Y115.025 E281.80436
G1 X122.589 Y115.555 E281.82718
G1 X122.265 Y116.16 E281.85001
G1 X122.066 Y116.817 E281.87284
G1 X121.999 Y117.5 E281.89567
G1 X122.066 Y118.183 E281.91849
G1 X122.265 Y118.84 E281.94132
G1 X122.589 Y119.445 E281.96415
G1 X123.025 Y119.975 E281.98698
G1 X123.555 Y120.411 E282.0098
G1 X124.16 Y120.735 E282.03263
G1 X124.817 Y120.934 E282.05546
G1 X125.5 Y121.001 E282.07829
G1 X126.183 Y120.934 E282.10111
G1 X126.84 Y120.735 E282.12394
G1 X127.445 Y120.411 E282.14677
G1 X127.975 Y119.975 E282.1696
G1 X128.411 Y119.445 E282.19242
G1 X128.735 Y118.84 E282.21525
G1 X128.934 Y118.183 E282.23808
G1 X129.001 Y117.5 E282.26091
G1 X128.934 Y116.817 E282.28373
G1 X128.735 Y116.16 E282.30657
G1 X128.411 Y115.555 E282.32939
G1 X127.975 Y115.025 E282.35222
G1 X127.445 Y114.589 E282.37504
G1 X126.84 Y114.265 E282.39787
G1 X126.183 Y114.066 E282.4207
G1 X125.5 Y113.999 E282.44353
G1 X124.817 Y114.066 E282.46635
G1 X124.16 Y114.265 E282.48919
M204 S5000
M205 X30 Y30
G0 F7200 X123.984 Y114.359
G0 X123.749 Y113.918
G0 X131.516 Y110.068
G0 X131.873 Y109.667
M204 S500
M205 X20 Y20
G1 F1800 X131.986 Y109.825 E282.49565
G1 X131.986 Y125.175 E283.00619
G1 X131.873 Y125.333 E283.01265
G1 X131.682 Y125.402 E283.01941
G1 X103.318 Y125.402 E283.9628
G1 X103.127 Y125.333 E283.96955
G1 X103.014 Y125.175 E283.97601
G1 X103.014 Y109.825 E284.48655
G1 X103.127 Y109.667 E284.49302
G1 X103.318 Y109.598 E284.49977
G1 X131.682 Y109.598 E285.44316
G1 X131.873 Y109.667 E285.44991
M204 S5000
M205 X30 Y30
G0 F7200 X131.986 Y109.825
G0 X131.986 Y109.831
G0 X131.516 Y110.068
G0 X108.732 Y113.633
G0 X107.925 Y113.824
G0 X108.16 Y114.265
M204 S500
M205 X20 Y20
G1 F1800 X107.555 Y114.589 E285.47274
G1 X107.025 Y115.025 E285.49557
G1 X106.589 Y115.555 E285.51839
G1 X106.265 Y116.16 E285.54122
G1 X106.066 Y116.817 E285.56405
G1 X105.999 Y117.5 E285.58688
G1 X106.066 Y118.183 E285.6097
G1 X106.265 Y118.84 E285.63254
G1 X106.589 Y119.445 E285.65536
G1 X107.025 Y119.975 E285.67819
G1 X107.555 Y120.411 E285.70101
G1 X108.16 Y120.735 E285.72384
G1 X108.817 Y120.934 E285.74667
G1 X109.5 Y121.001 E285.7695
G1 X110.183 Y120.934 E285.79232
G1 X110.84 Y120.735 E285.81516
G1 X111.445 Y120.411 E285.83798
G1 X111.975 Y119.975 E285.86081
G1 X112.411 Y119.445 E285.88363
G1 X112.735 Y118.84 E285.90646
G1 X112.934 Y118.183 E285.92929
G1 X113.001 Y117.5 E285.95212
G1 X112.934 Y116.817 E285.97494
G1 X112.735 Y116.16 E285.99778
G1 X112.411 Y115.555 E286.0206
G1 X111.975 Y115.025 E286.04343
G1 X111.445 Y114.589 E286.06626
G1 X110.84 Y114.265 E286.08908
G1 X110.183 Y114.066 E286.11191
G1 X109.5 Y113.999 E286.13474
G1 X108.817 Y114.066 E286.15757
G1 X108.16 Y114.265 E286.1804
M204 S5000
M205 X30 Y30
G0 F7200 X107.984 Y114.359
G0 X107.609 Y113.653
;MESH:NONMESH
G0 X104.501 Y110.158
;TIME_ELAPSED:298.722476
;LAYER:15
;MESH:listwa_mocujaca.stl
G0 X104.501 Y110.158 Z3.2
M204 S500
M205 X20 Y20
;TYPE:FILL
G1 F3600 X108.053 Y113.71 E286.34747
G1 X108.123 Y113.78
M204 S5000
M205 X30 Y30
G0 F7200 X108.115 Y113.757
G0 X108.289 Y113.723
G0 X110.182 Y113.504
M204 S500
M205 X20 Y20
G1 F3600 X113.528 Y110.157 E286.50488
G1 X113.598 Y110.087
M204 S5000
M205 X30 Y30
G0 F7200 X113.598 Y110.098
G0 X115.814 Y110.158
M204 S500
M205 X20 Y20
G1 F3600 X121.71 Y116.053 E286.78219
G1 X121.78 Y116.123
M204 S5000
M205 X30 Y30
G0 F7200 X121.757 Y116.115
G0 X121.577 Y117.361
G0 X121.71 Y118.946
M204 S500
M205 X20 Y20
G1 F3600 X115.814 Y124.841 E287.05949
G1 X115.744 Y124.911
M204 S5000
M205 X30 Y30
G0 F7200 X115.744 Y124.902
G0 X113.527 Y124.841
M204 S500
M205 X20 Y20
G1 F3600 X110.182 Y121.495 E287.21686
G1 X110.112 Y121.425
M204 S5000
M205 X30 Y30
G0 F7200 X110.113 Y121.443
G0 X109.94 Y121.443
G0 X108.055 Y121.287
M204 S500
M205 X20 Y20
G1 F3600 X104.501 Y124.841 E287.38403
G1 X104.431 Y124.911
M204 S5000
M205 X30 Y30
G0 F7200 X104.431 Y124.902
G0 X107.87 Y124.841
M204 S500
M205 X20 Y20
G1 F3600 X103.574 Y120.544 E287.58612
M204 S5000
M205 X30 Y30
G0 F7200 X103.574 Y120.111
M204 S500
M205 X20 Y20
G1 F3600 X105.503 Y118.182 E287.67685
G1 X105.573 Y118.112
M204 S5000
M205 X30 Y30
G0 F7200 X105.557 Y118.113
G0 X105.503 Y116.817
M204 S500
M205 X20 Y20
G1 F3600 X103.574 Y114.887 E287.76761
M204 S5000
M205 X30 Y30
G0 F7200 X103.574 Y114.455
M204 S500
M205 X20 Y20
G1 F3600 X107.871 Y110.157 E287.96975
G1 X107.941 Y110.087
M204 S5000
M205 X30 Y30
G0 F7200 X107.941 Y110.098
G0 X110.158 Y110.158
M204 S500
M205 X20 Y20
G1 F3600 X124.841 Y124.841 E288.6604
G1 X124.911 Y124.911
M204 S5000
M205 X30 Y30
G0 F7200 X124.911 Y124.902
G0 X127.128 Y124.841
M204 S500
M205 X20 Y20
G1 F3600 X131.424 Y120.545 E288.86247
M204 S5000
M205 X30 Y30
G0 F7200 X131.424 Y120.111
M204 S500
M205 X20 Y20
G1 F3600 X129.495 Y118.181 E288.95323
G1 X129.425 Y118.111
M204 S5000
M205 X30 Y30
G0 F7200 X129.442 Y118.113
G0 X129.496 Y116.817
M204 S500
M205 X20 Y20
G1 F3600 X131.424 Y114.888 E289.04394
M204 S5000
M205 X30 Y30
G0 F7200 X131.424 Y114.454
M204 S500
M205 X20 Y20
G1 F3600 X127.128 Y110.158 E289.24601
G1 X127.058 Y110.088
M204 S5000
M205 X30 Y30
G0 F7200 X127.058 Y110.098
G0 X124.842 Y110.157
M204 S500
M205 X20 Y20
G1 F3600 X110.158 Y124.841 E289.9367
G1 X110.088 Y124.911
M204 S5000
M205 X30 Y30
G0 F7200 X110.088 Y124.902
G0 X113.288 Y118.945
M204 S500
M205 X20 Y20
G1 F3600 X119.184 Y124.841 E290.21403
G1 X119.254 Y124.911
M204 S5000
M205 X30 Y30
G0 F7200 X119.254 Y124.902
G0 X121.471 Y124.841
M204 S500
M205 X20 Y20
G1 F3600 X124.817 Y121.495 E290.37141
G1 X124.887 Y121.425
M204 S5000
M205 X30 Y30
G0 F7200 X124.885 Y121.442
G0 X125.058 Y121.442
G0 X126.946 Y121.289
M204 S500
M205 X20 Y20
G1 F3600 X130.497 Y124.841 E290.53846
G1 X130.567 Y124.911
M204 S5000
M205 X30 Y30
G0 F7200 X130.567 Y124.902
G0 X129.367 Y116.732
G0 X129.142 Y115.991
G0 X128.778 Y115.309
G0 X128.287 Y114.713
G0 X126.945 Y113.711
M204 S500
M205 X20 Y20
G1 F3600 X130.499 Y110.157 E290.70563
G1 X130.569 Y110.087
M204 S5000
M205 X30 Y30
G0 F7200 X130.569 Y110.098
G0 X124.817 Y113.503
M204 S500
M205 X20 Y20
G1 F3600 X121.471 Y110.158 E290.863
G1 X121.401 Y110.088
M204 S5000
M205 X30 Y30
G0 F7200 X121.401 Y110.098
G0 X119.185 Y110.157
M204 S500
M205 X20 Y20
G1 F3600 X113.289 Y116.053 E291.14033
G1 X113.219 Y116.123
M204 S5000
M205 X30 Y30
G0 F7200 X113.243 Y116.115
G0 X112.778 Y115.309
G0 X112.287 Y114.713
G0 X111.691 Y114.222
G0 X111.009 Y113.858
G0 X110.268 Y113.633
G0 X109.5 Y113.557
G0 X108.732 Y113.633
G0 X108.523 Y113.696
G0 X107.276 Y114.172
G0 X107.331 Y114.255
M204 S500
M205 X20 Y20
;TYPE:WALL-INNER
G1 F3600 X106.741 Y114.741 E291.16575
G1 X106.255 Y115.331 E291.19117
G1 X105.894 Y116.006 E291.21663
G1 X105.672 Y116.739 E291.24211
G1 X105.597 Y117.5 E291.26754
G1 X105.672 Y118.261 E291.29297
G1 X105.894 Y118.994 E291.31845
G1 X106.255 Y119.669 E291.34391
G1 X106.741 Y120.259 E291.36933
G1 X107.331 Y120.745 E291.39475
G1 X108.006 Y121.106 E291.42021
G1 X108.739 Y121.328 E291.44569
G1 X109.5 Y121.403 E291.47112
G1 X110.261 Y121.328 E291.49655
G1 X110.994 Y121.106 E291.52203
G1 X111.669 Y120.745 E291.54749
G1 X112.259 Y120.259 E291.57291
G1 X112.745 Y119.669 E291.59833
G1 X113.106 Y118.994 E291.62379
G1 X113.328 Y118.261 E291.64927
G1 X113.403 Y117.5 E291.6747
G1 X113.328 Y116.739 E291.70013
G1 X113.106 Y116.006 E291.72561
G1 X112.745 Y115.331 E291.75107
G1 X112.259 Y114.741 E291.77649
G1 X111.669 Y114.255 E291.80191
G1 X110.994 Y113.894 E291.82737
G1 X110.261 Y113.672 E291.85285
G1 X109.5 Y113.597 E291.87828
G1 X108.739 Y113.672 E291.90372
G1 X108.006 Y113.894 E291.92919
G1 X107.331 Y114.255 E291.95465
M204 S5000
M205 X30 Y30
G0 F7200 X107.276 Y114.172
G0 X107.991 Y113.858
G0 X108.732 Y113.633
G0 X109.353 Y113.572
G0 X123.276 Y114.172
G0 X123.331 Y114.255
M204 S500
M205 X20 Y20
G1 F3600 X122.741 Y114.741 E291.98007
G1 X122.255 Y115.331 E292.0055
G1 X121.894 Y116.006 E292.03096
G1 X121.672 Y116.739 E292.05643
G1 X121.597 Y117.5 E292.08186
G1 X121.672 Y118.261 E292.1073
G1 X121.894 Y118.994 E292.13277
G1 X122.255 Y119.669 E292.15823
G1 X122.741 Y120.259 E292.18365
G1 X123.331 Y120.745 E292.20908
G1 X124.006 Y121.106 E292.23454
G1 X124.739 Y121.328 E292.26001
G1 X125.5 Y121.403 E292.28544
G1 X126.261 Y121.328 E292.31088
G1 X126.994 Y121.106 E292.33635
G1 X127.669 Y120.745 E292.36181
G1 X128.259 Y120.259 E292.38723
G1 X128.745 Y119.669 E292.41266
G1 X129.106 Y118.994 E292.43812
G1 X129.328 Y118.261 E292.46359
G1 X129.403 Y117.5 E292.48902
G1 X129.328 Y116.739 E292.51446
G1 X129.106 Y116.006 E292.53993
G1 X128.745 Y115.331 E292.56539
G1 X128.259 Y114.741 E292.59081
G1 X127.669 Y114.255 E292.61624
G1 X126.994 Y113.894 E292.6417
G1 X126.261 Y113.672 E292.66717
G1 X125.5 Y113.597 E292.6926
G1 X124.739 Y113.672 E292.71804
G1 X124.006 Y113.894 E292.74351
G1 X123.331 Y114.255 E292.76897
M204 S5000
M205 X30 Y30
G0 F7200 X123.276 Y114.172
G0 X123.991 Y113.858
G0 X124.732 Y113.633
G0 X125.5 Y113.557
G0 X126.268 Y113.633
G0 X127.009 Y113.858
G0 X127.691 Y114.222
G0 X128.287 Y114.713
G0 X128.778 Y115.309
G0 X129.142 Y115.991
G0 X131.516 Y124.932
G0 X131.586 Y125.002
M204 S500
M205 X20 Y20
G1 F3600 X103.414 Y125.002 E293.70598
G1 X103.414 Y109.998 E294.20501
G1 X131.586 Y109.998 E295.14201
G1 X131.586 Y125.002 E295.64105
M204 S5000
M205 X30 Y30
G0 F7200 X131.516 Y124.932
G0 X129.142 Y115.991
G0 X128.778 Y115.309
G0 X128.287 Y114.713
G0 X127.691 Y114.222
G0 X127.009 Y113.858
G0 X126.268 Y113.633
G0 X125.5 Y113.557
G0 X125.066 Y113.599
G0 X123.925 Y113.824
G0 X124.16 Y114.265
M204 S500
M205 X20 Y20
;TYPE:WALL-OUTER
G1 F1800 X123.555 Y114.589 E295.66388
G1 X123.025 Y115.025 E295.6867
G1 X122.589 Y115.555 E295.70953
G1 X122.265 Y116.16 E295.73235
G1 X122.066 Y116.817 E295.75519
G1 X121.999 Y117.5 E295.77801
G1 X122.066 Y118.183 E295.80084
G1 X122.265 Y118.84 E295.82367
G1 X122.589 Y119.445 E295.8465
G1 X123.025 Y119.975 E295.86932
G1 X123.555 Y120.411 E295.89215
G1 X124.16 Y120.735 E295.91498
G1 X124.817 Y120.934 E295.93781
G1 X125.5 Y121.001 E295.96063
G1 X126.183 Y120.934 E295.98346
G1 X126.84 Y120.735 E296.00629
G1 X127.445 Y120.411 E296.02912
G1 X127.975 Y119.975 E296.05194
G1 X128.411 Y119.445 E296.07477
G1 X128.735 Y118.84 E296.0976
G1 X128.934 Y118.183 E296.12043
G1 X129.001 Y117.5 E296.14325
G1 X128.934 Y116.817 E296.16608
G1 X128.735 Y116.16 E296.18891
G1 X128.411 Y115.555 E296.21174
G1 X127.975 Y115.025 E296.23457
G1 X127.445 Y114.589 E296.25739
G1 X126.84 Y114.265 E296.28022
G1 X126.183 Y114.066 E296.30305
G1 X125.5 Y113.999 E296.32588
G1 X124.817 Y114.066 E296.3487
G1 X124.16 Y114.265 E296.37153
M204 S5000
M205 X30 Y30
G0 F7200 X123.984 Y114.359
G0 X123.749 Y113.918
G0 X131.516 Y110.068
G0 X131.873 Y109.667
M204 S500
M205 X20 Y20
G1 F1800 X131.986 Y109.825 E296.37799
G1 X131.986 Y125.175 E296.88854
G1 X131.873 Y125.333 E296.895
G1 X131.682 Y125.402 E296.90175
G1 X103.318 Y125.402 E297.84514
G1 X103.127 Y125.333 E297.8519
G1 X103.014 Y125.175 E297.85836
G1 X103.014 Y109.825 E298.3689
G1 X103.127 Y109.667 E298.37536
G1 X103.318 Y109.598 E298.38212
G1 X131.682 Y109.598 E299.32551
G1 X131.873 Y109.667 E299.33226
M204 S5000
M205 X30 Y30
G0 F7200 X131.986 Y109.825
G0 X131.986 Y109.831
G0 X131.516 Y110.068
G0 X108.732 Y113.633
G0 X107.925 Y113.824
G0 X108.16 Y114.265
M204 S500
M205 X20 Y20
G1 F1800 X107.555 Y114.589 E299.35509
G1 X107.025 Y115.025 E299.37791
G1 X106.589 Y115.555 E299.40074
G1 X106.265 Y116.16 E299.42357
G1 X106.066 Y116.817 E299.4464
G1 X105.999 Y117.5 E299.46922
G1 X106.066 Y118.183 E299.49205
G1 X106.265 Y118.84 E299.51488
G1 X106.589 Y119.445 E299.53771
G1 X107.025 Y119.975 E299.56053
G1 X107.555 Y120.411 E299.58336
G1 X108.16 Y120.735 E299.60619
G1 X108.817 Y120.934 E299.62902
G1 X109.5 Y121.001 E299.65185
G1 X110.183 Y120.934 E299.67467
G1 X110.84 Y120.735 E299.6975
G1 X111.445 Y120.411 E299.72033
G1 X111.975 Y119.975 E299.74316
G1 X112.411 Y119.445 E299.76598
G1 X112.735 Y118.84 E299.78881
G1 X112.934 Y118.183 E299.81164
G1 X113.001 Y117.5 E299.83447
G1 X112.934 Y116.817 E299.85729
G1 X112.735 Y116.16 E299.88012
G1 X112.411 Y115.555 E299.90295
G1 X111.975 Y115.025 E299.92578
G1 X111.445 Y114.589 E299.9486
G1 X110.84 Y114.265 E299.97143
G1 X110.183 Y114.066 E299.99426
G1 X109.5 Y113.999 E300.01709
G1 X108.817 Y114.066 E300.03991
G1 X108.16 Y114.265 E300.06275
M204 S5000
M205 X30 Y30
G0 F7200 X107.984 Y114.359
G0 X107.609 Y113.653
;MESH:NONMESH
G0 X104.501 Y110.158
;TIME_ELAPSED:311.526103
;LAYER:16
;MESH:listwa_mocujaca.stl
G0 X104.501 Y110.158 Z3.4
M204 S500
M205 X20 Y20
;TYPE:FILL
G1 F3600 X108.053 Y113.71 E300.22982
G1 X108.123 Y113.78
M204 S5000
M205 X30 Y30
G0 F7200 X108.115 Y113.757
G0 X108.289 Y113.723
G0 X110.182 Y113.504
M204 S500
M205 X20 Y20
G1 F3600 X113.528 Y110.157 E300.38723
G1 X113.598 Y110.087
M204 S5000
M205 X30 Y30
G0 F7200 X113.598 Y110.098
G0 X115.814 Y110.158
M204 S500
M205 X20 Y20
G1 F3600 X121.71 Y116.053 E300.66454
G1 X121.78 Y116.123
M204 S5000
M205 X30 Y30
G0 F7200 X121.757 Y116.115
G0 X121.577 Y117.361
G0 X121.71 Y118.946
M204 S500
M205 X20 Y20
G1 F3600 X115.814 Y124.841 E300.94184
G1 X115.744 Y124.911
M204 S5000
M205 X30 Y30
G0 F7200 X115.744 Y124.902
G0 X113.527 Y124.841
M204 S500
M205 X20 Y20
G1 F3600 X110.182 Y121.495 E301.0992
G1 X110.112 Y121.425
M204 S5000
M205 X30 Y30
G0 F7200 X110.113 Y121.443
G0 X109.94 Y121.443
G0 X108.055 Y121.287
M204 S500
M205 X20 Y20
G1 F3600 X104.501 Y124.841 E301.26637
G1 X104.431 Y124.911
M204 S5000
M205 X30 Y30
G0 F7200 X104.431 Y124.902
G0 X107.87 Y124.841
M204 S500
M205 X20 Y20
G1 F3600 X103.574 Y120.544 E301.46847
M204 S5000
M205 X30 Y30
G0 F7200 X103.574 Y120.111
M204 S500
M205 X20 Y20
G1 F3600 X105.503 Y118.182 E301.5592
G1 X105.573 Y118.112
M204 S5000
M205 X30 Y30
G0 F7200 X105.557 Y118.113
G0 X105.503 Y116.817
M204 S500
M205 X20 Y20
G1 F3600 X103.574 Y114.887 E301.64996
M204 S5000
M205 X30 Y30
G0 F7200 X103.574 Y114.455
M204 S500
M205 X20 Y20
G1 F3600 X107.871 Y110.157 E301.8521
G1 X107.941 Y110.087
M204 S5000
M205 X30 Y30
G0 F7200 X107.941 Y110.098
G0 X110.158 Y110.158
M204 S500
M205 X20 Y20
G1 F3600 X124.841 Y124.841 E302.54274
G1 X124.911 Y124.911
M204 S5000
M205 X30 Y30
G0 F7200 X124.911 Y124.902
G0 X127.128 Y124.841
M204 S500
M205 X20 Y20
G1 F3600 X131.424 Y120.545 E302.74481
M204 S5000
M205 X30 Y30
G0 F7200 X131.424 Y120.111
M204 S500
M205 X20 Y20
G1 F3600 X129.495 Y118.181 E302.83557
G1 X129.425 Y118.111
M204 S5000
M205 X30 Y30
G0 F7200 X129.442 Y118.113
G0 X129.496 Y116.817
M204 S500
M205 X20 Y20
G1 F3600 X131.424 Y114.888 E302.92628
M204 S5000
M205 X30 Y30
G0 F7200 X131.424 Y114.454
M204 S500
M205 X20 Y20
G1 F3600 X127.128 Y110.158 E303.12835
G1 X127.058 Y110.088
M204 S5000
M205 X30 Y30
G0 F7200 X127.058 Y110.098
G0 X124.842 Y110.157
M204 S500
M205 X20 Y20
G1 F3600 X110.158 Y124.841 E303.81904
G1 X110.088 Y124.911
M204 S5000
M205 X30 Y30
G0 F7200 X110.088 Y124.902
G0 X113.288 Y118.945
M204 S500
M205 X20 Y20
G1 F3600 X119.184 Y124.841 E304.09637
G1 X119.254 Y124.911
M204 S5000
M205 X30 Y30
G0 F7200 X119.254 Y124.902
G0 X121.471 Y124.841
M204 S500
M205 X20 Y20
G1 F3600 X124.817 Y121.495 E304.25376
G1 X124.887 Y121.425
M204 S5000
M205 X30 Y30
G0 F7200 X124.885 Y121.442
G0 X125.058 Y121.442
G0 X126.946 Y121.289
M204 S500
M205 X20 Y20
G1 F3600 X130.497 Y124.841 E304.42081
G1 X130.567 Y124.911
M204 S5000
M205 X30 Y30
G0 F7200 X130.567 Y124.902
G0 X129.367 Y116.732
G0 X129.142 Y115.991
G0 X128.778 Y115.309
G0 X128.287 Y114.713
G0 X126.945 Y113.711
M204 S500
M205 X20 Y20
G1 F3600 X130.499 Y110.157 E304.58798
G1 X130.569 Y110.087
M204 S5000
M205 X30 Y30
G0 F7200 X130.569 Y110.098
G0 X124.817 Y113.503
M204 S500
M205 X20 Y20
G1 F3600 X121.471 Y110.158 E304.74534
G1 X121.401 Y110.088
M204 S5000
M205 X30 Y30
G0 F7200 X121.401 Y110.098
G0 X119.185 Y110.157
M204 S500
M205 X20 Y20
G1 F3600 X113.289 Y116.053 E305.02267
G1 X113.219 Y116.123
M204 S5000
M205 X30 Y30
G0 F7200 X113.243 Y116.115
G0 X112.778 Y115.309
G0 X112.287 Y114.713
G0 X111.691 Y114.222
G0 X111.009 Y113.858
G0 X110.268 Y113.633
G0 X109.5 Y113.557
G0 X108.732 Y113.633
G0 X108.523 Y113.696
G0 X107.276 Y114.172
G0 X107.331 Y114.255
M204 S500
M205 X20 Y20
;TYPE:WALL-INNER
G1 F3600 X106.741 Y114.741 E305.0481
G1 X106.255 Y115.331 E305.07352
G1 X105.894 Y116.006 E305.09898
G1 X105.672 Y116.739 E305.12445
G1 X105.597 Y117.5 E305.14989
G1 X105.672 Y118.261 E305.17532
G1 X105.894 Y118.994 E305.20079
G1 X106.255 Y119.669 E305.22625
G1 X106.741 Y120.259 E305.25168
G1 X107.331 Y120.745 E305.2771
G1 X108.006 Y121.106 E305.30256
G1 X108.739 Y121.328 E305.32803
G1 X109.5 Y121.403 E305.35347
G1 X110.261 Y121.328 E305.3789
G1 X110.994 Y121.106 E305.40437
G1 X111.669 Y120.745 E305.42983
G1 X112.259 Y120.259 E305.45526
G1 X112.745 Y119.669 E305.48068
G1 X113.106 Y118.994 E305.50614
G1 X113.328 Y118.261 E305.53161
G1 X113.403 Y117.5 E305.55705
G1 X113.328 Y116.739 E305.58248
G1 X113.106 Y116.006 E305.60795
G1 X112.745 Y115.331 E305.63341
G1 X112.259 Y114.741 E305.65884
G1 X111.669 Y114.255 E305.68426
G1 X110.994 Y113.894 E305.70972
G1 X110.261 Y113.672 E305.73519
G1 X109.5 Y113.597 E305.76063
G1 X108.739 Y113.672 E305.78606
G1 X108.006 Y113.894 E305.81154
G1 X107.331 Y114.255 E305.837
M204 S5000
M205 X30 Y30
G0 F7200 X107.276 Y114.172
G0 X107.991 Y113.858
G0 X108.732 Y113.633
G0 X109.353 Y113.572
G0 X123.276 Y114.172
G0 X123.331 Y114.255
M204 S500
M205 X20 Y20
G1 F3600 X122.741 Y114.741 E305.86242
G1 X122.255 Y115.331 E305.88784
G1 X121.894 Y116.006 E305.9133
G1 X121.672 Y116.739 E305.93878
G1 X121.597 Y117.5 E305.96421
G1 X121.672 Y118.261 E305.98964
G1 X121.894 Y118.994 E306.01512
G1 X122.255 Y119.669 E306.04058
G1 X122.741 Y120.259 E306.066
G1 X123.331 Y120.745 E306.09142
G1 X124.006 Y121.106 E306.11688
G1 X124.739 Y121.328 E306.14236
G1 X125.5 Y121.403 E306.16779
G1 X126.261 Y121.328 E306.19322
G1 X126.994 Y121.106 E306.2187
G1 X127.669 Y120.745 E306.24416
G1 X128.259 Y120.259 E306.26958
G1 X128.745 Y119.669 E306.295
G1 X129.106 Y118.994 E306.32046
G1 X129.328 Y118.261 E306.34594
G1 X129.403 Y117.5 E306.37137
G1 X129.328 Y116.739 E306.3968
G1 X129.106 Y116.006 E306.42228
G1 X128.745 Y115.331 E306.44774
G1 X128.259 Y114.741 E306.47316
G1 X127.669 Y114.255 E306.49858
G1 X126.994 Y113.894 E306.52404
G1 X126.261 Y113.672 E306.54952
G1 X125.5 Y113.597 E306.57495
G1 X124.739 Y113.672 E306.60038
G1 X124.006 Y113.894 E306.62586
G1 X123.331 Y114.255 E306.65132
M204 S5000
M205 X30 Y30
G0 F7200 X123.276 Y114.172
G0 X123.991 Y113.858
G0 X124.732 Y113.633
G0 X125.5 Y113.557
G0 X126.268 Y113.633
G0 X127.009 Y113.858
G0 X127.691 Y114.222
G0 X128.287 Y114.713
G0 X128.778 Y115.309
G0 X129.142 Y115.991
G0 X131.516 Y124.932
G0 X131.586 Y125.002
M204 S500
M205 X20 Y20
G1 F3600 X103.414 Y125.002 E307.58832
G1 X103.414 Y109.998 E308.08736
G1 X131.586 Y109.998 E309.02436
G1 X131.586 Y125.002 E309.5234
M204 S5000
M205 X30 Y30
G0 F7200 X131.516 Y124.932
G0 X129.142 Y115.991
G0 X128.778 Y115.309
G0 X128.287 Y114.713
G0 X127.691 Y114.222
G0 X127.009 Y113.858
G0 X126.268 Y113.633
G0 X125.5 Y113.557
G0 X125.066 Y113.599
G0 X123.925 Y113.824
G0 X124.16 Y114.265
M204 S500
M205 X20 Y20
;TYPE:WALL-OUTER
G1 F1800 X123.555 Y114.589 E309.54622
G1 X123.025 Y115.025 E309.56905
G1 X122.589 Y115.555 E309.59188
G1 X122.265 Y116.16 E309.6147
G1 X122.066 Y116.817 E309.63753
G1 X121.999 Y117.5 E309.66036
G1 X122.066 Y118.183 E309.68319
G1 X122.265 Y118.84 E309.70602
G1 X122.589 Y119.445 E309.72884
G1 X123.025 Y119.975 E309.75167
G1 X123.555 Y120.411 E309.7745
G1 X124.16 Y120.735 E309.79732
G1 X124.817 Y120.934 E309.82016
G1 X125.5 Y121.001 E309.84298
G1 X126.183 Y120.934 E309.86581
G1 X126.84 Y120.735 E309.88864
G1 X127.445 Y120.411 E309.91147
G1 X127.975 Y119.975 E309.93429
G1 X128.411 Y119.445 E309.95712
G1 X128.735 Y118.84 E309.97994
G1 X128.934 Y118.183 E310.00278
G1 X129.001 Y117.5 E310.0256
G1 X128.934 Y116.817 E310.04843
G1 X128.735 Y116.16 E310.07126
G1 X128.411 Y115.555 E310.09409
G1 X127.975 Y115.025 E310.11691
G1 X127.445 Y114.589 E310.13974
G1 X126.84 Y114.265 E310.16256
G1 X126.183 Y114.066 E310.1854
G1 X125.5 Y113.999 E310.20822
G1 X124.817 Y114.066 E310.23105
G1 X124.16 Y114.265 E310.25388
M204 S5000
M205 X30 Y30
G0 F7200 X123.984 Y114.359
G0 X123.749 Y113.918
G0 X131.516 Y110.068
G0 X131.873 Y109.667
M204 S500
M205 X20 Y20
G1 F1800 X131.986 Y109.825 E310.26034
G1 X131.986 Y125.175 E310.77088
G1 X131.873 Y125.333 E310.77735
G1 X131.682 Y125.402 E310.7841
G1 X103.318 Y125.402 E311.72749
G1 X103.127 Y125.333 E311.73424
G1 X103.014 Y125.175 E311.74071
G1 X103.014 Y109.825 E312.25125
G1 X103.127 Y109.667 E312.25771
G1 X103.318 Y109.598 E312.26446
G1 X131.682 Y109.598 E313.20785
G1 X131.873 Y109.667 E313.21461
M204 S5000
M205 X30 Y30
G0 F7200 X131.986 Y109.825
G0 X131.986 Y109.831
G0 X131.516 Y110.068
G0 X108.732 Y113.633
G0 X107.925 Y113.824
G0 X108.16 Y114.265
M204 S500
M205 X20 Y20
G1 F1800 X107.555 Y114.589 E313.23743
G1 X107.025 Y115.025 E313.26026
G1 X106.589 Y115.555 E313.28309
G1 X106.265 Y116.16 E313.30591
G1 X106.066 Y116.817 E313.32875
G1 X105.999 Y117.5 E313.35157
G1 X106.066 Y118.183 E313.3744
G1 X106.265 Y118.84 E313.39723
G1 X106.589 Y119.445 E313.42006
G1 X107.025 Y119.975 E313.44288
G1 X107.555 Y120.411 E313.46571
G1 X108.16 Y120.735 E313.48853
G1 X108.817 Y120.934 E313.51137
G1 X109.5 Y121.001 E313.53419
G1 X110.183 Y120.934 E313.55702
G1 X110.84 Y120.735 E313.57985
G1 X111.445 Y120.411 E313.60268
G1 X111.975 Y119.975 E313.6255
G1 X112.411 Y119.445 E313.64833
G1 X112.735 Y118.84 E313.67116
G1 X112.934 Y118.183 E313.69399
G1 X113.001 Y117.5 E313.71681
G1 X112.934 Y116.817 E313.73964
G1 X112.735 Y116.16 E313.76247
G1 X112.411 Y115.555 E313.7853
G1 X111.975 Y115.025 E313.80812
G1 X111.445 Y114.589 E313.83095
G1 X110.84 Y114.265 E313.85378
G1 X110.183 Y114.066 E313.87661
G1 X109.5 Y113.999 E313.89943
G1 X108.817 Y114.066 E313.92226
G1 X108.16 Y114.265 E313.94509
M204 S5000
M205 X30 Y30
G0 F7200 X107.984 Y114.359
G0 X107.609 Y113.653
;MESH:NONMESH
G0 X104.501 Y110.158
;TIME_ELAPSED:324.329731
;LAYER:17
;MESH:listwa_mocujaca.stl
G0 X104.501 Y110.158 Z3.6
M204 S500
M205 X20 Y20
;TYPE:FILL
G1 F3600 X108.053 Y113.71 E314.11217
G1 X108.123 Y113.78
M204 S5000
M205 X30 Y30
G0 F7200 X108.115 Y113.757
G0 X108.289 Y113.723
G0 X110.182 Y113.504
M204 S500
M205 X20 Y20
G1 F3600 X113.528 Y110.157 E314.26958
G1 X113.598 Y110.087
M204 S5000
M205 X30 Y30
G0 F7200 X113.598 Y110.098
G0 X115.814 Y110.158
M204 S500
M205 X20 Y20
G1 F3600 X121.71 Y116.053 E314.54688
G1 X121.78 Y116.123
M204 S5000
M205 X30 Y30
G0 F7200 X121.757 Y116.115
G0 X121.577 Y117.361
G0 X121.71 Y118.946
M204 S500
M205 X20 Y20
G1 F3600 X115.814 Y124.841 E314.82419
G1 X115.744 Y124.911
M204 S5000
M205 X30 Y30
G0 F7200 X115.744 Y124.902
G0 X113.527 Y124.841
M204 S500
M205 X20 Y20
G1 F3600 X110.182 Y121.495 E314.98155
G1 X110.112 Y121.425
M204 S5000
M205 X30 Y30
G0 F7200 X110.113 Y121.443
G0 X109.94 Y121.443
G0 X108.055 Y121.287
M204 S500
M205 X20 Y20
G1 F3600 X104.501 Y124.841 E315.14872
G1 X104.431 Y124.911
M204 S5000
M205 X30 Y30
G0 F7200 X104.431 Y124.902
G0 X107.87 Y124.841
M204 S500
M205 X20 Y20
G1 F3600 X103.574 Y120.544 E315.35081
M204 S5000
M205 X30 Y30
G0 F7200 X103.574 Y120.111
M204 S500
M205 X20 Y20
G1 F3600 X105.503 Y118.182 E315.44155
G1 X105.573 Y118.112
M204 S5000
M205 X30 Y30
G0 F7200 X105.557 Y118.113
G0 X105.503 Y116.817
M204 S500
M205 X20 Y20
G1 F3600 X103.574 Y114.887 E315.53231
M204 S5000
M205 X30 Y30
G0 F7200 X103.574 Y114.455
M204 S500
M205 X20 Y20
G1 F3600 X107.871 Y110.157 E315.73445
G1 X107.941 Y110.087
M204 S5000
M205 X30 Y30
G0 F7200 X107.941 Y110.098
G0 X110.158 Y110.158
M204 S500
M205 X20 Y20
G1 F3600 X124.841 Y124.841 E316.42509
G1 X124.911 Y124.911
M204 S5000
M205 X30 Y30
G0 F7200 X124.911 Y124.902
G0 X127.128 Y124.841
M204 S500
M205 X20 Y20
G1 F3600 X131.424 Y120.545 E316.62716
M204 S5000
M205 X30 Y30
G0 F7200 X131.424 Y120.111
M204 S500
M205 X20 Y20
G1 F3600 X129.495 Y118.181 E316.71792
G1 X129.425 Y118.111
M204 S5000
M205 X30 Y30
G0 F7200 X129.442 Y118.113
G0 X129.496 Y116.817
M204 S500
M205 X20 Y20
G1 F3600 X131.424 Y114.888 E316.80863
M204 S5000
M205 X30 Y30
G0 F7200 X131.424 Y114.454
M204 S500
M205 X20 Y20
G1 F3600 X127.128 Y110.158 E317.0107
G1 X127.058 Y110.088
M204 S5000
M205 X30 Y30
G0 F7200 X127.058 Y110.098
G0 X124.842 Y110.157
M204 S500
M205 X20 Y20
G1 F3600 X110.158 Y124.841 E317.70139
G1 X110.088 Y124.911
M204 S5000
M205 X30 Y30
G0 F7200 X110.088 Y124.902
G0 X113.288 Y118.945
M204 S500
M205 X20 Y20
G1 F3600 X119.184 Y124.841 E317.97872
G1 X119.254 Y124.911
M204 S5000
M205 X30 Y30
G0 F7200 X119.254 Y124.902
G0 X121.471 Y124.841
M204 S500
M205 X20 Y20
G1 F3600 X124.817 Y121.495 E318.13611
G1 X124.887 Y121.425
M204 S5000
M205 X30 Y30
G0 F7200 X124.885 Y121.442
G0 X125.058 Y121.442
G0 X126.946 Y121.289
M204 S500
M205 X20 Y20
G1 F3600 X130.497 Y124.841 E318.30316
G1 X130.567 Y124.911
M204 S5000
M205 X30 Y30
G0 F7200 X130.567 Y124.902
G0 X129.367 Y116.732
G0 X129.142 Y115.991
G0 X128.778 Y115.309
G0 X128.287 Y114.713
G0 X126.945 Y113.711
M204 S500
M205 X20 Y20
G1 F3600 X130.499 Y110.157 E318.47033
G1 X130.569 Y110.087
M204 S5000
M205 X30 Y30
G0 F7200 X130.569 Y110.098
G0 X124.817 Y113.503
M204 S500
M205 X20 Y20
G1 F3600 X121.471 Y110.158 E318.62769
G1 X121.401 Y110.088
M204 S5000
M205 X30 Y30
G0 F7200 X121.401 Y110.098
G0 X119.185 Y110.157
M204 S500
M205 X20 Y20
G1 F3600 X113.289 Y116.053 E318.90502
G1 X113.219 Y116.123
M204 S5000
M205 X30 Y30
G0 F7200 X113.243 Y116.115
G0 X112.778 Y115.309
G0 X112.287 Y114.713
G0 X111.691 Y114.222
G0 X111.009 Y113.858
G0 X110.268 Y113.633
G0 X109.5 Y113.557
G0 X108.732 Y113.633
G0 X108.523 Y113.696
G0 X107.276 Y114.172
G0 X107.331 Y114.255
M204 S500
M205 X20 Y20
;TYPE:WALL-INNER
G1 F3600 X106.741 Y114.741 E318.93044
G1 X106.255 Y115.331 E318.95587
G1 X105.894 Y116.006 E318.98133
G1 X105.672 Y116.739 E319.0068
G1 X105.597 Y117.5 E319.03223
G1 X105.672 Y118.261 E319.05767
G1 X105.894 Y118.994 E319.08314
G1 X106.255 Y119.669 E319.1086
G1 X106.741 Y120.259 E319.13402
G1 X107.331 Y120.745 E319.15945
G1 X108.006 Y121.106 E319.18491
G1 X108.739 Y121.328 E319.21038
G1 X109.5 Y121.403 E319.23581
G1 X110.261 Y121.328 E319.26125
G1 X110.994 Y121.106 E319.28672
G1 X111.669 Y120.745 E319.31218
G1 X112.259 Y120.259 E319.3376
G1 X112.745 Y119.669 E319.36303
G1 X113.106 Y118.994 E319.38849
G1 X113.328 Y118.261 E319.41396
G1 X113.403 Y117.5 E319.43939
G1 X113.328 Y116.739 E319.46483
G1 X113.106 Y116.006 E319.4903
G1 X112.745 Y115.331 E319.51576
G1 X112.259 Y114.741 E319.54119
G1 X111.669 Y114.255 E319.56661
G1 X110.994 Y113.894 E319.59207
G1 X110.261 Y113.672 E319.61754
G1 X109.5 Y113.597 E319.64298
G1 X108.739 Y113.672 E319.66841
G1 X108.006 Y113.894 E319.69388
G1 X107.331 Y114.255 E319.71934
M204 S5000
M205 X30 Y30
G0 F7200 X107.276 Y114.172
G0 X107.991 Y113.858
G0 X108.732 Y113.633
G0 X109.353 Y113.572
G0 X123.276 Y114.172
G0 X123.331 Y114.255
M204 S500
M205 X20 Y20
G1 F3600 X122.741 Y114.741 E319.74477
G1 X122.255 Y115.331 E319.77019
G1 X121.894 Y116.006 E319.79565
G1 X121.672 Y116.739 E319.82112
G1 X121.597 Y117.5 E319.84656
G1 X121.672 Y118.261 E319.87199
G1 X121.894 Y118.994 E319.89746
G1 X122.255 Y119.669 E319.92292
G1 X122.741 Y120.259 E319.94835
G1 X123.331 Y120.745 E319.97377
G1 X124.006 Y121.106 E319.99923
G1 X124.739 Y121.328 E320.0247
G1 X125.5 Y121.403 E320.05014
G1 X126.261 Y121.328 E320.07557
G1 X126.994 Y121.106 E320.10104
G1 X127.669 Y120.745 E320.1265
G1 X128.259 Y120.259 E320.15193
G1 X128.745 Y119.669 E320.17735
G1 X129.106 Y118.994 E320.20281
G1 X129.328 Y118.261 E320.22828
G1 X129.403 Y117.5 E320.25372
G1 X129.328 Y116.739 E320.27915
G1 X129.106 Y116.006 E320.30462
G1 X128.745 Y115.331 E320.33008
G1 X128.259 Y114.741 E320.35551
G1 X127.669 Y114.255 E320.38093
G1 X126.994 Y113.894 E320.40639
G1 X126.261 Y113.672 E320.43186
G1 X125.5 Y113.597 E320.4573
G1 X124.739 Y113.672 E320.48273
G1 X124.006 Y113.894 E320.50821
G1 X123.331 Y114.255 E320.53366
M204 S5000
M205 X30 Y30
G0 F7200 X123.276 Y114.172
G0 X123.991 Y113.858
G0 X124.732 Y113.633
G0 X125.5 Y113.557
G0 X126.268 Y113.633
G0 X127.009 Y113.858
G0 X127.691 Y114.222
G0 X128.287 Y114.713
G0 X128.778 Y115.309
G0 X129.142 Y115.991
G0 X131.516 Y124.932
G0 X131.586 Y125.002
M204 S500
M205 X20 Y20
G1 F3600 X103.414 Y125.002 E321.47067
G1 X103.414 Y109.998 E321.9697
G1 X131.586 Y109.998 E322.90671
G1 X131.586 Y125.002 E323.40574
M204 S5000
M205 X30 Y30
G0 F7200 X131.516 Y124.932
G0 X129.142 Y115.991
G0 X128.778 Y115.309
G0 X128.287 Y114.713
G0 X127.691 Y114.222
G0 X127.009 Y113.858
G0 X126.268 Y113.633
G0 X125.5 Y113.557
G0 X125.066 Y113.599
G0 X123.925 Y113.824
G0 X124.16 Y114.265
M204 S500
M205 X20 Y20
;TYPE:WALL-OUTER
G1 F1800 X123.555 Y114.589 E323.42857
G1 X123.025 Y115.025 E323.4514
G1 X122.589 Y115.555 E323.47422
G1 X122.265 Y116.16 E323.49705
G1 X122.066 Y116.817 E323.51988
G1 X121.999 Y117.5 E323.54271
G1 X122.066 Y118.183 E323.56553
G1 X122.265 Y118.84 E323.58836
G1 X122.589 Y119.445 E323.61119
G1 X123.025 Y119.975 E323.63402
G1 X123.555 Y120.411 E323.65684
G1 X124.16 Y120.735 E323.67967
G1 X124.817 Y120.934 E323.7025
G1 X125.5 Y121.001 E323.72533
G1 X126.183 Y120.934 E323.74815
G1 X126.84 Y120.735 E323.77099
G1 X127.445 Y120.411 E323.79381
G1 X127.975 Y119.975 E323.81664
G1 X128.411 Y119.445 E323.83946
G1 X128.735 Y118.84 E323.86229
G1 X128.934 Y118.183 E323.88512
G1 X129.001 Y117.5 E323.90795
G1 X128.934 Y116.817 E323.93077
G1 X128.735 Y116.16 E323.95361
G1 X128.411 Y115.555 E323.97643
G1 X127.975 Y115.025 E323.99926
G1 X127.445 Y114.589 E324.02209
G1 X126.84 Y114.265 E324.04491
G1 X126.183 Y114.066 E324.06774
G1 X125.5 Y113.999 E324.09057
G1 X124.817 Y114.066 E324.1134
G1 X124.16 Y114.265 E324.13623
M204 S5000
M205 X30 Y30
G0 F7200 X123.984 Y114.359
G0 X123.749 Y113.918
G0 X131.516 Y110.068
G0 X131.873 Y109.667
M204 S500
M205 X20 Y20
G1 F1800 X131.986 Y109.825 E324.14269
G1 X131.986 Y125.175 E324.65323
G1 X131.873 Y125.333 E324.65969
G1 X131.682 Y125.402 E324.66645
G1 X103.318 Y125.402 E325.60984
G1 X103.127 Y125.333 E325.61659
G1 X103.014 Y125.175 E325.62305
G1 X103.014 Y109.825 E326.1336
G1 X103.127 Y109.667 E326.14006
G1 X103.318 Y109.598 E326.14681
G1 X131.682 Y109.598 E327.0902
G1 X131.873 Y109.667 E327.09696
M204 S5000
M205 X30 Y30
G0 F7200 X131.986 Y109.825
G0 X131.986 Y109.831
G0 X131.516 Y110.068
G0 X108.732 Y113.633
G0 X107.925 Y113.824
G0 X108.16 Y114.265
M204 S500
M205 X20 Y20
G1 F1800 X107.555 Y114.589 E327.11978
G1 X107.025 Y115.025 E327.14261
G1 X106.589 Y115.555 E327.16543
G1 X106.265 Y116.16 E327.18826
G1 X106.066 Y116.817 E327.21109
G1 X105.999 Y117.5 E327.23392
G1 X106.066 Y118.183 E327.25674
G1 X106.265 Y118.84 E327.27958
G1 X106.589 Y119.445 E327.3024
G1 X107.025 Y119.975 E327.32523
G1 X107.555 Y120.411 E327.34806
G1 X108.16 Y120.735 E327.37088
G1 X108.817 Y120.934 E327.39371
G1 X109.5 Y121.001 E327.41654
G1 X110.183 Y120.934 E327.43937
G1 X110.84 Y120.735 E327.4622
G1 X111.445 Y120.411 E327.48502
G1 X111.975 Y119.975 E327.50785
G1 X112.411 Y119.445 E327.53068
G1 X112.735 Y118.84 E327.5535
G1 X112.934 Y118.183 E327.57633
G1 X113.001 Y117.5 E327.59916
G1 X112.934 Y116.817 E327.62199
G1 X112.735 Y116.16 E327.64482
G1 X112.411 Y115.555 E327.66764
G1 X111.975 Y115.025 E327.69047
G1 X111.445 Y114.589 E327.7133
G1 X110.84 Y114.265 E327.73612
G1 X110.183 Y114.066 E327.75896
G1 X109.5 Y113.999 E327.78178
G1 X108.817 Y114.066 E327.80461
G1 X108.16 Y114.265 E327.82744
M204 S5000
M205 X30 Y30
G0 F7200 X107.984 Y114.359
G0 X107.609 Y113.653
;MESH:NONMESH
G0 X104.501 Y110.158
;TIME_ELAPSED:337.133358
;LAYER:18
;MESH:listwa_mocujaca.stl
G0 X104.501 Y110.158 Z3.8
M204 S500
M205 X20 Y20
;TYPE:FILL
G1 F3600 X108.053 Y113.71 E327.99451
G1 X108.123 Y113.78
M204 S5000
M205 X30 Y30
G0 F7200 X108.115 Y113.757
G0 X108.289 Y113.723
G0 X110.182 Y113.504
M204 S500
M205 X20 Y20
G1 F3600 X113.528 Y110.157 E328.15192
G1 X113.598 Y110.087
M204 S5000
M205 X30 Y30
G0 F7200 X113.598 Y110.098
G0 X115.814 Y110.158
M204 S500
M205 X20 Y20
G1 F3600 X121.71 Y116.053 E328.42923
G1 X121.78 Y116.123
M204 S5000
M205 X30 Y30
G0 F7200 X121.757 Y116.115
G0 X121.577 Y117.361
G0 X121.71 Y118.946
M204 S500
M205 X20 Y20
G1 F3600 X115.814 Y124.841 E328.70654
G1 X115.744 Y124.911
M204 S5000
M205 X30 Y30
G0 F7200 X115.744 Y124.902
G0 X113.527 Y124.841
M204 S500
M205 X20 Y20
G1 F3600 X110.182 Y121.495 E328.8639
G1 X110.112 Y121.425
M204 S5000
M205 X30 Y30
G0 F7200 X110.113 Y121.443
G0 X109.94 Y121.443
G0 X108.055 Y121.287
M204 S500
M205 X20 Y20
G1 F3600 X104.501 Y124.841 E329.03107
G1 X104.431 Y124.911
M204 S5000
M205 X30 Y30
G0 F7200 X104.431 Y124.902
G0 X107.87 Y124.841
M204 S500
M205 X20 Y20
G1 F3600 X103.574 Y120.544 E329.23316
M204 S5000
M205 X30 Y30
G0 F7200 X103.574 Y120.111
M204 S500
M205 X20 Y20
G1 F3600 X105.503 Y118.182 E329.3239
G1 X105.573 Y118.112
M204 S5000
M205 X30 Y30
G0 F7200 X105.557 Y118.113
G0 X105.503 Y116.817
M204 S500
M205 X20 Y20
G1 F3600 X103.574 Y114.887 E329.41465
M204 S5000
M205 X30 Y30
G0 F7200 X103.574 Y114.455
M204 S500
M205 X20 Y20
G1 F3600 X107.871 Y110.157 E329.61679
G1 X107.941 Y110.087
M204 S5000
M205 X30 Y30
G0 F7200 X107.941 Y110.098
G0 X110.158 Y110.158
M204 S500
M205 X20 Y20
G1 F3600 X124.841 Y124.841 E330.30744
G1 X124.911 Y124.911
M204 S5000
M205 X30 Y30
G0 F7200 X124.911 Y124.902
G0 X127.128 Y124.841
M204 S500
M205 X20 Y20
G1 F3600 X131.424 Y120.545 E330.50951
M204 S5000
M205 X30 Y30
G0 F7200 X131.424 Y120.111
M204 S500
M205 X20 Y20
G1 F3600 X129.495 Y118.181 E330.60027
G1 X129.425 Y118.111
M204 S5000
M205 X30 Y30
G0 F7200 X129.442 Y118.113
G0 X129.496 Y116.817
M204 S500
M205 X20 Y20
G1 F3600 X131.424 Y114.888 E330.69098
M204 S5000
M205 X30 Y30
G0 F7200 X131.424 Y114.454
M204 S500
M205 X20 Y20
G1 F3600 X127.128 Y110.158 E330.89305
G1 X127.058 Y110.088
M204 S5000
M205 X30 Y30
G0 F7200 X127.058 Y110.098
G0 X124.842 Y110.157
M204 S500
M205 X20 Y20
G1 F3600 X110.158 Y124.841 E331.58374
G1 X110.088 Y124.911
M204 S5000
M205 X30 Y30
G0 F7200 X110.088 Y124.902
G0 X113.288 Y118.945
M204 S500
M205 X20 Y20
G1 F3600 X119.184 Y124.841 E331.86107
G1 X119.254 Y124.911
M204 S5000
M205 X30 Y30
G0 F7200 X119.254 Y124.902
G0 X121.471 Y124.841
M204 S500
M205 X20 Y20
G1 F3600 X124.817 Y121.495 E332.01845
G1 X124.887 Y121.425
M204 S5000
M205 X30 Y30
G0 F7200 X124.885 Y121.442
G0 X125.058 Y121.442
G0 X126.946 Y121.289
M204 S500
M205 X20 Y20
G1 F3600 X130.497 Y124.841 E332.18551
G1 X130.567 Y124.911
M204 S5000
M205 X30 Y30
G0 F7200 X130.567 Y124.902
G0 X129.367 Y116.732
G0 X129.142 Y115.991
G0 X128.778 Y115.309
G0 X128.287 Y114.713
G0 X126.945 Y113.711
M204 S500
M205 X20 Y20
G1 F3600 X130.499 Y110.157 E332.35267
G1 X130.569 Y110.087
M204 S5000
M205 X30 Y30
G0 F7200 X130.569 Y110.098
G0 X124.817 Y113.503
M204 S500
M205 X20 Y20
G1 F3600 X121.471 Y110.158 E332.51004
G1 X121.401 Y110.088
M204 S5000
M205 X30 Y30
G0 F7200 X121.401 Y110.098
G0 X119.185 Y110.157
M204 S500
M205 X20 Y20
G1 F3600 X113.289 Y116.053 E332.78737
G1 X113.219 Y116.123
M204 S5000
M205 X30 Y30
G0 F7200 X113.243 Y116.115
G0 X112.778 Y115.309
G0 X112.287 Y114.713
G0 X111.691 Y114.222
G0 X111.009 Y113.858
G0 X110.268 Y113.633
G0 X109.5 Y113.557
G0 X108.732 Y113.633
G0 X108.523 Y113.696
G0 X107.276 Y114.172
G0 X107.331 Y114.255
M204 S500
M205 X20 Y20
;TYPE:WALL-INNER
G1 F3600 X106.741 Y114.741 E332.81279
G1 X106.255 Y115.331 E332.83821
G1 X105.894 Y116.006 E332.86367
G1 X105.672 Y116.739 E332.88915
G1 X105.597 Y117.5 E332.91458
G1 X105.672 Y118.261 E332.94001
G1 X105.894 Y118.994 E332.96549
G1 X106.255 Y119.669 E332.99095
G1 X106.741 Y120.259 E333.01637
G1 X107.331 Y120.745 E333.04179
G1 X108.006 Y121.106 E333.06725
G1 X108.739 Y121.328 E333.09273
G1 X109.5 Y121.403 E333.11816
G1 X110.261 Y121.328 E333.14359
G1 X110.994 Y121.106 E333.16907
G1 X111.669 Y120.745 E333.19453
G1 X112.259 Y120.259 E333.21995
G1 X112.745 Y119.669 E333.24538
G1 X113.106 Y118.994 E333.27083
G1 X113.328 Y118.261 E333.29631
G1 X113.403 Y117.5 E333.32174
G1 X113.328 Y116.739 E333.34718
G1 X113.106 Y116.006 E333.37265
G1 X112.745 Y115.331 E333.39811
G1 X112.259 Y114.741 E333.42353
G1 X111.669 Y114.255 E333.44896
G1 X110.994 Y113.894 E333.47442
G1 X110.261 Y113.672 E333.49989
G1 X109.5 Y113.597 E333.52532
G1 X108.739 Y113.672 E333.55076
G1 X108.006 Y113.894 E333.57623
G1 X107.331 Y114.255 E333.60169
M204 S5000
M205 X30 Y30
G0 F7200 X107.276 Y114.172
G0 X107.991 Y113.858
G0 X108.732 Y113.633
G0 X109.353 Y113.572
G0 X123.276 Y114.172
G0 X123.331 Y114.255
M204 S500
M205 X20 Y20
G1 F3600 X122.741 Y114.741 E333.62711
G1 X122.255 Y115.331 E333.65254
G1 X121.894 Y116.006 E333.678
G1 X121.672 Y116.739 E333.70347
G1 X121.597 Y117.5 E333.7289
G1 X121.672 Y118.261 E333.75434
G1 X121.894 Y118.994 E333.77981
G1 X122.255 Y119.669 E333.80527
G1 X122.741 Y120.259 E333.83069
G1 X123.331 Y120.745 E333.85612
G1 X124.006 Y121.106 E333.88158
G1 X124.739 Y121.328 E333.90705
G1 X125.5 Y121.403 E333.93248
G1 X126.261 Y121.328 E333.95792
G1 X126.994 Y121.106 E333.98339
G1 X127.669 Y120.745 E334.00885
G1 X128.259 Y120.259 E334.03427
G1 X128.745 Y119.669 E334.0597
G1 X129.106 Y118.994 E334.08516
G1 X129.328 Y118.261 E334.11063
G1 X129.403 Y117.5 E334.13606
G1 X129.328 Y116.739 E334.1615
G1 X129.106 Y116.006 E334.18697
G1 X128.745 Y115.331 E334.21243
G1 X128.259 Y114.741 E334.23785
G1 X127.669 Y114.255 E334.26328
G1 X126.994 Y113.894 E334.28874
G1 X126.261 Y113.672 E334.31421
G1 X125.5 Y113.597 E334.33965
G1 X124.739 Y113.672 E334.36508
G1 X124.006 Y113.894 E334.39055
G1 X123.331 Y114.255 E334.41601
M204 S5000
M205 X30 Y30
G0 F7200 X123.276 Y114.172
G0 X123.991 Y113.858
G0 X124.732 Y113.633
G0 X125.5 Y113.557
G0 X126.268 Y113.633
G0 X127.009 Y113.858
G0 X127.691 Y114.222
G0 X128.287 Y114.713
G0 X128.778 Y115.309
G0 X129.142 Y115.991
G0 X131.516 Y124.932
G0 X131.586 Y125.002
M204 S500
M205 X20 Y20
G1 F3600 X103.414 Y125.002 E335.35302
G1 X103.414 Y109.998 E335.85205
G1 X131.586 Y109.998 E336.78906
G1 X131.586 Y125.002 E337.28809
M204 S5000
M205 X30 Y30
G0 F7200 X131.516 Y124.932
G0 X129.142 Y115.991
G0 X128.778 Y115.309
G0 X128.287 Y114.713
G0 X127.691 Y114.222
G0 X127.009 Y113.858
G0 X126.268 Y113.633
G0 X125.5 Y113.557
G0 X125.066 Y113.599
G0 X123.925 Y113.824
G0 X124.16 Y114.265
M204 S500
M205 X20 Y20
;TYPE:WALL-OUTER
G1 F1800 X123.555 Y114.589 E337.31092
G1 X123.025 Y115.025 E337.33374
G1 X122.589 Y115.555 E337.35657
G1 X122.265 Y116.16 E337.3794
G1 X122.066 Y116.817 E337.40223
G1 X121.999 Y117.5 E337.42505
G1 X122.066 Y118.183 E337.44788
G1 X122.265 Y118.84 E337.47071
G1 X122.589 Y119.445 E337.49354
G1 X123.025 Y119.975 E337.51636
G1 X123.555 Y120.411 E337.53919
G1 X124.16 Y120.735 E337.56202
G1 X124.817 Y120.934 E337.58485
G1 X125.5 Y121.001 E337.60767
G1 X126.183 Y120.934 E337.6305
G1 X126.84 Y120.735 E337.65333
G1 X127.445 Y120.411 E337.67616
G1 X127.975 Y119.975 E337.69899
G1 X128.411 Y119.445 E337.72181
G1 X128.735 Y118.84 E337.74464
G1 X128.934 Y118.183 E337.76747
G1 X129.001 Y117.5 E337.7903
G1 X128.934 Y116.817 E337.81312
G1 X128.735 Y116.16 E337.83595
G1 X128.411 Y115.555 E337.85878
G1 X127.975 Y115.025 E337.88161
G1 X127.445 Y114.589 E337.90443
G1 X126.84 Y114.265 E337.92726
G1 X126.183 Y114.066 E337.95009
G1 X125.5 Y113.999 E337.97292
G1 X124.817 Y114.066 E337.99574
G1 X124.16 Y114.265 E338.01857
M204 S5000
M205 X30 Y30
G0 F7200 X123.984 Y114.359
G0 X123.749 Y113.918
G0 X131.516 Y110.068
G0 X131.873 Y109.667
M204 S500
M205 X20 Y20
G1 F1800 X131.986 Y109.825 E338.02504
G1 X131.986 Y125.175 E338.53558
G1 X131.873 Y125.333 E338.54204
G1 X131.682 Y125.402 E338.54879
G1 X103.318 Y125.402 E339.49218
G1 X103.127 Y125.333 E339.49894
G1 X103.014 Y125.175 E339.5054
G1 X103.014 Y109.825 E340.01594
G1 X103.127 Y109.667 E340.0224
G1 X103.318 Y109.598 E340.02916
G1 X131.682 Y109.598 E340.97255
G1 X131.873 Y109.667 E340.9793
M204 S5000
M205 X30 Y30
G0 F7200 X131.986 Y109.825
G0 X131.986 Y109.831
G0 X131.516 Y110.068
G0 X108.732 Y113.633
G0 X107.925 Y113.824
G0 X108.16 Y114.265
M204 S500
M205 X20 Y20
G1 F1800 X107.555 Y114.589 E341.00213
G1 X107.025 Y115.025 E341.02496
G1 X106.589 Y115.555 E341.04778
G1 X106.265 Y116.16 E341.07061
G1 X106.066 Y116.817 E341.09344
G1 X105.999 Y117.5 E341.11627
G1 X106.066 Y118.183 E341.13909
G1 X106.265 Y118.84 E341.16192
G1 X106.589 Y119.445 E341.18475
G1 X107.025 Y119.975 E341.20758
G1 X107.555 Y120.411 E341.2304
G1 X108.16 Y120.735 E341.25323
G1 X108.817 Y120.934 E341.27606
G1 X109.5 Y121.001 E341.29889
G1 X110.183 Y120.934 E341.32171
G1 X110.84 Y120.735 E341.34454
G1 X111.445 Y120.411 E341.36737
G1 X111.975 Y119.975 E341.3902
G1 X112.411 Y119.445 E341.41302
G1 X112.735 Y118.84 E341.43585
G1 X112.934 Y118.183 E341.45868
G1 X113.001 Y117.5 E341.48151
G1 X112.934 Y116.817 E341.50433
G1 X112.735 Y116.16 E341.52717
G1 X112.411 Y115.555 E341.54999
G1 X111.975 Y115.025 E341.57282
G1 X111.445 Y114.589 E341.59564
G1 X110.84 Y114.265 E341.61847
G1 X110.183 Y114.066 E341.6413
G1 X109.5 Y113.999 E341.66413
G1 X108.817 Y114.066 E341.68695
G1 X108.16 Y114.265 E341.70979
M204 S5000
M205 X30 Y30
G0 F7200 X107.984 Y114.359
G0 X107.609 Y113.653
;MESH:NONMESH
G0 X104.501 Y110.158
;TIME_ELAPSED:349.936986
;LAYER:19
;MESH:listwa_mocujaca.stl
G0 X104.501 Y110.158 Z4
M204 S500
M205 X20 Y20
;TYPE:FILL
G1 F3600 X108.053 Y113.71 E341.87686
G1 X108.123 Y113.78
M204 S5000
M205 X30 Y30
G0 F7200 X108.115 Y113.757
G0 X108.289 Y113.723
G0 X110.182 Y113.504
M204 S500
M205 X20 Y20
G1 F3600 X113.528 Y110.157 E342.03427
G1 X113.598 Y110.087
M204 S5000
M205 X30 Y30
G0 F7200 X113.598 Y110.098
G0 X115.814 Y110.158
M204 S500
M205 X20 Y20
G1 F3600 X121.71 Y116.053 E342.31158
G1 X121.78 Y116.123
M204 S5000
M205 X30 Y30
G0 F7200 X121.757 Y116.115
G0 X121.577 Y117.361
G0 X121.71 Y118.946
M204 S500
M205 X20 Y20
G1 F3600 X115.814 Y124.841 E342.58888
G1 X115.744 Y124.911
M204 S5000
M205 X30 Y30
G0 F7200 X115.744 Y124.902
G0 X113.527 Y124.841
M204 S500
M205 X20 Y20
G1 F3600 X110.182 Y121.495 E342.74624
G1 X110.112 Y121.425
M204 S5000
M205 X30 Y30
G0 F7200 X110.113 Y121.443
G0 X109.94 Y121.443
G0 X108.055 Y121.287
M204 S500
M205 X20 Y20
G1 F3600 X104.501 Y124.841 E342.91341
G1 X104.431 Y124.911
M204 S5000
M205 X30 Y30
G0 F7200 X104.431 Y124.902
G0 X107.87 Y124.841
M204 S500
M205 X20 Y20
G1 F3600 X103.574 Y120.544 E343.11551
M204 S5000
M205 X30 Y30
G0 F7200 X103.574 Y120.111
M204 S500
M205 X20 Y20
G1 F3600 X105.503 Y118.182 E343.20624
G1 X105.573 Y118.112
M204 S5000
M205 X30 Y30
G0 F7200 X105.557 Y118.113
G0 X105.503 Y116.817
M204 S500
M205 X20 Y20
G1 F3600 X103.574 Y114.887 E343.297
M204 S5000
M205 X30 Y30
G0 F7200 X103.574 Y114.455
M204 S500
M205 X20 Y20
G1 F3600 X107.871 Y110.157 E343.49914
G1 X107.941 Y110.087
M204 S5000
M205 X30 Y30
G0 F7200 X107.941 Y110.098
G0 X110.158 Y110.158
M204 S500
M205 X20 Y20
G1 F3600 X124.841 Y124.841 E344.18978
G1 X124.911 Y124.911
M204 S5000
M205 X30 Y30
G0 F7200 X124.911 Y124.902
G0 X127.128 Y124.841
M204 S500
M205 X20 Y20
G1 F3600 X131.424 Y120.545 E344.39186
M204 S5000
M205 X30 Y30
G0 F7200 X131.424 Y120.111
M204 S500
M205 X20 Y20
G1 F3600 X129.495 Y118.181 E344.48261
G1 X129.425 Y118.111
M204 S5000
M205 X30 Y30
G0 F7200 X129.442 Y118.113
G0 X129.496 Y116.817
M204 S500
M205 X20 Y20
G1 F3600 X131.424 Y114.888 E344.57332
M204 S5000
M205 X30 Y30
G0 F7200 X131.424 Y114.454
M204 S500
M205 X20 Y20
G1 F3600 X127.128 Y110.158 E344.77539
G1 X127.058 Y110.088
M204 S5000
M205 X30 Y30
G0 F7200 X127.058 Y110.098
G0 X124.842 Y110.157
M204 S500
M205 X20 Y20
G1 F3600 X110.158 Y124.841 E345.46609
G1 X110.088 Y124.911
M204 S5000
M205 X30 Y30
G0 F7200 X110.088 Y124.902
G0 X113.288 Y118.945
M204 S500
M205 X20 Y20
G1 F3600 X119.184 Y124.841 E345.74341
G1 X119.254 Y124.911
M204 S5000
M205 X30 Y30
G0 F7200 X119.254 Y124.902
G0 X121.471 Y124.841
M204 S500
M205 X20 Y20
G1 F3600 X124.817 Y121.495 E345.9008
G1 X124.887 Y121.425
M204 S5000
M205 X30 Y30
G0 F7200 X124.885 Y121.442
G0 X125.058 Y121.442
G0 X126.946 Y121.289
M204 S500
M205 X20 Y20
G1 F3600 X130.497 Y124.841 E346.06785
G1 X130.567 Y124.911
M204 S5000
M205 X30 Y30
G0 F7200 X130.567 Y124.902
G0 X129.367 Y116.732
G0 X129.142 Y115.991
G0 X128.778 Y115.309
G0 X128.287 Y114.713
G0 X126.945 Y113.711
M204 S500
M205 X20 Y20
G1 F3600 X130.499 Y110.157 E346.23502
G1 X130.569 Y110.087
M204 S5000
M205 X30 Y30
G0 F7200 X130.569 Y110.098
G0 X124.817 Y113.503
M204 S500
M205 X20 Y20
G1 F3600 X121.471 Y110.158 E346.39238
G1 X121.401 Y110.088
M204 S5000
M205 X30 Y30
G0 F7200 X121.401 Y110.098
G0 X119.185 Y110.157
M204 S500
M205 X20 Y20
G1 F3600 X113.289 Y116.053 E346.66971
G1 X113.219 Y116.123
M204 S5000
M205 X30 Y30
G0 F7200 X113.243 Y116.115
G0 X112.778 Y115.309
G0 X112.287 Y114.713
G0 X111.691 Y114.222
G0 X111.009 Y113.858
G0 X110.268 Y113.633
G0 X109.5 Y113.557
G0 X108.732 Y113.633
G0 X108.523 Y113.696
G0 X107.276 Y114.172
G0 X107.331 Y114.255
M204 S500
M205 X20 Y20
;TYPE:WALL-INNER
G1 F3600 X106.741 Y114.741 E346.69514
G1 X106.255 Y115.331 E346.72056
G1 X105.894 Y116.006 E346.74602
G1 X105.672 Y116.739 E346.77149
G1 X105.597 Y117.5 E346.79693
G1 X105.672 Y118.261 E346.82236
G1 X105.894 Y118.994 E346.84783
G1 X106.255 Y119.669 E346.87329
G1 X106.741 Y120.259 E346.89872
G1 X107.331 Y120.745 E346.92414
G1 X108.006 Y121.106 E346.9496
G1 X108.739 Y121.328 E346.97507
G1 X109.5 Y121.403 E347.00051
G1 X110.261 Y121.328 E347.02594
G1 X110.994 Y121.106 E347.05141
G1 X111.669 Y120.745 E347.07687
G1 X112.259 Y120.259 E347.1023
G1 X112.745 Y119.669 E347.12772
G1 X113.106 Y118.994 E347.15318
G1 X113.328 Y118.261 E347.17866
G1 X113.403 Y117.5 E347.20409
G1 X113.328 Y116.739 E347.22952
G1 X113.106 Y116.006 E347.255
G1 X112.745 Y115.331 E347.28046
G1 X112.259 Y114.741 E347.30588
G1 X111.669 Y114.255 E347.3313
G1 X110.994 Y113.894 E347.35676
G1 X110.261 Y113.672 E347.38224
G1 X109.5 Y113.597 E347.40767
G1 X108.739 Y113.672 E347.4331
G1 X108.006 Y113.894 E347.45858
G1 X107.331 Y114.255 E347.48404
M204 S5000
M205 X30 Y30
G0 F7200 X107.276 Y114.172
G0 X107.991 Y113.858
G0 X108.732 Y113.633
G0 X109.353 Y113.572
G0 X123.276 Y114.172
G0 X123.331 Y114.255
M204 S500
M205 X20 Y20
G1 F3600 X122.741 Y114.741 E347.50946
G1 X122.255 Y115.331 E347.53488
G1 X121.894 Y116.006 E347.56034
G1 X121.672 Y116.739 E347.58582
G1 X121.597 Y117.5 E347.61125
G1 X121.672 Y118.261 E347.63668
G1 X121.894 Y118.994 E347.66216
G1 X122.255 Y119.669 E347.68762
G1 X122.741 Y120.259 E347.71304
G1 X123.331 Y120.745 E347.73846
G1 X124.006 Y121.106 E347.76392
G1 X124.739 Y121.328 E347.7894
G1 X125.5 Y121.403 E347.81483
G1 X126.261 Y121.328 E347.84026
G1 X126.994 Y121.106 E347.86574
G1 X127.669 Y120.745 E347.8912
G1 X128.259 Y120.259 E347.91662
G1 X128.745 Y119.669 E347.94205
G1 X129.106 Y118.994 E347.9675
G1 X129.328 Y118.261 E347.99298
G1 X129.403 Y117.5 E348.01841
G1 X129.328 Y116.739 E348.04385
G1 X129.106 Y116.006 E348.06932
G1 X128.745 Y115.331 E348.09478
G1 X128.259 Y114.741 E348.1202
G1 X127.669 Y114.255 E348.14563
G1 X126.994 Y113.894 E348.17109
G1 X126.261 Y113.672 E348.19656
G1 X125.5 Y113.597 E348.22199
G1 X124.739 Y113.672 E348.24743
G1 X124.006 Y113.894 E348.2729
G1 X123.331 Y114.255 E348.29836
M204 S5000
M205 X30 Y30
G0 F7200 X123.276 Y114.172
G0 X123.991 Y113.858
G0 X124.732 Y113.633
G0 X125.5 Y113.557
G0 X126.268 Y113.633
G0 X127.009 Y113.858
G0 X127.691 Y114.222
G0 X128.287 Y114.713
G0 X128.778 Y115.309
G0 X129.142 Y115.991
G0 X131.516 Y124.932
G0 X131.586 Y125.002
M204 S500
M205 X20 Y20
G1 F3600 X103.414 Y125.002 E349.23536
G1 X103.414 Y109.998 E349.7344
G1 X131.586 Y109.998 E350.6714
G1 X131.586 Y125.002 E351.17044
M204 S5000
M205 X30 Y30
G0 F7200 X131.516 Y124.932
G0 X129.142 Y115.991
G0 X128.778 Y115.309
G0 X128.287 Y114.713
G0 X127.691 Y114.222
G0 X127.009 Y113.858
G0 X126.268 Y113.633
G0 X125.5 Y113.557
G0 X125.066 Y113.599
G0 X123.925 Y113.824
G0 X124.16 Y114.265
M204 S500
M205 X20 Y20
;TYPE:WALL-OUTER
G1 F1800 X123.555 Y114.589 E351.19326
G1 X123.025 Y115.025 E351.21609
G1 X122.589 Y115.555 E351.23892
G1 X122.265 Y116.16 E351.26174
G1 X122.066 Y116.817 E351.28458
G1 X121.999 Y117.5 E351.3074
G1 X122.066 Y118.183 E351.33023
G1 X122.265 Y118.84 E351.35306
G1 X122.589 Y119.445 E351.37589
G1 X123.025 Y119.975 E351.39871
G1 X123.555 Y120.411 E351.42154
G1 X124.16 Y120.735 E351.44436
G1 X124.817 Y120.934 E351.4672
G1 X125.5 Y121.001 E351.49002
G1 X126.183 Y120.934 E351.51285
G1 X126.84 Y120.735 E351.53568
G1 X127.445 Y120.411 E351.55851
G1 X127.975 Y119.975 E351.58133
G1 X128.411 Y119.445 E351.60416
G1 X128.735 Y118.84 E351.62698
G1 X128.934 Y118.183 E351.64982
G1 X129.001 Y117.5 E351.67264
G1 X128.934 Y116.817 E351.69547
G1 X128.735 Y116.16 E351.7183
G1 X128.411 Y115.555 E351.74113
G1 X127.975 Y115.025 E351.76395
G1 X127.445 Y114.589 E351.78678
G1 X126.84 Y114.265 E351.80961
G1 X126.183 Y114.066 E351.83244
G1 X125.5 Y113.999 E351.85526
G1 X124.817 Y114.066 E351.87809
G1 X124.16 Y114.265 E351.90092
M204 S5000
M205 X30 Y30
G0 F7200 X123.984 Y114.359
G0 X123.749 Y113.918
G0 X131.516 Y110.068
G0 X131.873 Y109.667
M204 S500
M205 X20 Y20
G1 F1800 X131.986 Y109.825 E351.90738
G1 X131.986 Y125.175 E352.41793
G1 X131.873 Y125.333 E352.42439
G1 X131.682 Y125.402 E352.43114
G1 X103.318 Y125.402 E353.37453
G1 X103.127 Y125.333 E353.38129
G1 X103.014 Y125.175 E353.38775
G1 X103.014 Y109.825 E353.89829
G1 X103.127 Y109.667 E353.90475
G1 X103.318 Y109.598 E353.9115
G1 X131.682 Y109.598 E354.8549
G1 X131.873 Y109.667 E354.86165
M204 S5000
M205 X30 Y30
G0 F7200 X131.986 Y109.825
G0 X131.986 Y109.831
G0 X131.516 Y110.068
G0 X108.732 Y113.633
G0 X107.925 Y113.824
G0 X108.16 Y114.265
M204 S500
M205 X20 Y20
G1 F1800 X107.555 Y114.589 E354.88448
G1 X107.025 Y115.025 E354.9073
G1 X106.589 Y115.555 E354.93013
G1 X106.265 Y116.16 E354.95295
G1 X106.066 Y116.817 E354.97579
G1 X105.999 Y117.5 E354.99861
G1 X106.066 Y118.183 E355.02144
G1 X106.265 Y118.84 E355.04427
G1 X106.589 Y119.445 E355.0671
G1 X107.025 Y119.975 E355.08992
G1 X107.555 Y120.411 E355.11275
G1 X108.16 Y120.735 E355.13558
G1 X108.817 Y120.934 E355.15841
G1 X109.5 Y121.001 E355.18123
G1 X110.183 Y120.934 E355.20406
G1 X110.84 Y120.735 E355.22689
G1 X111.445 Y120.411 E355.24972
G1 X111.975 Y119.975 E355.27254
G1 X112.411 Y119.445 E355.29537
G1 X112.735 Y118.84 E355.3182
G1 X112.934 Y118.183 E355.34103
G1 X113.001 Y117.5 E355.36385
G1 X112.934 Y116.817 E355.38668
G1 X112.735 Y116.16 E355.40951
G1 X112.411 Y115.555 E355.43234
G1 X111.975 Y115.025 E355.45516
G1 X111.445 Y114.589 E355.47799
G1 X110.84 Y114.265 E355.50082
G1 X110.183 Y114.066 E355.52365
G1 X109.5 Y113.999 E355.54648
G1 X108.817 Y114.066 E355.5693
G1 X108.16 Y114.265 E355.59213
M204 S5000
M205 X30 Y30
G0 F7200 X107.984 Y114.359
G0 X107.609 Y113.653
;MESH:NONMESH
G0 X104.501 Y110.158
;TIME_ELAPSED:362.740613
;LAYER:20
;MESH:listwa_mocujaca.stl
G0 X104.501 Y110.158 Z4.2
M204 S500
M205 X20 Y20
;TYPE:FILL
G1 F3600 X106.566 Y112.223 E355.68926
G1 X106.636 Y112.293
M204 S5000
M205 X30 Y30
G0 F7200 X107.871 Y110.157
M204 S500
M205 X20 Y20
G1 F3600 X103.574 Y114.455 E355.89141
M204 S5000
M205 X30 Y30
G0 F7200 X103.573 Y114.887
M204 S500
M205 X20 Y20
G1 F3600 X103.742 Y115.056 E355.89935
M204 S5000
M205 X30 Y30
G0 F7200 X103.744 Y119.941
M204 S500
M205 X20 Y20
G1 F3600 X103.574 Y120.111 E355.90735
M204 S5000
M205 X30 Y30
G0 F7200 X103.574 Y120.544
M204 S500
M205 X20 Y20
G1 F3600 X107.87 Y124.841 E356.10945
G1 X107.94 Y124.911
M204 S5000
M205 X30 Y30
G0 F7200 X107.94 Y124.902
G0 X110.158 Y124.841
M204 S500
M205 X20 Y20
G1 F3600 X111.985 Y123.014 E356.19538
M204 S5000
M205 X30 Y30
G0 F7200 X111.796 Y123.11
M204 S500
M205 X20 Y20
G1 F3600 X113.527 Y124.841 E356.2768
G1 X113.597 Y124.911
M204 S5000
M205 X30 Y30
G0 F7200 X113.597 Y124.902
G0 X115.814 Y124.841
M204 S500
M205 X20 Y20
G1 F3600 X120.224 Y120.432 E356.48421
M204 S5000
M205 X30 Y30
G0 F7200 X119.984 Y119.984
M204 S500
M205 X20 Y20
G1 F3600 X115.014 Y115.014 E356.71799
M204 S5000
M205 X30 Y30
G0 F7200 X114.775 Y114.567
M204 S500
M205 X20 Y20
G1 F3600 X119.185 Y110.157 E356.92542
G1 X119.255 Y110.087
M204 S5000
M205 X30 Y30
G0 F7200 X119.255 Y110.098
G0 X121.471 Y110.158
M204 S500
M205 X20 Y20
G1 F3600 X123.203 Y111.889 E357.00686
M204 S5000
M205 X30 Y30
G0 F7200 X123.014 Y111.985
M204 S500
M205 X20 Y20
G1 F3600 X124.842 Y110.157 E357.09285
G1 X124.912 Y110.087
M204 S5000
M205 X30 Y30
G0 F7200 X124.912 Y110.098
G0 X127.128 Y110.158
M204 S500
M205 X20 Y20
G1 F3600 X131.425 Y114.455 E357.29496
M204 S5000
M205 X30 Y30
G0 F7200 X131.424 Y114.888
M204 S500
M205 X20 Y20
G1 F3600 X131.255 Y115.058 E357.30294
M204 S5000
M205 X30 Y30
G0 F7200 X128.431 Y112.224
M204 S500
M205 X20 Y20
G1 F3600 X130.499 Y110.157 E357.40019
G1 X130.569 Y110.087
M204 S5000
M205 X30 Y30
G0 F7200 X130.569 Y110.098
G0 X131.256 Y119.942
M204 S500
M205 X20 Y20
G1 F3600 X131.425 Y120.111 E357.40814
M204 S5000
M205 X30 Y30
G0 F7200 X131.424 Y120.545
M204 S500
M205 X20 Y20
G1 F3600 X127.128 Y124.841 E357.61021
G1 X127.058 Y124.911
M204 S5000
M205 X30 Y30
G0 F7200 X127.058 Y124.902
G0 X124.841 Y124.841
M204 S500
M205 X20 Y20
G1 F3600 X123.015 Y123.015 E357.6961
M204 S5000
M205 X30 Y30
G0 F7200 X123.204 Y123.109
M204 S500
M205 X20 Y20
G1 F3600 X121.471 Y124.841 E357.77759
G1 X121.401 Y124.911
M204 S5000
M205 X30 Y30
G0 F7200 X121.401 Y124.902
G0 X119.184 Y124.841
M204 S500
M205 X20 Y20
G1 F3600 X114.774 Y120.431 E357.98502
M204 S5000
M205 X30 Y30
G0 F7200 X115.015 Y119.983
M204 S500
M205 X20 Y20
G1 F3600 X119.983 Y115.015 E358.2187
M204 S5000
M205 X30 Y30
G0 F7200 X120.224 Y114.567
M204 S500
M205 X20 Y20
G1 F3600 X115.814 Y110.158 E358.42611
G1 X115.744 Y110.088
M204 S5000
M205 X30 Y30
G0 F7200 X115.744 Y110.098
G0 X113.528 Y110.157
M204 S500
M205 X20 Y20
G1 F3600 X111.796 Y111.889 E358.50758
M204 S5000
M205 X30 Y30
G0 F7200 X111.983 Y111.983
M204 S500
M205 X20 Y20
G1 F3600 X110.158 Y110.158 E358.59342
G1 X110.088 Y110.088
M204 S5000
M205 X30 Y30
G0 F7200 X110.088 Y110.098
G0 X106.222 Y115.309
G0 X105.858 Y115.991
G0 X105.633 Y116.732
G0 X105.557 Y117.5
G0 X105.599 Y117.934
G0 X106.568 Y122.774
M204 S500
M205 X20 Y20
G1 F3600 X104.501 Y124.841 E358.69064
G1 X104.431 Y124.911
M204 S5000
M205 X30 Y30
G0 F7200 X104.431 Y124.902
G0 X128.432 Y122.775
M204 S500
M205 X20 Y20
G1 F3600 X130.497 Y124.841 E358.7878
G1 X130.567 Y124.911
M204 S5000
M205 X30 Y30
G0 F7200 X130.567 Y124.902
G0 X131.516 Y124.932
G0 X131.586 Y125.002
M204 S500
M205 X20 Y20
;TYPE:WALL-INNER
G1 F3600 X103.414 Y125.002 E359.7248
G1 X103.414 Y109.998 E360.22384
G1 X131.586 Y109.998 E361.16084
G1 X131.586 Y125.002 E361.65988
M204 S5000
M205 X30 Y30
G0 F7200 X131.516 Y124.932
G0 X129.142 Y115.991
G0 X128.778 Y115.309
G0 X128.287 Y114.713
G0 X127.691 Y114.222
G0 X127.009 Y113.858
G0 X126.268 Y113.633
G0 X125.5 Y113.557
G0 X124.732 Y113.633
G0 X124.523 Y113.696
G0 X123.276 Y114.172
G0 X123.331 Y114.255
M204 S500
M205 X20 Y20
G1 F3600 X122.741 Y114.741 E361.6853
G1 X122.255 Y115.331 E361.71073
G1 X121.894 Y116.006 E361.73619
G1 X121.672 Y116.739 E361.76166
G1 X121.597 Y117.5 E361.78709
G1 X121.672 Y118.261 E361.81253
G1 X121.894 Y118.994 E361.838
G1 X122.255 Y119.669 E361.86346
G1 X122.741 Y120.259 E361.88888
G1 X123.331 Y120.745 E361.91431
G1 X124.006 Y121.106 E361.93977
G1 X124.739 Y121.328 E361.96524
G1 X125.5 Y121.403 E361.99067
G1 X126.261 Y121.328 E362.01611
G1 X126.994 Y121.106 E362.04158
G1 X127.669 Y120.745 E362.06704
G1 X128.259 Y120.259 E362.09246
G1 X128.745 Y119.669 E362.11789
G1 X129.106 Y118.994 E362.14335
G1 X129.328 Y118.261 E362.16882
G1 X129.403 Y117.5 E362.19425
G1 X129.328 Y116.739 E362.21969
G1 X129.106 Y116.006 E362.24516
G1 X128.745 Y115.331 E362.27062
G1 X128.259 Y114.741 E362.29604
G1 X127.669 Y114.255 E362.32147
G1 X126.994 Y113.894 E362.34693
G1 X126.261 Y113.672 E362.3724
G1 X125.5 Y113.597 E362.39783
G1 X124.739 Y113.672 E362.42327
G1 X124.006 Y113.894 E362.44874
G1 X123.331 Y114.255 E362.4742
M204 S5000
M205 X30 Y30
G0 F7200 X123.276 Y114.172
G0 X109.5 Y113.557
G0 X108.732 Y113.633
G0 X108.523 Y113.696
G0 X107.276 Y114.172
G0 X107.331 Y114.255
M204 S500
M205 X20 Y20
G1 F3600 X106.741 Y114.741 E362.49962
G1 X106.255 Y115.331 E362.52505
G1 X105.894 Y116.006 E362.55051
G1 X105.672 Y116.739 E362.57598
G1 X105.597 Y117.5 E362.60142
G1 X105.672 Y118.261 E362.62685
G1 X105.894 Y118.994 E362.65232
G1 X106.255 Y119.669 E362.67778
G1 X106.741 Y120.259 E362.70321
G1 X107.331 Y120.745 E362.72863
G1 X108.006 Y121.106 E362.75409
G1 X108.739 Y121.328 E362.77956
G1 X109.5 Y121.403 E362.805
G1 X110.261 Y121.328 E362.83043
G1 X110.994 Y121.106 E362.8559
G1 X111.669 Y120.745 E362.88136
G1 X112.259 Y120.259 E362.90679
G1 X112.745 Y119.669 E362.93221
G1 X113.106 Y118.994 E362.95767
G1 X113.328 Y118.261 E362.98314
G1 X113.403 Y117.5 E363.00858
G1 X113.328 Y116.739 E363.03401
G1 X113.106 Y116.006 E363.05948
G1 X112.745 Y115.331 E363.08494
G1 X112.259 Y114.741 E363.11037
G1 X111.669 Y114.255 E363.13579
G1 X110.994 Y113.894 E363.16125
G1 X110.261 Y113.672 E363.18672
G1 X109.5 Y113.597 E363.21216
G1 X108.739 Y113.672 E363.23759
G1 X108.006 Y113.894 E363.26306
G1 X107.331 Y114.255 E363.28852
M204 S5000
M205 X30 Y30
G0 F7200 X107.276 Y114.172
G0 X107.925 Y113.824
G0 X108.16 Y114.265
M204 S500
M205 X20 Y20
;TYPE:WALL-OUTER
G1 F1800 X107.555 Y114.589 E363.31135
G1 X107.025 Y115.025 E363.33418
G1 X106.589 Y115.555 E363.357
G1 X106.265 Y116.16 E363.37983
G1 X106.066 Y116.817 E363.40266
G1 X105.999 Y117.5 E363.42549
G1 X106.066 Y118.183 E363.44831
G1 X106.265 Y118.84 E363.47114
G1 X106.589 Y119.445 E363.49397
G1 X107.025 Y119.975 E363.5168
G1 X107.555 Y120.411 E363.53962
G1 X108.16 Y120.735 E363.56245
G1 X108.817 Y120.934 E363.58528
G1 X109.5 Y121.001 E363.60811
G1 X110.183 Y120.934 E363.63093
G1 X110.84 Y120.735 E363.65377
G1 X111.445 Y120.411 E363.67659
G1 X111.975 Y119.975 E363.69942
G1 X112.411 Y119.445 E363.72224
G1 X112.735 Y118.84 E363.74507
G1 X112.934 Y118.183 E363.7679
G1 X113.001 Y117.5 E363.79073
G1 X112.934 Y116.817 E363.81355
G1 X112.735 Y116.16 E363.83639
G1 X112.411 Y115.555 E363.85921
G1 X111.975 Y115.025 E363.88204
G1 X111.445 Y114.589 E363.90486
G1 X110.84 Y114.265 E363.92769
G1 X110.183 Y114.066 E363.95052
G1 X109.5 Y113.999 E363.97335
G1 X108.817 Y114.066 E363.99617
G1 X108.16 Y114.265 E364.01901
M204 S5000
M205 X30 Y30
G0 F7200 X107.984 Y114.359
G0 X107.749 Y113.918
G0 X108.732 Y113.633
G0 X109.166 Y113.591
G0 X123.925 Y113.824
G0 X124.16 Y114.265
M204 S500
M205 X20 Y20
G1 F1800 X123.555 Y114.589 E364.04183
G1 X123.025 Y115.025 E364.06466
G1 X122.589 Y115.555 E364.08749
G1 X122.265 Y116.16 E364.11031
G1 X122.066 Y116.817 E364.13314
G1 X121.999 Y117.5 E364.15597
G1 X122.066 Y118.183 E364.1788
G1 X122.265 Y118.84 E364.20163
G1 X122.589 Y119.445 E364.22445
G1 X123.025 Y119.975 E364.24728
G1 X123.555 Y120.411 E364.27011
G1 X124.16 Y120.735 E364.29293
G1 X124.817 Y120.934 E364.31577
G1 X125.5 Y121.001 E364.33859
G1 X126.183 Y120.934 E364.36142
G1 X126.84 Y120.735 E364.38425
G1 X127.445 Y120.411 E364.40708
G1 X127.975 Y119.975 E364.4299
G1 X128.411 Y119.445 E364.45273
G1 X128.735 Y118.84 E364.47555
G1 X128.934 Y118.183 E364.49839
G1 X129.001 Y117.5 E364.52121
G1 X128.934 Y116.817 E364.54404
G1 X128.735 Y116.16 E364.56687
G1 X128.411 Y115.555 E364.5897
G1 X127.975 Y115.025 E364.61252
G1 X127.445 Y114.589 E364.63535
G1 X126.84 Y114.265 E364.65817
G1 X126.183 Y114.066 E364.68101
G1 X125.5 Y113.999 E364.70383
G1 X124.817 Y114.066 E364.72666
G1 X124.16 Y114.265 E364.74949
M204 S5000
M205 X30 Y30
G0 F7200 X123.984 Y114.359
G0 X123.749 Y113.918
G0 X131.516 Y110.068
G0 X131.873 Y109.667
M204 S500
M205 X20 Y20
G1 F1800 X131.986 Y109.825 E364.75595
G1 X131.986 Y125.175 E365.26649
G1 X131.873 Y125.333 E365.27296
G1 X131.682 Y125.402 E365.27971
G1 X103.318 Y125.402 E366.2231
G1 X103.127 Y125.333 E366.22985
G1 X103.014 Y125.175 E366.23632
G1 X103.014 Y109.825 E366.74686
G1 X103.127 Y109.667 E366.75332
G1 X103.318 Y109.598 E366.76007
G1 X131.682 Y109.598 E367.70346
G1 X131.873 Y109.667 E367.71022
M204 S5000
M205 X30 Y30
G0 F7200 X131.986 Y109.825
G0 X131.986 Y109.831
G0 X131.516 Y110.068
G0 X129.823 Y113.177
M204 S500
M205 X20 Y20
;TYPE:SKIN
G1 F1800 X130.585 Y114.107 E367.75021
G1 X131.147 Y115.157 E367.78982
G1 X131.196 Y115.319 E367.79545
G1 X131.196 Y119.681 E367.94053
G1 X131.147 Y119.843 E367.94616
G1 X130.585 Y120.893 E367.98577
G1 X129.823 Y121.823 E368.02576
G1 X128.893 Y122.585 E368.06575
G1 X127.843 Y123.147 E368.10536
G1 X126.694 Y123.496 E368.1453
G1 X125.5 Y123.613 E368.1852
G1 X124.306 Y123.496 E368.2251
G1 X123.157 Y123.147 E368.26504
G1 X122.107 Y122.585 E368.30465
G1 X121.177 Y121.823 E368.34464
G1 X120.415 Y120.893 E368.38463
G1 X119.853 Y119.843 E368.42424
G1 X119.504 Y118.694 E368.46418
G1 X119.387 Y117.5 E368.50409
G1 X119.504 Y116.306 E368.54399
G1 X119.853 Y115.157 E368.58393
G1 X120.415 Y114.107 E368.62354
G1 X121.177 Y113.177 E368.66353
G1 X122.107 Y112.415 E368.70352
G1 X123.157 Y111.853 E368.74313
G1 X124.306 Y111.504 E368.78307
G1 X125.5 Y111.387 E368.82297
G1 X126.694 Y111.504 E368.86287
G1 X127.843 Y111.853 E368.90281
G1 X128.893 Y112.415 E368.94242
G1 X129.823 Y113.177 E368.98241
M204 S5000
M205 X30 Y30
G0 F7200 X128.536 Y114.464
M204 S500
M205 X20 Y20
G1 F1800 X127.887 Y113.929 E369.01039
G1 X127.144 Y113.532 E369.03841
G1 X126.337 Y113.288 E369.06645
G1 X125.5 Y113.205 E369.09442
G1 X124.663 Y113.288 E369.1224
G1 X123.856 Y113.532 E369.15044
G1 X123.113 Y113.929 E369.17846
G1 X122.464 Y114.464 E369.20643
G1 X121.929 Y115.113 E369.23441
G1 X121.532 Y115.856 E369.26243
G1 X121.288 Y116.663 E369.29047
G1 X121.205 Y117.5 E369.31844
G1 X121.288 Y118.337 E369.34642
G1 X121.532 Y119.144 E369.37446
G1 X121.929 Y119.887 E369.40248
G1 X122.464 Y120.536 E369.43045
G1 X123.113 Y121.071 E369.45843
G1 X123.856 Y121.468 E369.48644
G1 X124.663 Y121.712 E369.51449
G1 X125.5 Y121.795 E369.54246
G1 X126.337 Y121.712 E369.57044
G1 X127.144 Y121.468 E369.59848
G1 X127.887 Y121.071 E369.6265
G1 X128.536 Y120.536 E369.65447
G1 X129.071 Y119.887 E369.68245
G1 X129.468 Y119.144 E369.71046
G1 X129.712 Y118.337 E369.7385
G1 X129.795 Y117.5 E369.76648
G1 X129.712 Y116.663 E369.79446
G1 X129.468 Y115.856 E369.8225
G1 X129.071 Y115.113 E369.85052
G1 X128.536 Y114.464 E369.87849
M204 S5000
M205 X30 Y30
G0 F7200 X129.295 Y115.153
M204 S500
M205 X20 Y20
G1 F1800 X131.014 Y116.872 E369.95935
M204 S5000
M205 X30 Y30
G0 F7200 X131.014 Y116.307
M204 S500
M205 X20 Y20
G1 F1800 X126.359 Y111.652 E370.1783
M204 S5000
M205 X30 Y30
G0 F7200 X127.082 Y111.809
M204 S500
M205 X20 Y20
G1 F1800 X131.014 Y115.741 E370.36325
M204 S5000
M205 X30 Y30
G0 F7200 X130.884 Y115.044
M204 S500
M205 X20 Y20
G1 F1800 X127.954 Y112.115 E370.50105
G1 X127.884 Y112.045
M204 S5000
M205 X30 Y30
G0 F7200 X127.845 Y113.703
M204 S500
M205 X20 Y20
G1 F1800 X125.733 Y111.591 E370.60039
M204 S5000
M205 X30 Y30
G0 F7200 X125.176 Y111.599
M204 S500
M205 X20 Y20
G1 F1800 X126.822 Y113.245 E370.67781
M204 S5000
M205 X30 Y30
G0 F7200 X126.093 Y113.082
M204 S500
M205 X20 Y20
G1 F1800 X124.66 Y111.65 E370.74519
M204 S5000
M205 X30 Y30
G0 F7200 X124.175 Y111.73
M204 S500
M205 X20 Y20
G1 F1800 X125.471 Y113.026 E370.80615
M204 S5000
M205 X30 Y30
G0 F7200 X124.957 Y113.077
M204 S500
M205 X20 Y20
G1 F1800 X123.741 Y111.862 E370.86333
M204 S5000
M205 X30 Y30
G0 F7200 X123.308 Y111.994
M204 S500
M205 X20 Y20
G1 F1800 X124.471 Y113.157 E370.91803
M204 S5000
M205 X30 Y30
G0 F7200 X124.036 Y113.288
M204 S500
M205 X20 Y20
G1 F1800 X122.926 Y112.178 E370.97024
M204 S5000
M205 X30 Y30
G0 F7200 X122.558 Y112.376
M204 S500
M205 X20 Y20
G1 F1800 X123.629 Y113.447 E371.02062
M204 S5000
M205 X30 Y30
G0 F7200 X123.261 Y113.644
M204 S500
M205 X20 Y20
G1 F1800 X122.193 Y112.577 E371.07083
M204 S5000
M205 X30 Y30
G0 F7200 X121.883 Y112.832
M204 S500
M205 X20 Y20
G1 F1800 X122.91 Y113.859 E371.11914
M204 S5000
M205 X30 Y30
G0 F7200 X122.601 Y114.115
M204 S500
M205 X20 Y20
G1 F1800 X121.572 Y113.086 E371.16754
M204 S5000
M205 X30 Y30
G0 F7200 X121.268 Y113.348
M204 S500
M205 X20 Y20
G1 F1800 X122.299 Y114.38 E371.21606
M204 S5000
M205 X30 Y30
G0 F7200 X122.043 Y114.689
M204 S500
M205 X20 Y20
G1 F1800 X121.013 Y113.659 E371.2645
M204 S5000
M205 X30 Y30
G0 F7200 X120.758 Y113.97
M204 S500
M205 X20 Y20
G1 F1800 X121.787 Y114.999 E371.3129
M204 S5000
M205 X30 Y30
G0 F7200 X121.589 Y115.366
M204 S500
M205 X20 Y20
G1 F1800 X120.517 Y114.294 E371.36333
M204 S5000
M205 X30 Y30
G0 F7200 X120.319 Y114.662
M204 S500
M205 X20 Y20
G1 F1800 X121.391 Y115.734 E371.41375
M204 S5000
M205 X30 Y30
G0 F7200 X121.251 Y116.159
M204 S500
M205 X20 Y20
G1 F1800 X120.121 Y115.03 E371.46688
M204 S5000
M205 X30 Y30
G0 F7200 X119.955 Y115.43
M204 S500
M205 X20 Y20
G1 F1800 X121.12 Y116.594 E371.52165
M204 S5000
M205 X30 Y30
G0 F7200 X121.063 Y117.103
M204 S500
M205 X20 Y20
G1 F1800 X119.824 Y115.864 E371.57993
M204 S5000
M205 X30 Y30
G0 F7200 X119.692 Y116.298
M204 S500
M205 X20 Y20
G1 F1800 X121.037 Y117.643 E371.6432
M204 S5000
M205 X30 Y30
G0 F7200 X121.1 Y118.272
M204 S500
M205 X20 Y20
G1 F1800 X119.634 Y116.806 E371.71215
M204 S5000
M205 X30 Y30
G0 F7200 X119.584 Y117.321
M204 S500
M205 X20 Y20
G1 F1800 X121.315 Y119.052 E371.79358
G1 X121.385 Y119.122
M204 S5000
M205 X30 Y30
G0 F7200 X119.877 Y119.311
M204 S500
M205 X20 Y20
G1 F1800 X123.686 Y123.12 E371.97274
G1 X123.756 Y123.19
M204 S5000
M205 X30 Y30
G0 F7200 X122.697 Y122.697
M204 S500
M205 X20 Y20
G1 F1800 X120.3 Y120.3 E372.08549
G1 X120.23 Y120.23
M204 S5000
M205 X30 Y30
G0 F7200 X119.667 Y118.536
M204 S500
M205 X20 Y20
G1 F1800 X124.462 Y123.33 E372.311
M204 S5000
M205 X30 Y30
G0 F7200 X125.088 Y123.391
M204 S500
M205 X20 Y20
G1 F1800 X122.48 Y120.783 E372.43368
M204 S5000
M205 X30 Y30
G0 F7200 X122.214 Y120.517
M204 S500
M205 X20 Y20
G1 F1800 X119.607 Y117.91 E372.5563
G1 X119.537 Y117.84
M204 S5000
M205 X30 Y30
G0 F7200 X123.947 Y121.684
M204 S500
M205 X20 Y20
G1 F1800 X125.676 Y123.414 E372.63765
M204 S5000
M205 X30 Y30
G0 F7200 X126.192 Y123.363
M204 S500
M205 X20 Y20
G1 F1800 X124.727 Y121.899 E372.70654
M204 S5000
M205 X30 Y30
G0 F7200 X125.355 Y121.961
M204 S500
M205 X20 Y20
G1 F1800 X126.7 Y123.305 E372.76978
M204 S5000
M205 X30 Y30
G0 F7200 X127.134 Y123.174
M204 S500
M205 X20 Y20
G1 F1800 X125.896 Y121.937 E372.82799
M204 S5000
M205 X30 Y30
G0 F7200 X126.405 Y121.879
M204 S500
M205 X20 Y20
G1 F1800 X127.568 Y123.042 E372.88269
M204 S5000
M205 X30 Y30
G0 F7200 X127.967 Y122.876
M204 S500
M205 X20 Y20
G1 F1800 X126.84 Y121.748 E372.93573
M204 S5000
M205 X30 Y30
G0 F7200 X127.265 Y121.608
M204 S500
M205 X20 Y20
G1 F1800 X128.336 Y122.679 E372.9861
M204 S5000
M205 X30 Y30
G0 F7200 X128.704 Y122.481
M204 S500
M205 X20 Y20
G1 F1800 X127.633 Y121.41 E373.03648
M204 S5000
M205 X30 Y30
G0 F7200 X128 Y121.212
M204 S500
M205 X20 Y20
G1 F1800 X129.027 Y122.239 E373.08479
M204 S5000
M205 X30 Y30
G0 F7200 X129.339 Y121.985
M204 S500
M205 X20 Y20
G1 F1800 X128.31 Y120.956 E373.13319
M204 S5000
M205 X30 Y30
G0 F7200 X128.619 Y120.7
M204 S500
M205 X20 Y20
G1 F1800 X129.65 Y121.73 E373.18166
M204 S5000
M205 X30 Y30
G0 F7200 X129.913 Y121.427
M204 S500
M205 X20 Y20
G1 F1800 X128.882 Y120.397 E373.23013
M204 S5000
M205 X30 Y30
G0 F7200 X129.138 Y120.087
M204 S500
M205 X20 Y20
G1 F1800 X130.167 Y121.116 E373.27853
M204 S5000
M205 X30 Y30
G0 F7200 X130.423 Y120.806
M204 S500
M205 X20 Y20
G1 F1800 X129.354 Y119.737 E373.32881
M204 S5000
M205 X30 Y30
G0 F7200 X129.551 Y119.368
M204 S500
M205 X20 Y20
G1 F1800 X130.623 Y120.441 E373.37926
M204 S5000
M205 X30 Y30
G0 F7200 X130.821 Y120.073
M204 S500
M205 X20 Y20
G1 F1800 X129.71 Y118.962 E373.43152
M204 S5000
M205 X30 Y30
G0 F7200 X129.841 Y118.527
M204 S500
M205 X20 Y20
G1 F1800 X131.004 Y119.691 E373.48625
M204 S5000
M205 X30 Y30
G0 F7200 X131.014 Y119.135
M204 S500
M205 X20 Y20
G1 F1800 X129.92 Y118.041 E373.5377
M204 S5000
M205 X30 Y30
G0 F7200 X129.971 Y117.526
M204 S500
M205 X20 Y20
G1 F1800 X131.014 Y118.569 E373.58676
M204 S5000
M205 X30 Y30
G0 F7200 X131.014 Y118.004
M204 S500
M205 X20 Y20
G1 F1800 X129.916 Y116.905 E373.63843
M204 S5000
M205 X30 Y30
G0 F7200 X129.752 Y116.176
M204 S500
M205 X20 Y20
G1 F1800 X131.014 Y117.438 E373.69779
G1 X131.084 Y117.508
M204 S5000
M205 X30 Y30
G0 F7200 X128.287 Y120.287
G0 X127.691 Y120.778
G0 X127.009 Y121.142
G0 X126.268 Y121.367
G0 X125.5 Y121.443
G0 X124.732 Y121.367
G0 X124.313 Y121.241
G0 X115.613 Y117.5
M204 S500
M205 X20 Y20
G1 F1800 X115.496 Y118.694 E373.7377
G1 X115.147 Y119.843 E373.77764
G1 X114.585 Y120.893 E373.81725
G1 X113.823 Y121.823 E373.85724
G1 X112.893 Y122.585 E373.89723
G1 X111.843 Y123.147 E373.93684
G1 X110.694 Y123.496 E373.97678
G1 X109.5 Y123.613 E374.01668
G1 X108.306 Y123.496 E374.05658
G1 X107.157 Y123.147 E374.09652
G1 X106.107 Y122.585 E374.13613
G1 X105.177 Y121.823 E374.17612
G1 X104.415 Y120.893 E374.21611
G1 X103.853 Y119.843 E374.25572
G1 X103.804 Y119.681 E374.26135
G1 X103.804 Y115.319 E374.40643
G1 X103.853 Y115.157 E374.41206
G1 X104.415 Y114.107 E374.45167
G1 X105.177 Y113.177 E374.49166
G1 X106.107 Y112.415 E374.53165
G1 X107.157 Y111.853 E374.57126
G1 X108.306 Y111.504 E374.6112
G1 X109.5 Y111.387 E374.6511
G1 X110.694 Y111.504 E374.69101
G1 X111.843 Y111.853 E374.73095
G1 X112.893 Y112.415 E374.77056
G1 X113.823 Y113.177 E374.81055
G1 X114.585 Y114.107 E374.85054
G1 X115.147 Y115.157 E374.89015
G1 X115.496 Y116.306 E374.93009
G1 X115.613 Y117.5 E374.96999
M204 S5000
M205 X30 Y30
G0 F7200 X113.795 Y117.5
M204 S500
M205 X20 Y20
G1 F1800 X113.712 Y116.663 E374.99796
G1 X113.468 Y115.856 E375.02601
G1 X113.071 Y115.113 E375.05402
G1 X112.536 Y114.464 E375.082
G1 X111.887 Y113.929 E375.10997
G1 X111.144 Y113.532 E375.13799
G1 X110.337 Y113.288 E375.16603
G1 X109.5 Y113.205 E375.19401
G1 X108.663 Y113.288 E375.22198
G1 X107.856 Y113.532 E375.25002
G1 X107.113 Y113.929 E375.27804
G1 X106.464 Y114.464 E375.30602
G1 X105.929 Y115.113 E375.33399
G1 X105.532 Y115.856 E375.36201
G1 X105.288 Y116.663 E375.39005
G1 X105.205 Y117.5 E375.41803
G1 X105.288 Y118.337 E375.446
G1 X105.532 Y119.144 E375.47404
G1 X105.929 Y119.887 E375.50206
G1 X106.464 Y120.536 E375.53004
G1 X107.113 Y121.071 E375.55801
G1 X107.856 Y121.468 E375.58603
G1 X108.663 Y121.712 E375.61407
G1 X109.5 Y121.795 E375.64205
G1 X110.337 Y121.712 E375.67002
G1 X111.144 Y121.468 E375.69806
G1 X111.887 Y121.071 E375.72608
G1 X112.536 Y120.536 E375.75406
G1 X113.071 Y119.887 E375.78203
G1 X113.468 Y119.144 E375.81005
G1 X113.712 Y118.337 E375.83809
G1 X113.795 Y117.5 E375.86607
M204 S5000
M205 X30 Y30
G0 F7200 X112.782 Y114.479
M204 S500
M205 X20 Y20
G1 F1800 X115.392 Y117.089 E375.98883
M204 S5000
M205 X30 Y30
G0 F7200 X115.414 Y117.677
M204 S500
M205 X20 Y20
G1 F1800 X113.684 Y115.947 E376.07021
G1 X113.614 Y115.877
M204 S5000
M205 X30 Y30
G0 F7200 X112.516 Y114.213
M204 S500
M205 X20 Y20
G1 F1800 X109.91 Y111.607 E376.19278
M204 S5000
M205 X30 Y30
G0 F7200 X109.322 Y111.584
M204 S500
M205 X20 Y20
G1 F1800 X111.052 Y113.315 E376.27418
G1 X111.122 Y113.385
M204 S5000
M205 X30 Y30
G0 F7200 X110.271 Y113.1
M204 S500
M205 X20 Y20
G1 F1800 X108.806 Y111.635 E376.34309
M204 S5000
M205 X30 Y30
G0 F7200 X108.299 Y111.693
M204 S500
M205 X20 Y20
G1 F1800 X109.643 Y113.037 E376.40631
M204 S5000
M205 X30 Y30
G0 F7200 X109.102 Y113.062
M204 S500
M205 X20 Y20
G1 F1800 X107.864 Y111.824 E376.46454
M204 S5000
M205 X30 Y30
G0 F7200 X107.43 Y111.956
M204 S500
M205 X20 Y20
G1 F1800 X108.593 Y113.119 E376.51924
M204 S5000
M205 X30 Y30
G0 F7200 X108.159 Y113.25
M204 S500
M205 X20 Y20
G1 F1800 X107.031 Y112.122 E376.5723
M204 S5000
M205 X30 Y30
G0 F7200 X106.662 Y112.319
M204 S500
M205 X20 Y20
G1 F1800 X107.734 Y113.391 E376.62273
M204 S5000
M205 X30 Y30
G0 F7200 X107.366 Y113.588
M204 S500
M205 X20 Y20
G1 F1800 X106.295 Y112.517 E376.6731
M204 S5000
M205 X30 Y30
G0 F7200 X105.971 Y112.759
M204 S500
M205 X20 Y20
G1 F1800 X106.999 Y113.787 E376.72146
M204 S5000
M205 X30 Y30
G0 F7200 X106.689 Y114.043
M204 S500
M205 X20 Y20
G1 F1800 X105.66 Y113.014 E376.76986
M204 S5000
M205 X30 Y30
G0 F7200 X105.349 Y113.268
M204 S500
M205 X20 Y20
G1 F1800 X106.379 Y114.298 E376.81831
M204 S5000
M205 X30 Y30
G0 F7200 X106.116 Y114.602
M204 S500
M205 X20 Y20
G1 F1800 X105.085 Y113.571 E376.8668
M204 S5000
M205 X30 Y30
G0 F7200 X104.831 Y113.882
M204 S500
M205 X20 Y20
G1 F1800 X105.86 Y114.911 E376.9152
M204 S5000
M205 X30 Y30
G0 F7200 X105.645 Y115.262
M204 S500
M205 X20 Y20
G1 F1800 X104.576 Y114.192 E376.96551
M204 S5000
M205 X30 Y30
G0 F7200 X104.375 Y114.557
M204 S500
M205 X20 Y20
G1 F1800 X105.448 Y115.631 E377.016
M204 S5000
M205 X30 Y30
G0 F7200 X105.289 Y116.037
M204 S500
M205 X20 Y20
G1 F1800 X104.178 Y114.926 E377.06826
M204 S5000
M205 X30 Y30
G0 F7200 X103.994 Y115.307
M204 S500
M205 X20 Y20
G1 F1800 X105.158 Y116.471 E377.12301
M204 S5000
M205 X30 Y30
G0 F7200 X105.078 Y116.957
M204 S500
M205 X20 Y20
G1 F1800 X103.984 Y115.863 E377.17447
M204 S5000
M205 X30 Y30
G0 F7200 X103.984 Y116.429
M204 S500
M205 X20 Y20
G1 F1800 X105.027 Y117.472 E377.22353
M204 S5000
M205 X30 Y30
G0 F7200 X105.083 Y118.094
M204 S500
M205 X20 Y20
G1 F1800 X103.984 Y116.995 E377.27522
M204 S5000
M205 X30 Y30
G0 F7200 X103.984 Y117.56
M204 S500
M205 X20 Y20
G1 F1800 X105.247 Y118.823 E377.33463
G1 X105.317 Y118.893
M204 S5000
M205 X30 Y30
G0 F7200 X105.703 Y119.845
M204 S500
M205 X20 Y20
G1 F1800 X103.984 Y118.126 E377.41549
M204 S5000
M205 X30 Y30
G0 F7200 X103.984 Y118.692
M204 S500
M205 X20 Y20
G1 F1800 X108.639 Y123.346 E377.63442
M204 S5000
M205 X30 Y30
G0 F7200 X109.265 Y123.407
M204 S500
M205 X20 Y20
G1 F1800 X107.153 Y121.295 E377.73376
G1 X107.083 Y121.225
M204 S5000
M205 X30 Y30
G0 F7200 X108.176 Y121.753
M204 S500
M205 X20 Y20
G1 F1800 X109.822 Y123.399 E377.81118
M204 S5000
M205 X30 Y30
G0 F7200 X110.338 Y123.349
M204 S500
M205 X20 Y20
G1 F1800 X108.905 Y121.916 E377.87859
M204 S5000
M205 X30 Y30
G0 F7200 X109.528 Y121.973
M204 S500
M205 X20 Y20
G1 F1800 X110.823 Y123.268 E377.9395
M204 S5000
M205 X30 Y30
G0 F7200 X111.257 Y123.136
M204 S500
M205 X20 Y20
G1 F1800 X110.042 Y121.922 E377.99663
M204 S5000
M205 X30 Y30
G0 F7200 X110.528 Y121.842
M204 S500
M205 X20 Y20
G1 F1800 X111.691 Y123.004 E378.05131
M204 S5000
M205 X30 Y30
G0 F7200 X112.072 Y122.82
M204 S500
M205 X20 Y20
G1 F1800 X110.962 Y121.71 E378.10352
M204 S5000
M205 X30 Y30
G0 F7200 X111.369 Y121.551
M204 S500
M205 X20 Y20
G1 F1800 X112.44 Y122.622 E378.1539
M204 S5000
M205 X30 Y30
G0 F7200 X112.805 Y122.422
M204 S500
M205 X20 Y20
G1 F1800 X111.737 Y121.354 E378.20413
M204 S5000
M205 X30 Y30
G0 F7200 X112.088 Y121.139
M204 S500
M205 X20 Y20
G1 F1800 X113.115 Y122.166 E378.25244
M204 S5000
M205 X30 Y30
G0 F7200 X113.426 Y121.912
M204 S500
M205 X20 Y20
G1 F1800 X112.398 Y120.883 E378.30082
M204 S5000
M205 X30 Y30
G0 F7200 X112.699 Y120.618
M204 S500
M205 X20 Y20
G1 F1800 X113.731 Y121.65 E378.34936
M204 S5000
M205 X30 Y30
G0 F7200 X113.985 Y121.339
M204 S500
M205 X20 Y20
G1 F1800 X112.955 Y120.309 E378.39781
M204 S5000
M205 X30 Y30
G0 F7200 X113.211 Y119.999
M204 S500
M205 X20 Y20
G1 F1800 X114.24 Y121.028 E378.44621
M204 S5000
M205 X30 Y30
G0 F7200 X114.482 Y120.704
M204 S500
M205 X20 Y20
G1 F1800 X113.41 Y119.633 E378.49661
M204 S5000
M205 X30 Y30
G0 F7200 X113.607 Y119.264
M204 S500
M205 X20 Y20
G1 F1800 X114.679 Y120.336 E378.54703
M204 S5000
M205 X30 Y30
G0 F7200 X114.877 Y119.968
M204 S500
M205 X20 Y20
G1 F1800 X113.748 Y118.839 E378.60013
M204 S5000
M205 X30 Y30
G0 F7200 X113.879 Y118.405
M204 S500
M205 X20 Y20
G1 F1800 X115.043 Y119.568 E378.65486
M204 S5000
M205 X30 Y30
G0 F7200 X115.174 Y119.134
M204 S500
M205 X20 Y20
G1 F1800 X113.936 Y117.895 E378.71312
M204 S5000
M205 X30 Y30
G0 F7200 X113.961 Y117.355
M204 S500
M205 X20 Y20
G1 F1800 X115.306 Y118.7 E378.77638
M204 S5000
M205 X30 Y30
G0 F7200 X115.364 Y118.192
M204 S500
M205 X20 Y20
G1 F1800 X113.898 Y116.727 E378.84531
G1 X113.828 Y116.657
M204 S5000
M205 X30 Y30
G0 F7200 X115.331 Y116.462
M204 S500
M205 X20 Y20
G1 F1800 X110.537 Y111.668 E379.07081
G1 X110.467 Y111.598
M204 S5000
M205 X30 Y30
G0 F7200 X111.312 Y111.878
M204 S500
M205 X20 Y20
G1 F1800 X115.121 Y115.687 E379.24997
G1 X115.191 Y115.757
M204 S5000
M205 X30 Y30
G0 F7200 X114.698 Y114.698
M204 S500
M205 X20 Y20
G1 F1800 X112.301 Y112.301 E379.36272
G1 X112.231 Y112.231
M204 S5000
M205 X30 Y30
G0 F7200 X107.991 Y113.858
G0 X107.309 Y114.222
G0 X106.713 Y114.713
G0 X106.317 Y115.195
G0 X103.984 Y119.257
M204 S500
M205 X20 Y20
G1 F1800 X107.916 Y123.19 E379.54769
G1 X107.986 Y123.26
M204 S5000
M205 X30 Y30
G0 F7200 X107.044 Y122.883
M204 S500
M205 X20 Y20
G1 F1800 X104.115 Y119.954 E379.68547
G1 X104.045 Y119.884
M204 S5000
M205 X30 Y30
G0 F7200 X103.655 Y119.777
M204 S500
M205 X20 Y20
;TYPE:SKIN
G1 F1800 X103.618 Y119.74 E379.68634
M204 S5000
M205 X30 Y30
G0 F7200 X103.648 Y115.244
G0 X103.628 Y115.224
M204 S500
M205 X20 Y20
G1 F1800 X103.692 Y115.006 E379.68873
M204 S5000
M205 X30 Y30
G0 F7200 X103.661 Y114.974
G0 X108.732 Y113.633
G0 X109.5 Y113.557
G0 X125.5 Y113.557
G0 X126.121 Y113.618
G0 X131.343 Y115.221
M204 S500
M205 X20 Y20
G1 F1800 X131.381 Y115.259 E379.68963
M204 S5000
M205 X30 Y30
G0 F7200 X131.35 Y119.754
G0 X131.37 Y119.773
M204 S500
M205 X20 Y20
G1 F1800 X131.306 Y119.992 E379.69206
M204 S5000
M205 X30 Y30
G0 F7200 X131.186 Y120.025
;MESH:NONMESH
G0 X126.268 Y121.367
G0 X125.5 Y121.443
G0 X124.732 Y121.367
G0 X124.066 Y121.165
G0 X104.501 Y110.158
;TIME_ELAPSED:391.598655
;LAYER:21
;MESH:listwa_mocujaca.stl
G0 X104.501 Y110.158 Z4.4
M204 S500
M205 X20 Y20
;TYPE:FILL
G1 F3600 X106.566 Y112.223 E379.78919
G1 X106.636 Y112.293
M204 S5000
M205 X30 Y30
G0 F7200 X107.871 Y110.157
M204 S500
M205 X20 Y20
G1 F3600 X103.574 Y114.455 E379.99133
M204 S5000
M205 X30 Y30
G0 F7200 X103.573 Y114.887
M204 S500
M205 X20 Y20
G1 F3600 X103.742 Y115.056 E379.99928
M204 S5000
M205 X30 Y30
G0 F7200 X103.744 Y119.941
M204 S500
M205 X20 Y20
G1 F3600 X103.574 Y120.111 E380.00727
M204 S5000
M205 X30 Y30
G0 F7200 X103.574 Y120.544
M204 S500
M205 X20 Y20
G1 F3600 X107.87 Y124.841 E380.20937
G1 X107.94 Y124.911
M204 S5000
M205 X30 Y30
G0 F7200 X107.94 Y124.902
G0 X110.158 Y124.841
M204 S500
M205 X20 Y20
G1 F3600 X111.985 Y123.014 E380.2953
M204 S5000
M205 X30 Y30
G0 F7200 X111.796 Y123.11
M204 S500
M205 X20 Y20
G1 F3600 X113.527 Y124.841 E380.37673
G1 X113.597 Y124.911
M204 S5000
M205 X30 Y30
G0 F7200 X113.597 Y124.902
G0 X115.814 Y124.841
M204 S500
M205 X20 Y20
G1 F3600 X120.224 Y120.432 E380.58413
M204 S5000
M205 X30 Y30
G0 F7200 X119.984 Y119.984
M204 S500
M205 X20 Y20
G1 F3600 X115.014 Y115.014 E380.81791
M204 S5000
M205 X30 Y30
G0 F7200 X114.775 Y114.567
M204 S500
M205 X20 Y20
G1 F3600 X119.185 Y110.157 E381.02534
G1 X119.255 Y110.087
M204 S5000
M205 X30 Y30
G0 F7200 X119.255 Y110.098
G0 X121.471 Y110.158
M204 S500
M205 X20 Y20
G1 F3600 X123.203 Y111.889 E381.10679
M204 S5000
M205 X30 Y30
G0 F7200 X123.014 Y111.985
M204 S500
M205 X20 Y20
G1 F3600 X124.842 Y110.157 E381.19277
G1 X124.912 Y110.087
M204 S5000
M205 X30 Y30
G0 F7200 X124.912 Y110.098
G0 X127.128 Y110.158
M204 S500
M205 X20 Y20
G1 F3600 X131.425 Y114.455 E381.39489
M204 S5000
M205 X30 Y30
G0 F7200 X131.424 Y114.888
M204 S500
M205 X20 Y20
G1 F3600 X131.255 Y115.058 E381.40286
M204 S5000
M205 X30 Y30
G0 F7200 X128.431 Y112.224
M204 S500
M205 X20 Y20
G1 F3600 X130.499 Y110.157 E381.50011
G1 X130.569 Y110.087
M204 S5000
M205 X30 Y30
G0 F7200 X130.569 Y110.098
G0 X131.256 Y119.942
M204 S500
M205 X20 Y20
G1 F3600 X131.425 Y120.111 E381.50806
M204 S5000
M205 X30 Y30
G0 F7200 X131.424 Y120.545
M204 S500
M205 X20 Y20
G1 F3600 X127.128 Y124.841 E381.71013
G1 X127.058 Y124.911
M204 S5000
M205 X30 Y30
G0 F7200 X127.058 Y124.902
G0 X124.841 Y124.841
M204 S500
M205 X20 Y20
G1 F3600 X123.015 Y123.015 E381.79602
M204 S5000
M205 X30 Y30
G0 F7200 X123.204 Y123.109
M204 S500
M205 X20 Y20
G1 F3600 X121.471 Y124.841 E381.87751
G1 X121.401 Y124.911
M204 S5000
M205 X30 Y30
G0 F7200 X121.401 Y124.902
G0 X119.184 Y124.841
M204 S500
M205 X20 Y20
G1 F3600 X114.774 Y120.431 E382.08494
M204 S5000
M205 X30 Y30
G0 F7200 X115.015 Y119.983
M204 S500
M205 X20 Y20
G1 F3600 X119.983 Y115.015 E382.31862
M204 S5000
M205 X30 Y30
G0 F7200 X120.224 Y114.567
M204 S500
M205 X20 Y20
G1 F3600 X115.814 Y110.158 E382.52603
G1 X115.744 Y110.088
M204 S5000
M205 X30 Y30
G0 F7200 X115.744 Y110.098
G0 X113.528 Y110.157
M204 S500
M205 X20 Y20
G1 F3600 X111.796 Y111.889 E382.6075
M204 S5000
M205 X30 Y30
G0 F7200 X111.983 Y111.983
M204 S500
M205 X20 Y20
G1 F3600 X110.158 Y110.158 E382.69334
G1 X110.088 Y110.088
M204 S5000
M205 X30 Y30
G0 F7200 X110.088 Y110.098
G0 X106.222 Y115.309
G0 X105.858 Y115.991
G0 X105.633 Y116.732
G0 X105.557 Y117.5
G0 X105.599 Y117.934
G0 X106.568 Y122.774
M204 S500
M205 X20 Y20
G1 F3600 X104.501 Y124.841 E382.79057
G1 X104.431 Y124.911
M204 S5000
M205 X30 Y30
G0 F7200 X104.431 Y124.902
G0 X128.432 Y122.775
M204 S500
M205 X20 Y20
G1 F3600 X130.497 Y124.841 E382.88772
G1 X130.567 Y124.911
M204 S5000
M205 X30 Y30
G0 F7200 X130.567 Y124.902
G0 X131.516 Y124.932
G0 X131.586 Y125.002
M204 S500
M205 X20 Y20
;TYPE:WALL-INNER
G1 F3600 X103.414 Y125.002 E383.82473
G1 X103.414 Y109.998 E384.32376
G1 X131.586 Y109.998 E385.26077
G1 X131.586 Y125.002 E385.7598
M204 S5000
M205 X30 Y30
G0 F7200 X131.516 Y124.932
G0 X129.503 Y117.498
G0 X129.403 Y117.498
M204 S500
M205 X20 Y20
G1 F3600 X129.321 Y116.709 E385.78618
G1 X129.106 Y116.006 E385.81063
G1 X128.745 Y115.331 E385.83609
G1 X128.259 Y114.741 E385.86152
G1 X127.669 Y114.255 E385.88694
G1 X126.994 Y113.894 E385.9124
G1 X126.261 Y113.672 E385.93788
G1 X125.5 Y113.597 E385.96331
G1 X124.739 Y113.672 E385.98874
G1 X124.006 Y113.894 E386.01422
G1 X123.331 Y114.255 E386.03968
G1 X122.741 Y114.741 E386.0651
G1 X122.255 Y115.331 E386.09052
G1 X121.894 Y116.006 E386.11598
G1 X121.672 Y116.739 E386.14146
G1 X121.597 Y117.5 E386.16689
G1 X121.672 Y118.261 E386.19232
G1 X121.894 Y118.994 E386.2178
G1 X122.255 Y119.669 E386.24326
G1 X122.741 Y120.259 E386.26868
G1 X123.331 Y120.745 E386.2941
G1 X124.006 Y121.106 E386.31956
G1 X124.739 Y121.328 E386.34504
G1 X125.5 Y121.403 E386.37047
G1 X126.261 Y121.328 E386.3959
G1 X126.994 Y121.106 E386.42138
G1 X127.669 Y120.745 E386.44684
G1 X128.259 Y120.259 E386.47226
G1 X128.745 Y119.669 E386.49768
G1 X129.106 Y118.994 E386.52314
G1 X129.328 Y118.261 E386.54862
G1 X129.403 Y117.498 E386.57412
M204 S5000
M205 X30 Y30
G0 F7200 X129.503 Y117.498
G0 X129.36 Y116.702
G0 X129.142 Y115.991
G0 X128.778 Y115.309
G0 X128.287 Y114.713
G0 X127.691 Y114.222
G0 X127.009 Y113.858
G0 X126.268 Y113.633
G0 X125.5 Y113.557
G0 X124.732 Y113.633
G0 X113.503 Y117.498
G0 X113.403 Y117.498
M204 S500
M205 X20 Y20
G1 F3600 X113.321 Y116.709 E386.6005
G1 X113.106 Y116.006 E386.62495
G1 X112.745 Y115.331 E386.65041
G1 X112.259 Y114.741 E386.67584
G1 X111.669 Y114.255 E386.70126
G1 X110.994 Y113.894 E386.72672
G1 X110.261 Y113.672 E386.75219
G1 X109.5 Y113.597 E386.77763
G1 X108.739 Y113.672 E386.80306
G1 X108.006 Y113.894 E386.82853
G1 X107.331 Y114.255 E386.85399
G1 X106.741 Y114.741 E386.87942
G1 X106.255 Y115.331 E386.90484
G1 X105.894 Y116.006 E386.9303
G1 X105.672 Y116.739 E386.95577
G1 X105.597 Y117.5 E386.98121
G1 X105.672 Y118.261 E387.00664
G1 X105.894 Y118.994 E387.03211
G1 X106.255 Y119.669 E387.05757
G1 X106.741 Y120.259 E387.083
G1 X107.331 Y120.745 E387.10842
G1 X108.006 Y121.106 E387.13388
G1 X108.739 Y121.328 E387.15935
G1 X109.5 Y121.403 E387.18479
G1 X110.261 Y121.328 E387.21022
G1 X110.994 Y121.106 E387.23569
G1 X111.669 Y120.745 E387.26115
G1 X112.259 Y120.259 E387.28658
G1 X112.745 Y119.669 E387.312
G1 X113.106 Y118.994 E387.33746
G1 X113.328 Y118.261 E387.36293
G1 X113.403 Y117.498 E387.38843
M204 S5000
M205 X30 Y30
G0 F7200 X113.001 Y117.499
M204 S500
M205 X20 Y20
;TYPE:WALL-OUTER
G1 F1800 X112.927 Y116.789 E387.41218
G1 X112.735 Y116.16 E387.43405
G1 X112.411 Y115.555 E387.45688
G1 X111.975 Y115.025 E387.4797
G1 X111.445 Y114.589 E387.50253
G1 X110.84 Y114.265 E387.52535
G1 X110.183 Y114.066 E387.54819
G1 X109.5 Y113.999 E387.57101
G1 X108.817 Y114.066 E387.59384
G1 X108.16 Y114.265 E387.61667
G1 X107.555 Y114.589 E387.6395
G1 X107.025 Y115.025 E387.66232
G1 X106.589 Y115.555 E387.68515
G1 X106.265 Y116.16 E387.70798
G1 X106.066 Y116.817 E387.73081
G1 X105.999 Y117.5 E387.75363
G1 X106.066 Y118.183 E387.77646
G1 X106.265 Y118.84 E387.79929
G1 X106.589 Y119.445 E387.82212
G1 X107.025 Y119.975 E387.84494
G1 X107.555 Y120.411 E387.86777
G1 X108.16 Y120.735 E387.8906
G1 X108.817 Y120.934 E387.91343
G1 X109.5 Y121.001 E387.93625
G1 X110.183 Y120.934 E387.95908
G1 X110.84 Y120.735 E387.98191
G1 X111.445 Y120.411 E388.00474
G1 X111.975 Y119.975 E388.02756
G1 X112.411 Y119.445 E388.05039
G1 X112.735 Y118.84 E388.07322
G1 X112.934 Y118.183 E388.09605
G1 X113.001 Y117.499 E388.11891
M204 S5000
M205 X30 Y30
G0 F7200 X112.981 Y117.3
G0 X113.478 Y117.25
G0 X124.732 Y113.633
G0 X125.5 Y113.557
G0 X126.268 Y113.633
G0 X127.009 Y113.858
G0 X127.691 Y114.222
G0 X128.287 Y114.713
G0 X128.778 Y115.309
G0 X129.142 Y115.991
G0 X129.265 Y116.393
G0 X129.498 Y117.547
G0 X129.001 Y117.499
M204 S500
M205 X20 Y20
G1 F1800 X128.927 Y116.789 E388.14265
G1 X128.735 Y116.16 E388.16452
G1 X128.411 Y115.555 E388.18735
G1 X127.975 Y115.025 E388.21018
G1 X127.445 Y114.589 E388.233
G1 X126.84 Y114.265 E388.25583
G1 X126.183 Y114.066 E388.27866
G1 X125.5 Y113.999 E388.30149
G1 X124.817 Y114.066 E388.32431
G1 X124.16 Y114.265 E388.34715
G1 X123.555 Y114.589 E388.36997
G1 X123.025 Y115.025 E388.3928
G1 X122.589 Y115.555 E388.41562
G1 X122.265 Y116.16 E388.43845
G1 X122.066 Y116.817 E388.46128
G1 X121.999 Y117.5 E388.48411
G1 X122.066 Y118.183 E388.50693
G1 X122.265 Y118.84 E388.52977
G1 X122.589 Y119.445 E388.55259
G1 X123.025 Y119.975 E388.57542
G1 X123.555 Y120.411 E388.59824
G1 X124.16 Y120.735 E388.62107
G1 X124.817 Y120.934 E388.6439
G1 X125.5 Y121.001 E388.66673
G1 X126.183 Y120.934 E388.68955
G1 X126.84 Y120.735 E388.71239
G1 X127.445 Y120.411 E388.73521
G1 X127.975 Y119.975 E388.75804
G1 X128.411 Y119.445 E388.78087
G1 X128.735 Y118.84 E388.80369
G1 X128.934 Y118.183 E388.82652
G1 X129.001 Y117.499 E388.84938
M204 S5000
M205 X30 Y30
G0 F7200 X128.981 Y117.3
G0 X129.478 Y117.25
G0 X131.516 Y110.068
G0 X131.873 Y109.667
M204 S500
M205 X20 Y20
G1 F1800 X131.986 Y109.825 E388.85584
G1 X131.986 Y125.175 E389.36639
G1 X131.873 Y125.333 E389.37285
G1 X131.682 Y125.402 E389.3796
G1 X103.318 Y125.402 E390.32299
G1 X103.127 Y125.333 E390.32975
G1 X103.014 Y125.175 E390.33621
G1 X103.014 Y109.825 E390.84675
G1 X103.127 Y109.667 E390.85321
G1 X103.318 Y109.598 E390.85997
G1 X131.682 Y109.598 E391.80336
G1 X131.873 Y109.667 E391.81011
M204 S5000
M205 X30 Y30
G0 F7200 X131.986 Y109.825
G0 X131.986 Y109.831
G0 X131.516 Y110.068
G0 X129.823 Y113.177
M204 S500
M205 X20 Y20
;TYPE:SKIN
G1 F1800 X130.585 Y114.107 E391.8501
G1 X131.147 Y115.157 E391.88971
G1 X131.196 Y115.319 E391.89534
G1 X131.196 Y119.681 E392.04042
G1 X131.147 Y119.843 E392.04605
G1 X130.585 Y120.893 E392.08566
G1 X129.823 Y121.823 E392.12565
G1 X128.893 Y122.585 E392.16564
G1 X127.843 Y123.147 E392.20525
G1 X126.694 Y123.496 E392.24519
G1 X125.5 Y123.613 E392.28509
G1 X124.306 Y123.496 E392.325
G1 X123.157 Y123.147 E392.36494
G1 X122.107 Y122.585 E392.40455
G1 X121.177 Y121.823 E392.44454
G1 X120.415 Y120.893 E392.48452
G1 X119.853 Y119.843 E392.52414
G1 X119.504 Y118.694 E392.56407
G1 X119.387 Y117.5 E392.60398
G1 X119.504 Y116.306 E392.64388
G1 X119.853 Y115.157 E392.68382
G1 X120.415 Y114.107 E392.72343
G1 X121.177 Y113.177 E392.76342
G1 X122.107 Y112.415 E392.80341
G1 X123.157 Y111.853 E392.84302
G1 X124.306 Y111.504 E392.88296
G1 X125.5 Y111.387 E392.92286
G1 X126.694 Y111.504 E392.96277
G1 X127.843 Y111.853 E393.00271
G1 X128.893 Y112.415 E393.04232
G1 X129.823 Y113.177 E393.08231
M204 S5000
M205 X30 Y30
G0 F7200 X128.536 Y114.464
M204 S500
M205 X20 Y20
G1 F1800 X127.887 Y113.929 E393.11028
G1 X127.144 Y113.532 E393.1383
G1 X126.337 Y113.288 E393.16634
G1 X125.5 Y113.205 E393.19432
G1 X124.663 Y113.288 E393.22229
G1 X123.856 Y113.532 E393.25033
G1 X123.113 Y113.929 E393.27835
G1 X122.464 Y114.464 E393.30632
G1 X121.929 Y115.113 E393.3343
G1 X121.532 Y115.856 E393.36232
G1 X121.288 Y116.663 E393.39036
G1 X121.205 Y117.5 E393.41833
G1 X121.288 Y118.337 E393.44631
G1 X121.532 Y119.144 E393.47435
G1 X121.929 Y119.887 E393.50237
G1 X122.464 Y120.536 E393.53034
G1 X123.113 Y121.071 E393.55832
G1 X123.856 Y121.468 E393.58634
G1 X124.663 Y121.712 E393.61438
G1 X125.5 Y121.795 E393.64235
G1 X126.337 Y121.712 E393.67033
G1 X127.144 Y121.468 E393.69837
G1 X127.887 Y121.071 E393.72639
G1 X128.536 Y120.536 E393.75436
G1 X129.071 Y119.887 E393.78234
G1 X129.468 Y119.144 E393.81036
G1 X129.712 Y118.337 E393.8384
G1 X129.795 Y117.496 E393.86651
G1 X129.705 Y116.631 E393.89543
G1 X129.468 Y115.856 E393.92239
G1 X129.071 Y115.113 E393.9504
G1 X128.536 Y114.464 E393.97838
M204 S5000
M205 X30 Y30
G0 F7200 X127.009 Y113.858
G0 X126.268 Y113.633
G0 X125.577 Y113.565
G0 X120.626 Y114.132
M204 S500
M205 X20 Y20
G1 F1800 X122.132 Y112.626 E394.04922
G1 X122.202 Y112.556
M204 S5000
M205 X30 Y30
G0 F7200 X123.509 Y113.512
M204 S500
M205 X20 Y20
G1 F1800 X125.449 Y111.572 E394.14047
M204 S5000
M205 X30 Y30
G0 F7200 X125.973 Y111.613
M204 S500
M205 X20 Y20
G1 F1800 X124.411 Y113.175 E394.21394
M204 S5000
M205 X30 Y30
G0 F7200 X125.088 Y113.064
M204 S500
M205 X20 Y20
G1 F1800 X126.489 Y111.664 E394.27982
M204 S5000
M205 X30 Y30
G0 F7200 X126.95 Y111.768
M204 S500
M205 X20 Y20
G1 F1800 X125.676 Y113.042 E394.33974
M204 S5000
M205 X30 Y30
G0 F7200 X126.191 Y113.093
M204 S500
M205 X20 Y20
G1 F1800 X127.384 Y111.9 E394.39586
M204 S5000
M205 X30 Y30
G0 F7200 X127.812 Y112.038
M204 S500
M205 X20 Y20
G1 F1800 X126.654 Y113.196 E394.45032
M204 S5000
M205 X30 Y30
G0 F7200 X127.089 Y113.327
M204 S500
M205 X20 Y20
G1 F1800 X128.18 Y112.236 E394.50164
M204 S5000
M205 X30 Y30
G0 F7200 X128.548 Y112.433
M204 S500
M205 X20 Y20
G1 F1800 X127.475 Y113.506 E394.55211
M204 S5000
M205 X30 Y30
G0 F7200 X127.844 Y113.703
M204 S500
M205 X20 Y20
G1 F1800 X128.896 Y112.651 E394.60159
M204 S5000
M205 X30 Y30
G0 F7200 X129.207 Y112.905
M204 S500
M205 X20 Y20
G1 F1800 X128.177 Y113.936 E394.65007
M204 S5000
M205 X30 Y30
G0 F7200 X128.487 Y114.191
M204 S500
M205 X20 Y20
G1 F1800 X129.518 Y113.16 E394.69856
M204 S5000
M205 X30 Y30
G0 F7200 X129.804 Y113.44
M204 S500
M205 X20 Y20
G1 F1800 X128.774 Y114.469 E394.74699
M204 S5000
M205 X30 Y30
G0 F7200 X129.03 Y114.78
M204 S500
M205 X20 Y20
G1 F1800 X130.058 Y113.751 E394.79536
M204 S5000
M205 X30 Y30
G0 F7200 X130.314 Y114.061
M204 S500
M205 X20 Y20
G1 F1800 X129.27 Y115.105 E394.84447
M204 S5000
M205 X30 Y30
G0 F7200 X129.467 Y115.474
M204 S500
M205 X20 Y20
G1 F1800 X130.538 Y114.402 E394.89487
M204 S5000
M205 X30 Y30
G0 F7200 X130.736 Y114.771
M204 S500
M205 X20 Y20
G1 F1800 X129.655 Y115.851 E394.94569
M204 S5000
M205 X30 Y30
G0 F7200 X129.788 Y116.285
M204 S500
M205 X20 Y20
G1 F1800 X130.934 Y115.138 E394.99962
M204 S5000
M205 X30 Y30
G0 F7200 X131.014 Y115.623
M204 S500
M205 X20 Y20
G1 F1800 X129.896 Y116.741 E395.05221
M204 S5000
M205 X30 Y30
G0 F7200 X129.95 Y117.253
M204 S500
M205 X20 Y20
G1 F1800 X131.014 Y116.189 E395.10226
M204 S5000
M205 X30 Y30
G0 F7200 X131.014 Y116.755
M204 S500
M205 X20 Y20
G1 F1800 X129.942 Y117.827 E395.15268
M204 S5000
M205 X30 Y30
G0 F7200 X129.856 Y118.479
M204 S500
M205 X20 Y20
G1 F1800 X131.014 Y117.321 E395.20715
M204 S5000
M205 X30 Y30
G0 F7200 X131.014 Y117.886
M204 S500
M205 X20 Y20
G1 F1800 X129.574 Y119.327 E395.2749
G1 X129.504 Y119.397
M204 S5000
M205 X30 Y30
G0 F7200 X131.014 Y119.583
M204 S500
M205 X20 Y20
G1 F1800 X127.548 Y123.05 E395.43796
G1 X127.478 Y123.12
M204 S5000
M205 X30 Y30
G0 F7200 X126.737 Y123.295
M204 S500
M205 X20 Y20
G1 F1800 X131.014 Y119.018 E395.63914
M204 S5000
M205 X30 Y30
G0 F7200 X131.014 Y118.452
M204 S500
M205 X20 Y20
G1 F1800 X126.092 Y123.374 E395.87065
M204 S5000
M205 X30 Y30
G0 F7200 X125.471 Y123.429
M204 S500
M205 X20 Y20
G1 F1800 X127.327 Y121.574 E395.95793
G1 X127.397 Y121.504
M204 S5000
M205 X30 Y30
G0 F7200 X126.479 Y121.856
M204 S500
M205 X20 Y20
G1 F1800 X124.956 Y123.379 E396.02957
M204 S5000
M205 X30 Y30
G0 F7200 X124.44 Y123.329
M204 S500
M205 X20 Y20
G1 F1800 X125.827 Y121.942 E396.09481
M204 S5000
M205 X30 Y30
G0 F7200 X125.253 Y121.951
M204 S500
M205 X20 Y20
G1 F1800 X123.99 Y123.214 E396.15421
M204 S5000
M205 X30 Y30
G0 F7200 X123.557 Y123.081
M204 S500
M205 X20 Y20
G1 F1800 X124.739 Y121.899 E396.20981
M204 S5000
M205 X30 Y30
G0 F7200 X124.286 Y121.786
M204 S500
M205 X20 Y20
G1 F1800 X123.138 Y122.934 E396.26381
M204 S5000
M205 X30 Y30
G0 F7200 X122.77 Y122.737
M204 S500
M205 X20 Y20
G1 F1800 X123.852 Y121.654 E396.31473
M204 S5000
M205 X30 Y30
G0 F7200 X123.473 Y121.468
M204 S500
M205 X20 Y20
G1 F1800 X122.402 Y122.539 E396.3651
M204 S5000
M205 X30 Y30
G0 F7200 X122.061 Y122.314
M204 S500
M205 X20 Y20
G1 F1800 X123.105 Y121.27 E396.41421
M204 S5000
M205 X30 Y30
G0 F7200 X122.779 Y121.03
M204 S500
M205 X20 Y20
G1 F1800 X121.751 Y122.059 E396.46259
M204 S5000
M205 X30 Y30
G0 F7200 X121.439 Y121.804
M204 S500
M205 X20 Y20
G1 F1800 X122.47 Y120.774 E396.51106
M204 S5000
M205 X30 Y30
G0 F7200 X122.19 Y120.488
M204 S500
M205 X20 Y20
G1 F1800 X121.161 Y121.517 E396.55946
M204 S5000
M205 X30 Y30
G0 F7200 X120.906 Y121.206
M204 S500
M205 X20 Y20
G1 F1800 X121.934 Y120.179 E396.60779
M204 S5000
M205 X30 Y30
G0 F7200 X121.701 Y119.846
M204 S500
M205 X20 Y20
G1 F1800 X120.652 Y120.895 E396.65713
M204 S5000
M205 X30 Y30
G0 F7200 X120.434 Y120.547
M204 S500
M205 X20 Y20
G1 F1800 X121.504 Y119.477 E396.70746
M204 S5000
M205 X30 Y30
G0 F7200 X121.326 Y119.09
M204 S500
M205 X20 Y20
G1 F1800 X120.236 Y120.179 E396.75871
M204 S5000
M205 X30 Y30
G0 F7200 X120.038 Y119.812
M204 S500
M205 X20 Y20
G1 F1800 X121.195 Y118.655 E396.81313
M204 S5000
M205 X30 Y30
G0 F7200 X121.092 Y118.192
M204 S500
M205 X20 Y20
G1 F1800 X119.9 Y119.384 E396.8692
M204 S5000
M205 X30 Y30
G0 F7200 X119.769 Y118.95
M204 S500
M205 X20 Y20
G1 F1800 X121.04 Y117.678 E396.92901
M204 S5000
M205 X30 Y30
G0 F7200 X121.063 Y117.089
M204 S500
M205 X20 Y20
G1 F1800 X119.664 Y118.489 E396.99483
M204 S5000
M205 X30 Y30
G0 F7200 X119.614 Y117.973
M204 S500
M205 X20 Y20
G1 F1800 X121.174 Y116.413 E397.06821
G1 X121.244 Y116.343
M204 S5000
M205 X30 Y30
G0 F7200 X121.51 Y115.511
M204 S500
M205 X20 Y20
G1 F1800 X119.572 Y117.449 E397.15937
M204 S5000
M205 X30 Y30
G0 F7200 X119.633 Y116.822
M204 S500
M205 X20 Y20
G1 F1800 X124.822 Y111.633 E397.40344
M204 S5000
M205 X30 Y30
G0 F7200 X124.153 Y111.737
M204 S500
M205 X20 Y20
G1 F1800 X119.737 Y116.153 E397.61116
G1 X119.667 Y116.223
M204 S5000
M205 X30 Y30
G0 F7200 X119.982 Y115.342
M204 S500
M205 X20 Y20
G1 F1800 X123.342 Y111.983 E397.76918
G1 X123.412 Y111.913
M204 S5000
M205 X30 Y30
G0 F7200 X127.691 Y114.222
G0 X128.287 Y114.713
G0 X128.778 Y115.309
G0 X129.072 Y115.86
G0 X130.506 Y120.657
M204 S500
M205 X20 Y20
G1 F1800 X128.656 Y122.507 E397.8562
G1 X128.586 Y122.577
M204 S5000
M205 X30 Y30
G0 F7200 X115.496 Y118.694
M204 S500
M205 X20 Y20
G1 F1800 X115.147 Y119.843 E397.89614
G1 X114.585 Y120.893 E397.93575
G1 X113.823 Y121.823 E397.97574
G1 X112.893 Y122.585 E398.01573
G1 X111.843 Y123.147 E398.05534
G1 X110.694 Y123.496 E398.09528
G1 X109.5 Y123.613 E398.13518
G1 X108.306 Y123.496 E398.17508
G1 X107.157 Y123.147 E398.21502
G1 X106.107 Y122.585 E398.25463
G1 X105.177 Y121.823 E398.29462
G1 X104.415 Y120.893 E398.33461
G1 X103.853 Y119.843 E398.37422
G1 X103.804 Y119.681 E398.37985
G1 X103.804 Y115.319 E398.52493
G1 X103.853 Y115.157 E398.53056
G1 X104.415 Y114.107 E398.57017
G1 X105.177 Y113.177 E398.61016
G1 X106.107 Y112.415 E398.65015
G1 X107.157 Y111.853 E398.68976
G1 X108.306 Y111.504 E398.7297
G1 X109.5 Y111.387 E398.7696
G1 X110.694 Y111.504 E398.80951
G1 X111.843 Y111.853 E398.84945
G1 X112.893 Y112.415 E398.88906
G1 X113.823 Y113.177 E398.92905
G1 X114.585 Y114.107 E398.96904
G1 X115.147 Y115.157 E399.00865
G1 X115.496 Y116.306 E399.04859
G1 X115.613 Y117.5 E399.08849
G1 X115.496 Y118.694 E399.12839
M204 S5000
M205 X30 Y30
G0 F7200 X113.712 Y118.337
M204 S500
M205 X20 Y20
G1 F1800 X113.795 Y117.496 E399.1565
G1 X113.705 Y116.631 E399.18542
G1 X113.468 Y115.856 E399.21238
G1 X113.071 Y115.113 E399.2404
G1 X112.536 Y114.464 E399.26837
G1 X111.887 Y113.929 E399.29635
G1 X111.144 Y113.532 E399.32437
G1 X110.337 Y113.288 E399.35241
G1 X109.5 Y113.205 E399.38038
G1 X108.663 Y113.288 E399.40836
G1 X107.856 Y113.532 E399.4364
G1 X107.113 Y113.929 E399.46442
G1 X106.464 Y114.464 E399.49239
G1 X105.929 Y115.113 E399.52037
G1 X105.532 Y115.856 E399.54839
G1 X105.288 Y116.663 E399.57643
G1 X105.205 Y117.5 E399.6044
G1 X105.288 Y118.337 E399.63238
G1 X105.532 Y119.144 E399.66042
G1 X105.929 Y119.887 E399.68844
G1 X106.464 Y120.536 E399.71641
G1 X107.113 Y121.071 E399.74439
G1 X107.856 Y121.468 E399.77241
G1 X108.663 Y121.712 E399.80045
G1 X109.5 Y121.795 E399.82842
G1 X110.337 Y121.712 E399.8564
G1 X111.144 Y121.468 E399.88444
G1 X111.887 Y121.071 E399.91246
G1 X112.536 Y120.536 E399.94043
G1 X113.071 Y119.887 E399.96841
G1 X113.468 Y119.144 E399.99642
G1 X113.712 Y118.337 E400.02447
M204 S5000
M205 X30 Y30
G0 F7200 X113.982 Y121.343
M204 S500
M205 X20 Y20
G1 F1800 X113.342 Y121.982 E400.05455
G1 X113.272 Y122.052
M204 S5000
M205 X30 Y30
G0 F7200 X111.674 Y121.387
M204 S500
M205 X20 Y20
G1 F1800 X109.645 Y123.417 E400.15001
M204 S5000
M205 X30 Y30
G0 F7200 X109.103 Y123.392
M204 S500
M205 X20 Y20
G1 F1800 X110.709 Y121.787 E400.22552
M204 S5000
M205 X30 Y30
G0 F7200 X110.006 Y121.925
M204 S500
M205 X20 Y20
G1 F1800 X108.588 Y123.342 E400.2922
M204 S5000
M205 X30 Y30
G0 F7200 X108.114 Y123.25
M204 S500
M205 X20 Y20
G1 F1800 X109.4 Y121.964 E400.35269
M204 S5000
M205 X30 Y30
G0 F7200 X108.885 Y121.913
M204 S500
M205 X20 Y20
G1 F1800 X107.68 Y123.119 E400.40939
M204 S5000
M205 X30 Y30
G0 F7200 X107.246 Y122.987
M204 S500
M205 X20 Y20
G1 F1800 X108.411 Y121.822 E400.46419
M204 S5000
M205 X30 Y30
G0 F7200 X107.975 Y121.692
M204 S500
M205 X20 Y20
G1 F1800 X106.874 Y122.793 E400.51598
M204 S5000
M205 X30 Y30
G0 F7200 X106.507 Y122.595
M204 S500
M205 X20 Y20
G1 F1800 X107.579 Y121.523 E400.5664
M204 S5000
M205 X30 Y30
G0 F7200 X107.21 Y121.326
M204 S500
M205 X20 Y20
G1 F1800 X106.15 Y122.386 E400.61626
M204 S5000
M205 X30 Y30
G0 F7200 X105.839 Y122.132
M204 S500
M205 X20 Y20
G1 F1800 X106.869 Y121.101 E400.66473
M204 S5000
M205 X30 Y30
G0 F7200 X106.558 Y120.846
M204 S500
M205 X20 Y20
G1 F1800 X105.527 Y121.877 E400.71323
M204 S5000
M205 X30 Y30
G0 F7200 X105.233 Y121.606
M204 S500
M205 X20 Y20
G1 F1800 X106.263 Y120.576 E400.76168
M204 S5000
M205 X30 Y30
G0 F7200 X106.008 Y120.266
M204 S500
M205 X20 Y20
G1 F1800 X104.979 Y121.294 E400.81005
M204 S5000
M205 X30 Y30
G0 F7200 X104.723 Y120.984
M204 S500
M205 X20 Y20
G1 F1800 X105.758 Y119.95 E400.85871
M204 S5000
M205 X30 Y30
G0 F7200 X105.561 Y119.581
M204 S500
M205 X20 Y20
G1 F1800 X104.49 Y120.652 E400.90909
M204 S5000
M205 X30 Y30
G0 F7200 X104.292 Y120.284
M204 S500
M205 X20 Y20
G1 F1800 X105.363 Y119.213 E400.95947
M204 S5000
M205 X30 Y30
G0 F7200 X105.233 Y118.778
M204 S500
M205 X20 Y20
G1 F1800 X104.095 Y119.916 E401.01299
M204 S5000
M205 X30 Y30
G0 F7200 X103.984 Y119.461
M204 S500
M205 X20 Y20
G1 F1800 X105.107 Y118.337 E401.06584
M204 S5000
M205 X30 Y30
G0 F7200 X105.055 Y117.824
M204 S500
M205 X20 Y20
G1 F1800 X103.984 Y118.895 E401.11622
M204 S5000
M205 X30 Y30
G0 F7200 X103.984 Y118.33
M204 S500
M205 X20 Y20
G1 F1800 X105.046 Y117.268 E401.16617
M204 S5000
M205 X30 Y30
G0 F7200 X105.109 Y116.639
M204 S500
M205 X20 Y20
G1 F1800 X103.984 Y117.764 E401.21909
M204 S5000
M205 X30 Y30
G0 F7200 X103.984 Y117.198
M204 S500
M205 X20 Y20
G1 F1800 X105.35 Y115.832 E401.28334
G1 X105.42 Y115.762
M204 S5000
M205 X30 Y30
G0 F7200 X104.393 Y114.527
M204 S500
M205 X20 Y20
G1 F1800 X106.529 Y112.391 E401.38381
G1 X106.599 Y112.321
M204 S5000
M205 X30 Y30
G0 F7200 X107.833 Y113.349
M204 S500
M205 X20 Y20
G1 F1800 X109.605 Y111.577 E401.46716
M204 S5000
M205 X30 Y30
G0 F7200 X109.001 Y111.615
M204 S500
M205 X20 Y20
G1 F1800 X103.984 Y116.633 E401.70317
M204 S5000
M205 X30 Y30
G0 F7200 X103.984 Y116.067
M204 S500
M205 X20 Y20
G1 F1800 X108.374 Y111.676 E401.90968
G1 X108.444 Y111.606
M204 S5000
M205 X30 Y30
G0 F7200 X107.574 Y111.911
M204 S500
M205 X20 Y20
G1 F1800 X103.984 Y115.501 E402.07854
G1 X103.914 Y115.571
M204 S5000
M205 X30 Y30
G0 F7200 X108.639 Y113.109
M204 S500
M205 X20 Y20
G1 F1800 X110.121 Y111.627 E402.14825
M204 S5000
M205 X30 Y30
G0 F7200 X110.636 Y111.677
M204 S500
M205 X20 Y20
G1 F1800 X109.267 Y113.046 E402.21265
M204 S5000
M205 X30 Y30
G0 F7200 X109.823 Y113.056
M204 S500
M205 X20 Y20
G1 F1800 X111.074 Y111.805 E402.27149
M204 S5000
M205 X30 Y30
G0 F7200 X111.508 Y111.937
M204 S500
M205 X20 Y20
G1 F1800 X110.337 Y113.108 E402.32657
M204 S5000
M205 X30 Y30
G0 F7200 X110.778 Y113.233
M204 S500
M205 X20 Y20
G1 F1800 X111.917 Y112.094 E402.38015
M204 S5000
M205 X30 Y30
G0 F7200 X112.285 Y112.292
M204 S500
M205 X20 Y20
G1 F1800 X111.213 Y113.364 E402.43057
M204 S5000
M205 X30 Y30
G0 F7200 X111.581 Y113.561
M204 S500
M205 X20 Y20
G1 F1800 X112.652 Y112.49 E402.48095
M204 S5000
M205 X30 Y30
G0 F7200 X112.985 Y112.723
M204 S500
M205 X20 Y20
G1 F1800 X111.949 Y113.758 E402.52965
M204 S5000
M205 X30 Y30
G0 F7200 X112.266 Y114.007
M204 S500
M205 X20 Y20
G1 F1800 X113.295 Y112.978 E402.57805
M204 S5000
M205 X30 Y30
G0 F7200 X113.606 Y113.233
M204 S500
M205 X20 Y20
G1 F1800 X112.576 Y114.263 E402.6265
M204 S5000
M205 X30 Y30
G0 F7200 X112.847 Y114.557
M204 S500
M205 X20 Y20
G1 F1800 X113.876 Y113.528 E402.6749
M204 S5000
M205 X30 Y30
G0 F7200 X114.131 Y113.839
M204 S500
M205 X20 Y20
G1 F1800 X113.103 Y114.867 E402.72326
M204 S5000
M205 X30 Y30
G0 F7200 X113.327 Y115.209
M204 S500
M205 X20 Y20
G1 F1800 X114.385 Y114.151 E402.77302
M204 S5000
M205 X30 Y30
G0 F7200 X114.595 Y114.507
M204 S500
M205 X20 Y20
G1 F1800 X113.524 Y115.578 E402.8234
M204 S5000
M205 X30 Y30
G0 F7200 X113.694 Y115.973
M204 S500
M205 X20 Y20
G1 F1800 X114.793 Y114.875 E402.87507
M204 S5000
M205 X30 Y30
G0 F7200 X114.987 Y115.246
M204 S500
M205 X20 Y20
G1 F1800 X113.826 Y116.407 E402.92968
M204 S5000
M205 X30 Y30
G0 F7200 X113.913 Y116.886
M204 S500
M205 X20 Y20
G1 F1800 X115.119 Y115.68 E402.9864
M204 S5000
M205 X30 Y30
G0 F7200 X115.25 Y116.114
M204 S500
M205 X20 Y20
G1 F1800 X113.967 Y117.398 E403.04678
M204 S5000
M205 X30 Y30
G0 F7200 X113.926 Y118.004
M204 S500
M205 X20 Y20
G1 F1800 X115.342 Y116.588 E403.11338
M204 S5000
M205 X30 Y30
G0 F7200 X115.392 Y117.103
M204 S500
M205 X20 Y20
G1 F1800 X113.788 Y118.708 E403.18885
G1 X113.718 Y118.778
M204 S5000
M205 X30 Y30
G0 F7200 X113.39 Y119.672
M204 S500
M205 X20 Y20
G1 F1800 X115.416 Y117.645 E403.28417
M204 S5000
M205 X30 Y30
G0 F7200 X115.355 Y118.272
M204 S500
M205 X20 Y20
G1 F1800 X110.271 Y123.356 E403.52331
M204 S5000
M205 X30 Y30
G0 F7200 X110.969 Y123.224
M204 S500
M205 X20 Y20
G1 F1800 X115.224 Y118.969 E403.72345
G1 X115.294 Y118.899
M204 S5000
M205 X30 Y30
G0 F7200 X114.976 Y119.783
M204 S500
M205 X20 Y20
G1 F1800 X111.783 Y122.975 E403.87362
G1 X111.713 Y123.045
M204 S5000
M205 X30 Y30
G0 F7200 X103.658 Y119.787
M204 S500
M205 X20 Y20
;TYPE:SKIN
G1 F1800 X103.609 Y119.836 E403.87477
M204 S5000
M205 X30 Y30
G0 F7200 X103.609 Y115.027
M204 S500
M205 X20 Y20
G1 F1800 X103.663 Y114.974 E403.87603
M204 S5000
M205 X30 Y30
G0 F7200 X108.732 Y113.633
G0 X109.5 Y113.557
G0 X125.5 Y113.557
G0 X126.121 Y113.618
G0 X131.289 Y115.066
M204 S500
M205 X20 Y20
G1 F1800 X131.39 Y114.965 E403.8784
M204 S5000
M205 X30 Y30
G0 F7200 X131.39 Y119.773
M204 S500
M205 X20 Y20
G1 F1800 X131.325 Y119.838 E403.87993
M204 S5000
M205 X30 Y30
G0 F7200 X131.186 Y119.838
;MESH:NONMESH
G0 X126.268 Y121.367
G0 X125.5 Y121.443
G0 X124.732 Y121.367
G0 X124.066 Y121.165
G0 X104.501 Y110.158
;TIME_ELAPSED:420.560104
;LAYER:22
;MESH:listwa_mocujaca.stl
G0 X104.501 Y110.158 Z4.6
M204 S500
M205 X20 Y20
;TYPE:FILL
G1 F3600 X106.566 Y112.223 E403.97706
G1 X106.636 Y112.293
M204 S5000
M205 X30 Y30
G0 F7200 X107.871 Y110.157
M204 S500
M205 X20 Y20
G1 F3600 X103.574 Y114.455 E404.1792
M204 S5000
M205 X30 Y30
G0 F7200 X103.573 Y114.887
M204 S500
M205 X20 Y20
G1 F3600 X103.742 Y115.056 E404.18715
M204 S5000
M205 X30 Y30
G0 F7200 X103.744 Y119.941
M204 S500
M205 X20 Y20
G1 F3600 X103.574 Y120.111 E404.19515
M204 S5000
M205 X30 Y30
G0 F7200 X103.574 Y120.544
M204 S500
M205 X20 Y20
G1 F3600 X107.87 Y124.841 E404.39724
G1 X107.94 Y124.911
M204 S5000
M205 X30 Y30
G0 F7200 X107.94 Y124.902
G0 X110.158 Y124.841
M204 S500
M205 X20 Y20
G1 F3600 X111.985 Y123.014 E404.48318
M204 S5000
M205 X30 Y30
G0 F7200 X111.796 Y123.11
M204 S500
M205 X20 Y20
G1 F3600 X113.527 Y124.841 E404.5646
G1 X113.597 Y124.911
M204 S5000
M205 X30 Y30
G0 F7200 X113.597 Y124.902
G0 X115.814 Y124.841
M204 S500
M205 X20 Y20
G1 F3600 X120.224 Y120.432 E404.77201
M204 S5000
M205 X30 Y30
G0 F7200 X119.984 Y119.984
M204 S500
M205 X20 Y20
G1 F3600 X115.014 Y115.014 E405.00578
M204 S5000
M205 X30 Y30
G0 F7200 X114.775 Y114.567
M204 S500
M205 X20 Y20
G1 F3600 X119.185 Y110.157 E405.21322
G1 X119.255 Y110.087
M204 S5000
M205 X30 Y30
G0 F7200 X119.255 Y110.098
G0 X121.471 Y110.158
M204 S500
M205 X20 Y20
G1 F3600 X123.203 Y111.889 E405.29466
M204 S5000
M205 X30 Y30
G0 F7200 X123.014 Y111.985
M204 S500
M205 X20 Y20
G1 F3600 X124.842 Y110.157 E405.38064
G1 X124.912 Y110.087
M204 S5000
M205 X30 Y30
G0 F7200 X124.912 Y110.098
G0 X127.128 Y110.158
M204 S500
M205 X20 Y20
G1 F3600 X131.425 Y114.455 E405.58276
M204 S5000
M205 X30 Y30
G0 F7200 X131.424 Y114.888
M204 S500
M205 X20 Y20
G1 F3600 X131.255 Y115.058 E405.59073
M204 S5000
M205 X30 Y30
G0 F7200 X128.431 Y112.224
M204 S500
M205 X20 Y20
G1 F3600 X130.499 Y110.157 E405.68798
G1 X130.569 Y110.087
M204 S5000
M205 X30 Y30
G0 F7200 X130.569 Y110.098
G0 X131.256 Y119.942
M204 S500
M205 X20 Y20
G1 F3600 X131.425 Y120.111 E405.69593
M204 S5000
M205 X30 Y30
G0 F7200 X131.424 Y120.545
M204 S500
M205 X20 Y20
G1 F3600 X127.128 Y124.841 E405.898
G1 X127.058 Y124.911
M204 S5000
M205 X30 Y30
G0 F7200 X127.058 Y124.902
G0 X124.841 Y124.841
M204 S500
M205 X20 Y20
G1 F3600 X123.015 Y123.015 E405.98389
M204 S5000
M205 X30 Y30
G0 F7200 X123.204 Y123.109
M204 S500
M205 X20 Y20
G1 F3600 X121.471 Y124.841 E406.06538
G1 X121.401 Y124.911
M204 S5000
M205 X30 Y30
G0 F7200 X121.401 Y124.902
G0 X119.184 Y124.841
M204 S500
M205 X20 Y20
G1 F3600 X114.774 Y120.431 E406.27282
M204 S5000
M205 X30 Y30
G0 F7200 X115.015 Y119.983
M204 S500
M205 X20 Y20
G1 F3600 X119.983 Y115.015 E406.5065
M204 S5000
M205 X30 Y30
G0 F7200 X120.224 Y114.567
M204 S500
M205 X20 Y20
G1 F3600 X115.814 Y110.158 E406.71391
G1 X115.744 Y110.088
M204 S5000
M205 X30 Y30
G0 F7200 X115.744 Y110.098
G0 X113.528 Y110.157
M204 S500
M205 X20 Y20
G1 F3600 X111.796 Y111.889 E406.79537
M204 S5000
M205 X30 Y30
G0 F7200 X111.983 Y111.983
M204 S500
M205 X20 Y20
G1 F3600 X110.158 Y110.158 E406.88122
G1 X110.088 Y110.088
M204 S5000
M205 X30 Y30
G0 F7200 X110.088 Y110.098
G0 X106.222 Y115.309
G0 X105.858 Y115.991
G0 X105.633 Y116.732
G0 X105.557 Y117.5
G0 X105.599 Y117.934
G0 X106.568 Y122.774
M204 S500
M205 X20 Y20
G1 F3600 X104.501 Y124.841 E406.97844
G1 X104.431 Y124.911
M204 S5000
M205 X30 Y30
G0 F7200 X104.431 Y124.902
G0 X128.432 Y122.775
M204 S500
M205 X20 Y20
G1 F3600 X130.497 Y124.841 E407.0756
G1 X130.567 Y124.911
M204 S5000
M205 X30 Y30
G0 F7200 X130.567 Y124.902
G0 X131.516 Y124.932
G0 X131.586 Y125.002
M204 S500
M205 X20 Y20
;TYPE:WALL-INNER
G1 F3600 X103.414 Y125.002 E408.0126
G1 X103.414 Y109.998 E408.51164
G1 X131.586 Y109.998 E409.44864
G1 X131.586 Y125.002 E409.94768
M204 S5000
M205 X30 Y30
G0 F7200 X131.516 Y124.932
G0 X129.142 Y115.991
G0 X128.778 Y115.309
G0 X128.287 Y114.713
G0 X127.691 Y114.222
G0 X127.009 Y113.858
G0 X126.268 Y113.633
G0 X125.5 Y113.557
G0 X124.732 Y113.633
G0 X124.523 Y113.696
G0 X123.276 Y114.172
G0 X123.331 Y114.255
M204 S500
M205 X20 Y20
G1 F3600 X122.741 Y114.741 E409.9731
G1 X122.255 Y115.331 E409.99852
G1 X121.894 Y116.006 E410.02398
G1 X121.672 Y116.739 E410.04946
G1 X121.597 Y117.5 E410.07489
G1 X121.672 Y118.261 E410.10032
G1 X121.894 Y118.994 E410.1258
G1 X122.255 Y119.669 E410.15126
G1 X122.741 Y120.259 E410.17668
G1 X123.331 Y120.745 E410.2021
G1 X124.006 Y121.106 E410.22756
G1 X124.739 Y121.328 E410.25304
G1 X125.5 Y121.403 E410.27847
G1 X126.261 Y121.328 E410.3039
G1 X126.994 Y121.106 E410.32938
G1 X127.669 Y120.745 E410.35484
G1 X128.259 Y120.259 E410.38026
G1 X128.745 Y119.669 E410.40568
G1 X129.106 Y118.994 E410.43114
G1 X129.328 Y118.261 E410.45662
G1 X129.403 Y117.5 E410.48205
G1 X129.328 Y116.739 E410.50748
G1 X129.106 Y116.006 E410.53296
G1 X128.745 Y115.331 E410.55842
G1 X128.259 Y114.741 E410.58384
G1 X127.669 Y114.255 E410.60926
G1 X126.994 Y113.894 E410.63472
G1 X126.261 Y113.672 E410.6602
G1 X125.5 Y113.597 E410.68563
G1 X124.739 Y113.672 E410.71106
G1 X124.006 Y113.894 E410.73654
G1 X123.331 Y114.255 E410.762
M204 S5000
M205 X30 Y30
G0 F7200 X123.276 Y114.172
G0 X109.5 Y113.557
G0 X108.732 Y113.633
G0 X108.523 Y113.696
G0 X107.276 Y114.172
G0 X107.331 Y114.255
M204 S500
M205 X20 Y20
G1 F3600 X106.741 Y114.741 E410.78742
G1 X106.255 Y115.331 E410.81285
G1 X105.894 Y116.006 E410.83831
G1 X105.672 Y116.739 E410.86378
G1 X105.597 Y117.5 E410.88921
G1 X105.672 Y118.261 E410.91465
G1 X105.894 Y118.994 E410.94012
G1 X106.255 Y119.669 E410.96558
G1 X106.741 Y120.259 E410.991
G1 X107.331 Y120.745 E411.01643
G1 X108.006 Y121.106 E411.04189
G1 X108.739 Y121.328 E411.06736
G1 X109.5 Y121.403 E411.09279
G1 X110.261 Y121.328 E411.11823
G1 X110.994 Y121.106 E411.1437
G1 X111.669 Y120.745 E411.16916
G1 X112.259 Y120.259 E411.19458
G1 X112.745 Y119.669 E411.22001
G1 X113.106 Y118.994 E411.24547
G1 X113.328 Y118.261 E411.27094
G1 X113.403 Y117.5 E411.29637
G1 X113.328 Y116.739 E411.32181
G1 X113.106 Y116.006 E411.34728
G1 X112.745 Y115.331 E411.37274
G1 X112.259 Y114.741 E411.39816
G1 X111.669 Y114.255 E411.42359
G1 X110.994 Y113.894 E411.44905
G1 X110.261 Y113.672 E411.47452
G1 X109.5 Y113.597 E411.49995
G1 X108.739 Y113.672 E411.52539
G1 X108.006 Y113.894 E411.55086
G1 X107.331 Y114.255 E411.57632
M204 S5000
M205 X30 Y30
G0 F7200 X107.276 Y114.172
G0 X107.925 Y113.824
G0 X108.16 Y114.265
M204 S500
M205 X20 Y20
;TYPE:WALL-OUTER
G1 F1800 X107.555 Y114.589 E411.59915
G1 X107.025 Y115.025 E411.62197
G1 X106.589 Y115.555 E411.6448
G1 X106.265 Y116.16 E411.66763
G1 X106.066 Y116.817 E411.69046
G1 X105.999 Y117.5 E411.71328
G1 X106.066 Y118.183 E411.73611
G1 X106.265 Y118.84 E411.75894
G1 X106.589 Y119.445 E411.78177
G1 X107.025 Y119.975 E411.80459
G1 X107.555 Y120.411 E411.82742
G1 X108.16 Y120.735 E411.85025
G1 X108.817 Y120.934 E411.87308
G1 X109.5 Y121.001 E411.8959
G1 X110.183 Y120.934 E411.91873
G1 X110.84 Y120.735 E411.94156
G1 X111.445 Y120.411 E411.96439
G1 X111.975 Y119.975 E411.98721
G1 X112.411 Y119.445 E412.01004
G1 X112.735 Y118.84 E412.03287
G1 X112.934 Y118.183 E412.0557
G1 X113.001 Y117.5 E412.07853
G1 X112.934 Y116.817 E412.10135
G1 X112.735 Y116.16 E412.12418
G1 X112.411 Y115.555 E412.14701
G1 X111.975 Y115.025 E412.16984
G1 X111.445 Y114.589 E412.19266
G1 X110.84 Y114.265 E412.21549
G1 X110.183 Y114.066 E412.23832
G1 X109.5 Y113.999 E412.26115
G1 X108.817 Y114.066 E412.28397
G1 X108.16 Y114.265 E412.3068
M204 S5000
M205 X30 Y30
G0 F7200 X107.984 Y114.359
G0 X107.749 Y113.918
G0 X108.732 Y113.633
G0 X109.166 Y113.591
G0 X123.925 Y113.824
G0 X124.16 Y114.265
M204 S500
M205 X20 Y20
G1 F1800 X123.555 Y114.589 E412.32963
G1 X123.025 Y115.025 E412.35246
G1 X122.589 Y115.555 E412.37528
G1 X122.265 Y116.16 E412.39811
G1 X122.066 Y116.817 E412.42094
G1 X121.999 Y117.5 E412.44377
G1 X122.066 Y118.183 E412.46659
G1 X122.265 Y118.84 E412.48942
G1 X122.589 Y119.445 E412.51225
G1 X123.025 Y119.975 E412.53508
G1 X123.555 Y120.411 E412.5579
G1 X124.16 Y120.735 E412.58073
G1 X124.817 Y120.934 E412.60356
G1 X125.5 Y121.001 E412.62639
G1 X126.183 Y120.934 E412.64921
G1 X126.84 Y120.735 E412.67205
G1 X127.445 Y120.411 E412.69487
G1 X127.975 Y119.975 E412.7177
G1 X128.411 Y119.445 E412.74052
G1 X128.735 Y118.84 E412.76335
G1 X128.934 Y118.183 E412.78618
G1 X129.001 Y117.5 E412.80901
G1 X128.934 Y116.817 E412.83183
G1 X128.735 Y116.16 E412.85467
G1 X128.411 Y115.555 E412.87749
G1 X127.975 Y115.025 E412.90032
G1 X127.445 Y114.589 E412.92315
G1 X126.84 Y114.265 E412.94597
G1 X126.183 Y114.066 E412.9688
G1 X125.5 Y113.999 E412.99163
G1 X124.817 Y114.066 E413.01446
G1 X124.16 Y114.265 E413.03729
M204 S5000
M205 X30 Y30
G0 F7200 X123.984 Y114.359
G0 X123.749 Y113.918
G0 X131.516 Y110.068
G0 X131.873 Y109.667
M204 S500
M205 X20 Y20
G1 F1800 X131.986 Y109.825 E413.04375
G1 X131.986 Y125.175 E413.55429
G1 X131.873 Y125.333 E413.56075
G1 X131.682 Y125.402 E413.56751
G1 X103.318 Y125.402 E414.5109
G1 X103.127 Y125.333 E414.51765
G1 X103.014 Y125.175 E414.52411
G1 X103.014 Y109.825 E415.03466
G1 X103.127 Y109.667 E415.04112
G1 X103.318 Y109.598 E415.04787
G1 X131.682 Y109.598 E415.99126
G1 X131.873 Y109.667 E415.99802
M204 S5000
M205 X30 Y30
G0 F7200 X131.986 Y109.825
G0 X131.986 Y109.831
G0 X131.516 Y110.068
G0 X129.823 Y113.177
M204 S500
M205 X20 Y20
;TYPE:SKIN
G1 F1800 X130.585 Y114.107 E416.038
G1 X131.147 Y115.157 E416.07762
G1 X131.196 Y115.319 E416.08324
G1 X131.196 Y119.681 E416.22833
G1 X131.147 Y119.843 E416.23395
G1 X130.585 Y120.893 E416.27357
G1 X129.823 Y121.823 E416.31355
G1 X128.893 Y122.585 E416.35354
G1 X127.843 Y123.147 E416.39315
G1 X126.694 Y123.496 E416.43309
G1 X125.5 Y123.613 E416.473
G1 X124.306 Y123.496 E416.5129
G1 X123.157 Y123.147 E416.55284
G1 X122.107 Y122.585 E416.59245
G1 X121.177 Y121.823 E416.63244
G1 X120.415 Y120.893 E416.67243
G1 X119.853 Y119.843 E416.71204
G1 X119.504 Y118.694 E416.75198
G1 X119.387 Y117.5 E416.79188
G1 X119.504 Y116.306 E416.83178
G1 X119.853 Y115.157 E416.87172
G1 X120.415 Y114.107 E416.91134
G1 X121.177 Y113.177 E416.95132
G1 X122.107 Y112.415 E416.99131
G1 X123.157 Y111.853 E417.03092
G1 X124.306 Y111.504 E417.07086
G1 X125.5 Y111.387 E417.11077
G1 X126.694 Y111.504 E417.15067
G1 X127.843 Y111.853 E417.19061
G1 X128.893 Y112.415 E417.23022
G1 X129.823 Y113.177 E417.27021
M204 S5000
M205 X30 Y30
G0 F7200 X128.536 Y114.464
M204 S500
M205 X20 Y20
G1 F1800 X127.887 Y113.929 E417.29818
G1 X127.144 Y113.532 E417.3262
G1 X126.337 Y113.288 E417.35424
G1 X125.5 Y113.205 E417.38222
G1 X124.663 Y113.288 E417.41019
G1 X123.856 Y113.532 E417.43824
G1 X123.113 Y113.929 E417.46625
G1 X122.464 Y114.464 E417.49423
G1 X121.929 Y115.113 E417.5222
G1 X121.532 Y115.856 E417.55022
G1 X121.288 Y116.663 E417.57826
G1 X121.205 Y117.5 E417.60624
G1 X121.288 Y118.337 E417.63421
G1 X121.532 Y119.144 E417.66225
G1 X121.929 Y119.887 E417.69027
G1 X122.464 Y120.536 E417.71825
G1 X123.113 Y121.071 E417.74622
G1 X123.856 Y121.468 E417.77424
G1 X124.663 Y121.712 E417.80228
G1 X125.5 Y121.795 E417.83026
G1 X126.337 Y121.712 E417.85823
G1 X127.144 Y121.468 E417.88627
G1 X127.887 Y121.071 E417.91429
G1 X128.536 Y120.536 E417.94227
G1 X129.071 Y119.887 E417.97024
G1 X129.468 Y119.144 E417.99826
G1 X129.712 Y118.337 E418.0263
G1 X129.795 Y117.5 E418.05428
G1 X129.712 Y116.663 E418.08225
G1 X129.468 Y115.856 E418.11029
G1 X129.071 Y115.113 E418.13831
G1 X128.536 Y114.464 E418.16629
M204 S5000
M205 X30 Y30
G0 F7200 X129.295 Y115.153
M204 S500
M205 X20 Y20
G1 F1800 X131.014 Y116.872 E418.24714
M204 S5000
M205 X30 Y30
G0 F7200 X131.014 Y116.307
M204 S500
M205 X20 Y20
G1 F1800 X126.359 Y111.652 E418.4661
M204 S5000
M205 X30 Y30
G0 F7200 X127.082 Y111.809
M204 S500
M205 X20 Y20
G1 F1800 X131.014 Y115.741 E418.65105
M204 S5000
M205 X30 Y30
G0 F7200 X130.884 Y115.044
M204 S500
M205 X20 Y20
G1 F1800 X127.954 Y112.115 E418.78884
G1 X127.884 Y112.045
M204 S5000
M205 X30 Y30
G0 F7200 X127.845 Y113.703
M204 S500
M205 X20 Y20
G1 F1800 X125.733 Y111.591 E418.88819
M204 S5000
M205 X30 Y30
G0 F7200 X125.176 Y111.599
M204 S500
M205 X20 Y20
G1 F1800 X126.822 Y113.245 E418.96561
M204 S5000
M205 X30 Y30
G0 F7200 X126.093 Y113.082
M204 S500
M205 X20 Y20
G1 F1800 X124.66 Y111.65 E419.03299
M204 S5000
M205 X30 Y30
G0 F7200 X124.175 Y111.73
M204 S500
M205 X20 Y20
G1 F1800 X125.471 Y113.026 E419.09395
M204 S5000
M205 X30 Y30
G0 F7200 X124.957 Y113.077
M204 S500
M205 X20 Y20
G1 F1800 X123.741 Y111.862 E419.15112
M204 S5000
M205 X30 Y30
G0 F7200 X123.308 Y111.994
M204 S500
M205 X20 Y20
G1 F1800 X124.471 Y113.157 E419.20583
M204 S5000
M205 X30 Y30
G0 F7200 X124.036 Y113.288
M204 S500
M205 X20 Y20
G1 F1800 X122.926 Y112.178 E419.25804
M204 S5000
M205 X30 Y30
G0 F7200 X122.558 Y112.376
M204 S500
M205 X20 Y20
G1 F1800 X123.629 Y113.447 E419.30841
M204 S5000
M205 X30 Y30
G0 F7200 X123.261 Y113.644
M204 S500
M205 X20 Y20
G1 F1800 X122.193 Y112.577 E419.35863
M204 S5000
M205 X30 Y30
G0 F7200 X121.883 Y112.832
M204 S500
M205 X20 Y20
G1 F1800 X122.91 Y113.859 E419.40693
M204 S5000
M205 X30 Y30
G0 F7200 X122.601 Y114.115
M204 S500
M205 X20 Y20
G1 F1800 X121.572 Y113.086 E419.45533
M204 S5000
M205 X30 Y30
G0 F7200 X121.268 Y113.348
M204 S500
M205 X20 Y20
G1 F1800 X122.299 Y114.38 E419.50385
M204 S5000
M205 X30 Y30
G0 F7200 X122.043 Y114.689
M204 S500
M205 X20 Y20
G1 F1800 X121.013 Y113.659 E419.5523
M204 S5000
M205 X30 Y30
G0 F7200 X120.758 Y113.97
M204 S500
M205 X20 Y20
G1 F1800 X121.787 Y114.999 E419.6007
M204 S5000
M205 X30 Y30
G0 F7200 X121.589 Y115.366
M204 S500
M205 X20 Y20
G1 F1800 X120.517 Y114.294 E419.65113
M204 S5000
M205 X30 Y30
G0 F7200 X120.319 Y114.662
M204 S500
M205 X20 Y20
G1 F1800 X121.391 Y115.734 E419.70155
M204 S5000
M205 X30 Y30
G0 F7200 X121.251 Y116.159
M204 S500
M205 X20 Y20
G1 F1800 X120.121 Y115.03 E419.75468
M204 S5000
M205 X30 Y30
G0 F7200 X119.955 Y115.43
M204 S500
M205 X20 Y20
G1 F1800 X121.12 Y116.594 E419.80945
M204 S5000
M205 X30 Y30
G0 F7200 X121.063 Y117.103
M204 S500
M205 X20 Y20
G1 F1800 X119.824 Y115.864 E419.86773
M204 S5000
M205 X30 Y30
G0 F7200 X119.692 Y116.298
M204 S500
M205 X20 Y20
G1 F1800 X121.037 Y117.643 E419.93099
M204 S5000
M205 X30 Y30
G0 F7200 X121.1 Y118.272
M204 S500
M205 X20 Y20
G1 F1800 X119.634 Y116.806 E419.99995
M204 S5000
M205 X30 Y30
G0 F7200 X119.584 Y117.321
M204 S500
M205 X20 Y20
G1 F1800 X121.315 Y119.052 E420.08137
G1 X121.385 Y119.122
M204 S5000
M205 X30 Y30
G0 F7200 X119.877 Y119.311
M204 S500
M205 X20 Y20
G1 F1800 X123.686 Y123.12 E420.26054
G1 X123.756 Y123.19
M204 S5000
M205 X30 Y30
G0 F7200 X122.697 Y122.697
M204 S500
M205 X20 Y20
G1 F1800 X120.3 Y120.3 E420.37328
G1 X120.23 Y120.23
M204 S5000
M205 X30 Y30
G0 F7200 X119.667 Y118.536
M204 S500
M205 X20 Y20
G1 F1800 X124.462 Y123.33 E420.5988
M204 S5000
M205 X30 Y30
G0 F7200 X125.088 Y123.391
M204 S500
M205 X20 Y20
G1 F1800 X122.48 Y120.783 E420.72147
M204 S5000
M205 X30 Y30
G0 F7200 X122.214 Y120.517
M204 S500
M205 X20 Y20
G1 F1800 X119.607 Y117.91 E420.8441
G1 X119.537 Y117.84
M204 S5000
M205 X30 Y30
G0 F7200 X123.947 Y121.684
M204 S500
M205 X20 Y20
G1 F1800 X125.676 Y123.414 E420.92545
M204 S5000
M205 X30 Y30
G0 F7200 X126.192 Y123.363
M204 S500
M205 X20 Y20
G1 F1800 X124.727 Y121.899 E420.99434
M204 S5000
M205 X30 Y30
G0 F7200 X125.355 Y121.961
M204 S500
M205 X20 Y20
G1 F1800 X126.7 Y123.305 E421.05758
M204 S5000
M205 X30 Y30
G0 F7200 X127.134 Y123.174
M204 S500
M205 X20 Y20
G1 F1800 X125.896 Y121.937 E421.11578
M204 S5000
M205 X30 Y30
G0 F7200 X126.405 Y121.879
M204 S500
M205 X20 Y20
G1 F1800 X127.568 Y123.042 E421.17049
M204 S5000
M205 X30 Y30
G0 F7200 X127.967 Y122.876
M204 S500
M205 X20 Y20
G1 F1800 X126.84 Y121.748 E421.22352
M204 S5000
M205 X30 Y30
G0 F7200 X127.265 Y121.608
M204 S500
M205 X20 Y20
G1 F1800 X128.336 Y122.679 E421.2739
M204 S5000
M205 X30 Y30
G0 F7200 X128.704 Y122.481
M204 S500
M205 X20 Y20
G1 F1800 X127.633 Y121.41 E421.32428
M204 S5000
M205 X30 Y30
G0 F7200 X128 Y121.212
M204 S500
M205 X20 Y20
G1 F1800 X129.027 Y122.239 E421.37258
M204 S5000
M205 X30 Y30
G0 F7200 X129.339 Y121.985
M204 S500
M205 X20 Y20
G1 F1800 X128.31 Y120.956 E421.42098
M204 S5000
M205 X30 Y30
G0 F7200 X128.619 Y120.7
M204 S500
M205 X20 Y20
G1 F1800 X129.65 Y121.73 E421.46946
M204 S5000
M205 X30 Y30
G0 F7200 X129.913 Y121.427
M204 S500
M205 X20 Y20
G1 F1800 X128.882 Y120.397 E421.51793
M204 S5000
M205 X30 Y30
G0 F7200 X129.138 Y120.087
M204 S500
M205 X20 Y20
G1 F1800 X130.167 Y121.116 E421.56633
M204 S5000
M205 X30 Y30
G0 F7200 X130.423 Y120.806
M204 S500
M205 X20 Y20
G1 F1800 X129.354 Y119.737 E421.61661
M204 S5000
M205 X30 Y30
G0 F7200 X129.551 Y119.368
M204 S500
M205 X20 Y20
G1 F1800 X130.623 Y120.441 E421.66706
M204 S5000
M205 X30 Y30
G0 F7200 X130.821 Y120.073
M204 S500
M205 X20 Y20
G1 F1800 X129.71 Y118.962 E421.71932
M204 S5000
M205 X30 Y30
G0 F7200 X129.841 Y118.527
M204 S500
M205 X20 Y20
G1 F1800 X131.004 Y119.691 E421.77404
M204 S5000
M205 X30 Y30
G0 F7200 X131.014 Y119.135
M204 S500
M205 X20 Y20
G1 F1800 X129.92 Y118.041 E421.8255
M204 S5000
M205 X30 Y30
G0 F7200 X129.971 Y117.526
M204 S500
M205 X20 Y20
G1 F1800 X131.014 Y118.569 E421.87456
M204 S5000
M205 X30 Y30
G0 F7200 X131.014 Y118.004
M204 S500
M205 X20 Y20
G1 F1800 X129.916 Y116.905 E421.92623
M204 S5000
M205 X30 Y30
G0 F7200 X129.752 Y116.176
M204 S500
M205 X20 Y20
G1 F1800 X131.014 Y117.438 E421.98559
G1 X131.084 Y117.508
M204 S5000
M205 X30 Y30
G0 F7200 X128.287 Y120.287
G0 X127.691 Y120.778
G0 X127.009 Y121.142
G0 X126.268 Y121.367
G0 X125.5 Y121.443
G0 X124.732 Y121.367
G0 X124.313 Y121.241
G0 X115.613 Y117.5
M204 S500
M205 X20 Y20
G1 F1800 X115.496 Y118.694 E422.02549
G1 X115.147 Y119.843 E422.06543
G1 X114.585 Y120.893 E422.10505
G1 X113.823 Y121.823 E422.14503
G1 X112.893 Y122.585 E422.18502
G1 X111.843 Y123.147 E422.22463
G1 X110.694 Y123.496 E422.26457
G1 X109.5 Y123.613 E422.30448
G1 X108.306 Y123.496 E422.34438
G1 X107.157 Y123.147 E422.38432
G1 X106.107 Y122.585 E422.42393
G1 X105.177 Y121.823 E422.46392
G1 X104.415 Y120.893 E422.50391
G1 X103.853 Y119.843 E422.54352
G1 X103.804 Y119.681 E422.54915
G1 X103.804 Y115.319 E422.69423
G1 X103.853 Y115.157 E422.69986
G1 X104.415 Y114.107 E422.73947
G1 X105.177 Y113.177 E422.77946
G1 X106.107 Y112.415 E422.81945
G1 X107.157 Y111.853 E422.85906
G1 X108.306 Y111.504 E422.899
G1 X109.5 Y111.387 E422.9389
G1 X110.694 Y111.504 E422.9788
G1 X111.843 Y111.853 E423.01874
G1 X112.893 Y112.415 E423.05835
G1 X113.823 Y113.177 E423.09834
G1 X114.585 Y114.107 E423.13833
G1 X115.147 Y115.157 E423.17794
G1 X115.496 Y116.306 E423.21788
G1 X115.613 Y117.5 E423.25779
M204 S5000
M205 X30 Y30
G0 F7200 X113.795 Y117.5
M204 S500
M205 X20 Y20
G1 F1800 X113.712 Y116.663 E423.28576
G1 X113.468 Y115.856 E423.3138
G1 X113.071 Y115.113 E423.34182
G1 X112.536 Y114.464 E423.3698
G1 X111.887 Y113.929 E423.39777
G1 X111.144 Y113.532 E423.42579
G1 X110.337 Y113.288 E423.45383
G1 X109.5 Y113.205 E423.48181
G1 X108.663 Y113.288 E423.50978
G1 X107.856 Y113.532 E423.53782
G1 X107.113 Y113.929 E423.56584
G1 X106.464 Y114.464 E423.59381
G1 X105.929 Y115.113 E423.62179
G1 X105.532 Y115.856 E423.64981
G1 X105.288 Y116.663 E423.67785
G1 X105.205 Y117.5 E423.70582
G1 X105.288 Y118.337 E423.7338
G1 X105.532 Y119.144 E423.76184
G1 X105.929 Y119.887 E423.78986
G1 X106.464 Y120.536 E423.81783
G1 X107.113 Y121.071 E423.84581
G1 X107.856 Y121.468 E423.87383
G1 X108.663 Y121.712 E423.90187
G1 X109.5 Y121.795 E423.92984
G1 X110.337 Y121.712 E423.95782
G1 X111.144 Y121.468 E423.98586
G1 X111.887 Y121.071 E424.01388
G1 X112.536 Y120.536 E424.04185
G1 X113.071 Y119.887 E424.06983
G1 X113.468 Y119.144 E424.09785
G1 X113.712 Y118.337 E424.12589
G1 X113.795 Y117.5 E424.15386
M204 S5000
M205 X30 Y30
G0 F7200 X112.782 Y114.479
M204 S500
M205 X20 Y20
G1 F1800 X115.392 Y117.089 E424.27663
M204 S5000
M205 X30 Y30
G0 F7200 X115.414 Y117.677
M204 S500
M205 X20 Y20
G1 F1800 X113.684 Y115.947 E424.358
G1 X113.614 Y115.877
M204 S5000
M205 X30 Y30
G0 F7200 X112.516 Y114.213
M204 S500
M205 X20 Y20
G1 F1800 X109.91 Y111.607 E424.48058
M204 S5000
M205 X30 Y30
G0 F7200 X109.322 Y111.584
M204 S500
M205 X20 Y20
G1 F1800 X111.052 Y113.315 E424.56198
G1 X111.122 Y113.385
M204 S5000
M205 X30 Y30
G0 F7200 X110.271 Y113.1
M204 S500
M205 X20 Y20
G1 F1800 X108.806 Y111.635 E424.63089
M204 S5000
M205 X30 Y30
G0 F7200 X108.299 Y111.693
M204 S500
M205 X20 Y20
G1 F1800 X109.643 Y113.037 E424.69411
M204 S5000
M205 X30 Y30
G0 F7200 X109.102 Y113.062
M204 S500
M205 X20 Y20
G1 F1800 X107.864 Y111.824 E424.75234
M204 S5000
M205 X30 Y30
G0 F7200 X107.43 Y111.956
M204 S500
M205 X20 Y20
G1 F1800 X108.593 Y113.119 E424.80704
M204 S5000
M205 X30 Y30
G0 F7200 X108.159 Y113.25
M204 S500
M205 X20 Y20
G1 F1800 X107.031 Y112.122 E424.8601
M204 S5000
M205 X30 Y30
G0 F7200 X106.662 Y112.319
M204 S500
M205 X20 Y20
G1 F1800 X107.734 Y113.391 E424.91052
M204 S5000
M205 X30 Y30
G0 F7200 X107.366 Y113.588
M204 S500
M205 X20 Y20
G1 F1800 X106.295 Y112.517 E424.9609
M204 S5000
M205 X30 Y30
G0 F7200 X105.971 Y112.759
M204 S500
M205 X20 Y20
G1 F1800 X106.999 Y113.787 E425.00925
M204 S5000
M205 X30 Y30
G0 F7200 X106.689 Y114.043
M204 S500
M205 X20 Y20
G1 F1800 X105.66 Y113.014 E425.05765
M204 S5000
M205 X30 Y30
G0 F7200 X105.349 Y113.268
M204 S500
M205 X20 Y20
G1 F1800 X106.379 Y114.298 E425.1061
M204 S5000
M205 X30 Y30
G0 F7200 X106.116 Y114.602
M204 S500
M205 X20 Y20
G1 F1800 X105.085 Y113.571 E425.1546
M204 S5000
M205 X30 Y30
G0 F7200 X104.831 Y113.882
M204 S500
M205 X20 Y20
G1 F1800 X105.86 Y114.911 E425.203
M204 S5000
M205 X30 Y30
G0 F7200 X105.645 Y115.262
M204 S500
M205 X20 Y20
G1 F1800 X104.576 Y114.192 E425.2533
M204 S5000
M205 X30 Y30
G0 F7200 X104.375 Y114.557
M204 S500
M205 X20 Y20
G1 F1800 X105.448 Y115.631 E425.3038
M204 S5000
M205 X30 Y30
G0 F7200 X105.289 Y116.037
M204 S500
M205 X20 Y20
G1 F1800 X104.178 Y114.926 E425.35606
M204 S5000
M205 X30 Y30
G0 F7200 X103.994 Y115.307
M204 S500
M205 X20 Y20
G1 F1800 X105.158 Y116.471 E425.41081
M204 S5000
M205 X30 Y30
G0 F7200 X105.078 Y116.957
M204 S500
M205 X20 Y20
G1 F1800 X103.984 Y115.863 E425.46227
M204 S5000
M205 X30 Y30
G0 F7200 X103.984 Y116.429
M204 S500
M205 X20 Y20
G1 F1800 X105.027 Y117.472 E425.51133
M204 S5000
M205 X30 Y30
G0 F7200 X105.083 Y118.094
M204 S500
M205 X20 Y20
G1 F1800 X103.984 Y116.995 E425.56302
M204 S5000
M205 X30 Y30
G0 F7200 X103.984 Y117.56
M204 S500
M205 X20 Y20
G1 F1800 X105.247 Y118.823 E425.62243
G1 X105.317 Y118.893
M204 S5000
M205 X30 Y30
G0 F7200 X105.703 Y119.845
M204 S500
M205 X20 Y20
G1 F1800 X103.984 Y118.126 E425.70328
M204 S5000
M205 X30 Y30
G0 F7200 X103.984 Y118.692
M204 S500
M205 X20 Y20
G1 F1800 X108.639 Y123.346 E425.92222
M204 S5000
M205 X30 Y30
G0 F7200 X109.265 Y123.407
M204 S500
M205 X20 Y20
G1 F1800 X107.153 Y121.295 E426.02156
G1 X107.083 Y121.225
M204 S5000
M205 X30 Y30
G0 F7200 X108.176 Y121.753
M204 S500
M205 X20 Y20
G1 F1800 X109.822 Y123.399 E426.09898
M204 S5000
M205 X30 Y30
G0 F7200 X110.338 Y123.349
M204 S500
M205 X20 Y20
G1 F1800 X108.905 Y121.916 E426.16639
M204 S5000
M205 X30 Y30
G0 F7200 X109.528 Y121.973
M204 S500
M205 X20 Y20
G1 F1800 X110.823 Y123.268 E426.2273
M204 S5000
M205 X30 Y30
G0 F7200 X111.257 Y123.136
M204 S500
M205 X20 Y20
G1 F1800 X110.042 Y121.922 E426.28442
M204 S5000
M205 X30 Y30
G0 F7200 X110.528 Y121.842
M204 S500
M205 X20 Y20
G1 F1800 X111.691 Y123.004 E426.3391
M204 S5000
M205 X30 Y30
G0 F7200 X112.072 Y122.82
M204 S500
M205 X20 Y20
G1 F1800 X110.962 Y121.71 E426.39132
M204 S5000
M205 X30 Y30
G0 F7200 X111.369 Y121.551
M204 S500
M205 X20 Y20
G1 F1800 X112.44 Y122.622 E426.44169
M204 S5000
M205 X30 Y30
G0 F7200 X112.805 Y122.422
M204 S500
M205 X20 Y20
G1 F1800 X111.737 Y121.354 E426.49193
M204 S5000
M205 X30 Y30
G0 F7200 X112.088 Y121.139
M204 S500
M205 X20 Y20
G1 F1800 X113.115 Y122.166 E426.54023
M204 S5000
M205 X30 Y30
G0 F7200 X113.426 Y121.912
M204 S500
M205 X20 Y20
G1 F1800 X112.398 Y120.883 E426.58861
M204 S5000
M205 X30 Y30
G0 F7200 X112.699 Y120.618
M204 S500
M205 X20 Y20
G1 F1800 X113.731 Y121.65 E426.63715
M204 S5000
M205 X30 Y30
G0 F7200 X113.985 Y121.339
M204 S500
M205 X20 Y20
G1 F1800 X112.955 Y120.309 E426.6856
M204 S5000
M205 X30 Y30
G0 F7200 X113.211 Y119.999
M204 S500
M205 X20 Y20
G1 F1800 X114.24 Y121.028 E426.734
M204 S5000
M205 X30 Y30
G0 F7200 X114.482 Y120.704
M204 S500
M205 X20 Y20
G1 F1800 X113.41 Y119.633 E426.7844
M204 S5000
M205 X30 Y30
G0 F7200 X113.607 Y119.264
M204 S500
M205 X20 Y20
G1 F1800 X114.679 Y120.336 E426.83483
M204 S5000
M205 X30 Y30
G0 F7200 X114.877 Y119.968
M204 S500
M205 X20 Y20
G1 F1800 X113.748 Y118.839 E426.88793
M204 S5000
M205 X30 Y30
G0 F7200 X113.879 Y118.405
M204 S500
M205 X20 Y20
G1 F1800 X115.043 Y119.568 E426.94266
M204 S5000
M205 X30 Y30
G0 F7200 X115.174 Y119.134
M204 S500
M205 X20 Y20
G1 F1800 X113.936 Y117.895 E427.00091
M204 S5000
M205 X30 Y30
G0 F7200 X113.961 Y117.355
M204 S500
M205 X20 Y20
G1 F1800 X115.306 Y118.7 E427.06418
M204 S5000
M205 X30 Y30
G0 F7200 X115.364 Y118.192
M204 S500
M205 X20 Y20
G1 F1800 X113.898 Y116.727 E427.13311
G1 X113.828 Y116.657
M204 S5000
M205 X30 Y30
G0 F7200 X115.331 Y116.462
M204 S500
M205 X20 Y20
G1 F1800 X110.537 Y111.668 E427.35861
G1 X110.467 Y111.598
M204 S5000
M205 X30 Y30
G0 F7200 X111.312 Y111.878
M204 S500
M205 X20 Y20
G1 F1800 X115.121 Y115.687 E427.53777
G1 X115.191 Y115.757
M204 S5000
M205 X30 Y30
G0 F7200 X114.698 Y114.698
M204 S500
M205 X20 Y20
G1 F1800 X112.301 Y112.301 E427.65052
G1 X112.231 Y112.231
M204 S5000
M205 X30 Y30
G0 F7200 X107.991 Y113.858
G0 X107.309 Y114.222
G0 X106.713 Y114.713
G0 X106.317 Y115.195
G0 X103.984 Y119.257
M204 S500
M205 X20 Y20
G1 F1800 X107.916 Y123.19 E427.83549
G1 X107.986 Y123.26
M204 S5000
M205 X30 Y30
G0 F7200 X107.044 Y122.883
M204 S500
M205 X20 Y20
G1 F1800 X104.115 Y119.954 E427.97326
G1 X104.045 Y119.884
M204 S5000
M205 X30 Y30
G0 F7200 X103.655 Y119.777
M204 S500
M205 X20 Y20
;TYPE:SKIN
G1 F1800 X103.618 Y119.74 E427.97413
M204 S5000
M205 X30 Y30
G0 F7200 X103.648 Y115.244
G0 X103.628 Y115.224
M204 S500
M205 X20 Y20
G1 F1800 X103.692 Y115.006 E427.97653
M204 S5000
M205 X30 Y30
G0 F7200 X103.661 Y114.974
G0 X108.732 Y113.633
G0 X109.5 Y113.557
G0 X125.5 Y113.557
G0 X126.121 Y113.618
G0 X131.343 Y115.221
M204 S500
M205 X20 Y20
G1 F1800 X131.381 Y115.259 E427.97742
M204 S5000
M205 X30 Y30
G0 F7200 X131.35 Y119.754
G0 X131.37 Y119.773
M204 S500
M205 X20 Y20
G1 F1800 X131.306 Y119.992 E427.97985
M204 S5000
M205 X30 Y30
G0 F7200 X131.186 Y120.025
;MESH:NONMESH
G0 X126.268 Y121.367
G0 X125.5 Y121.443
G0 X124.732 Y121.367
G0 X124.066 Y121.165
G0 X104.501 Y110.158
;TIME_ELAPSED:449.418145
;LAYER:23
;MESH:listwa_mocujaca.stl
G0 X104.501 Y110.158 Z4.8
M204 S500
M205 X20 Y20
;TYPE:FILL
G1 F3600 X106.419 Y112.076 E428.07007
G1 X106.489 Y112.146
M204 S5000
M205 X30 Y30
G0 F7200 X106.474 Y112.117
G0 X107.871 Y110.157
M204 S500
M205 X20 Y20
G1 F3600 X103.574 Y114.455 E428.27221
G1 X103.504 Y114.525
M204 S5000
M205 X30 Y30
G0 F7200 X103.514 Y114.525
G0 X106.087 Y112.393
G0 X107.149 Y111.826
G0 X108.303 Y111.476
G0 X109.5 Y111.357
G0 X110.697 Y111.476
G0 X111.851 Y111.826
G0 X112.913 Y112.393
G0 X113.843 Y113.157
G0 X114.607 Y114.087
G0 X115.174 Y115.149
G0 X115.524 Y116.303
G0 X115.643 Y117.5
G0 X115.524 Y118.697
G0 X115.174 Y119.851
G0 X114.607 Y120.913
G0 X113.843 Y121.843
G0 X112.913 Y122.607
G0 X111.851 Y123.174
G0 X110.697 Y123.524
G0 X109.5 Y123.643
G0 X108.303 Y123.524
G0 X107.149 Y123.174
G0 X106.194 Y122.664
G0 X103.574 Y120.544
M204 S500
M205 X20 Y20
G1 F3600 X107.87 Y124.841 E428.4743
G1 X107.94 Y124.911
M204 S5000
M205 X30 Y30
G0 F7200 X107.94 Y124.902
G0 X110.158 Y124.841
M204 S500
M205 X20 Y20
G1 F3600 X111.633 Y123.366 E428.54368
M204 S5000
M205 X30 Y30
G0 F7200 X111.947 Y123.26
M204 S500
M205 X20 Y20
G1 F3600 X113.527 Y124.841 E428.61803
G1 X113.597 Y124.911
M204 S5000
M205 X30 Y30
G0 F7200 X113.597 Y124.902
G0 X115.814 Y124.841
M204 S500
M205 X20 Y20
G1 F3600 X120.077 Y120.579 E428.81852
G1 X120.147 Y120.509
M204 S5000
M205 X30 Y30
G0 F7200 X120.117 Y120.525
G0 X119.632 Y119.632
M204 S500
M205 X20 Y20
G1 F3600 X115.366 Y115.366 E429.01918
G1 X115.296 Y115.296
M204 S5000
M205 X30 Y30
G0 F7200 X114.922 Y114.42
M204 S500
M205 X20 Y20
G1 F3600 X119.185 Y110.157 E429.2197
G1 X119.255 Y110.087
M204 S5000
M205 X30 Y30
G0 F7200 X119.255 Y110.098
G0 X121.471 Y110.158
M204 S500
M205 X20 Y20
G1 F3600 X123.052 Y111.738 E429.29404
M204 S5000
M205 X30 Y30
G0 F7200 X123.367 Y111.632
M204 S500
M205 X20 Y20
G1 F3600 X124.842 Y110.157 E429.36342
G1 X124.912 Y110.087
M204 S5000
M205 X30 Y30
G0 F7200 X124.912 Y110.098
G0 X127.128 Y110.158
M204 S500
M205 X20 Y20
G1 F3600 X131.424 Y114.454 E429.56549
G1 X131.494 Y114.524
M204 S5000
M205 X30 Y30
G0 F7200 X131.486 Y114.524
G0 X128.578 Y112.077
M204 S500
M205 X20 Y20
G1 F3600 X130.499 Y110.157 E429.65583
G1 X130.569 Y110.087
M204 S5000
M205 X30 Y30
G0 F7200 X130.569 Y110.098
G0 X124.303 Y111.476
G0 X123.149 Y111.826
G0 X122.087 Y112.393
G0 X121.157 Y113.157
G0 X120.393 Y114.087
G0 X119.826 Y115.149
G0 X119.476 Y116.303
G0 X119.357 Y117.5
G0 X119.476 Y118.697
G0 X119.826 Y119.851
G0 X120.393 Y120.913
G0 X121.157 Y121.843
G0 X122.087 Y122.607
G0 X123.149 Y123.174
G0 X124.303 Y123.524
G0 X125.5 Y123.643
G0 X126.697 Y123.524
G0 X127.851 Y123.174
G0 X128.806 Y122.664
G0 X131.424 Y120.545
M204 S500
M205 X20 Y20
G1 F3600 X127.128 Y124.841 E429.8579
G1 X127.058 Y124.911
M204 S5000
M205 X30 Y30
G0 F7200 X127.058 Y124.902
G0 X124.841 Y124.841
M204 S500
M205 X20 Y20
G1 F3600 X123.367 Y123.367 E429.92723
M204 S5000
M205 X30 Y30
G0 F7200 X123.053 Y123.26
M204 S500
M205 X20 Y20
G1 F3600 X121.471 Y124.841 E430.00162
G1 X121.401 Y124.911
M204 S5000
M205 X30 Y30
G0 F7200 X121.401 Y124.902
G0 X119.184 Y124.841
M204 S500
M205 X20 Y20
G1 F3600 X114.921 Y120.578 E430.20214
G1 X114.851 Y120.508
M204 S5000
M205 X30 Y30
G0 F7200 X114.882 Y120.526
G0 X115.367 Y119.632
M204 S500
M205 X20 Y20
G1 F3600 X119.631 Y115.368 E430.4027
G1 X119.701 Y115.298
M204 S5000
M205 X30 Y30
G0 F7200 X120.077 Y114.42
M204 S500
M205 X20 Y20
G1 F3600 X115.814 Y110.158 E430.6032
G1 X115.744 Y110.088
M204 S5000
M205 X30 Y30
G0 F7200 X115.744 Y110.098
G0 X113.528 Y110.157
M204 S500
M205 X20 Y20
G1 F3600 X111.947 Y111.739 E430.67759
M204 S5000
M205 X30 Y30
G0 F7200 X111.631 Y111.631
M204 S500
M205 X20 Y20
G1 F3600 X110.158 Y110.158 E430.74687
G1 X110.088 Y110.088
M204 S5000
M205 X30 Y30
G0 F7200 X110.088 Y110.098
G0 X113.843 Y113.157
G0 X114.607 Y114.087
G0 X115.174 Y115.149
G0 X115.524 Y116.303
G0 X115.643 Y117.5
G0 X115.524 Y118.697
G0 X115.174 Y119.851
G0 X114.607 Y120.913
G0 X113.843 Y121.843
G0 X112.913 Y122.607
G0 X111.851 Y123.174
G0 X110.697 Y123.524
G0 X109.5 Y123.643
G0 X108.423 Y123.536
G0 X106.42 Y122.922
M204 S500
M205 X20 Y20
G1 F3600 X104.501 Y124.841 E430.83713
G1 X104.431 Y124.911
M204 S5000
M205 X30 Y30
G0 F7200 X104.431 Y124.902
G0 X125.5 Y123.643
G0 X126.577 Y123.536
G0 X128.579 Y122.922
M204 S500
M205 X20 Y20
G1 F3600 X130.497 Y124.841 E430.92737
G1 X130.567 Y124.911
M204 S5000
M205 X30 Y30
G0 F7200 X130.567 Y124.902
G0 X124.303 Y123.524
G0 X123.149 Y123.174
G0 X122.087 Y122.607
G0 X121.157 Y121.843
G0 X120.393 Y120.913
G0 X119.826 Y119.851
G0 X119.476 Y118.697
G0 X119.357 Y117.5
G0 X119.476 Y116.303
G0 X119.826 Y115.149
G0 X120.393 Y114.087
G0 X121.157 Y113.157
G0 X122.087 Y112.393
G0 X123.149 Y111.826
G0 X124.083 Y111.543
G0 X125.5 Y111.297
G0 X125.5 Y111.397
M204 S500
M205 X20 Y20
;TYPE:WALL-INNER
G1 F3600 X124.31 Y111.515 E430.96715
G1 X123.164 Y111.862 E431.00697
G1 X122.109 Y112.426 E431.04676
G1 X121.185 Y113.185 E431.08653
G1 X120.426 Y114.109 E431.12631
G1 X119.862 Y115.164 E431.16609
G1 X119.515 Y116.31 E431.20592
G1 X119.397 Y117.5 E431.24569
G1 X119.515 Y118.69 E431.28547
G1 X119.862 Y119.836 E431.32529
G1 X120.426 Y120.891 E431.36508
G1 X121.185 Y121.815 E431.40485
G1 X122.109 Y122.574 E431.44462
G1 X123.164 Y123.138 E431.48441
G1 X124.31 Y123.485 E431.52424
G1 X125.5 Y123.603 E431.56401
G1 X126.69 Y123.485 E431.60378
G1 X127.836 Y123.138 E431.64361
G1 X128.891 Y122.574 E431.6834
G1 X129.815 Y121.815 E431.72317
G1 X130.574 Y120.891 E431.76294
G1 X131.138 Y119.836 E431.80273
G1 X131.193 Y119.656 E431.80899
G1 X131.485 Y118.69 E431.84256
G1 X131.586 Y117.671 E431.87661
G1 X131.586 Y118.69 E431.88086
G1 X131.586 Y119.699 E431.90202
G1 X131.586 Y125.002 E432.0784
G1 X103.414 Y125.002 E433.0154
G1 X103.414 Y119.699 E433.19178
G1 X103.414 Y118.69 E433.22534
G1 X103.414 Y117.671 E433.25923
G1 X103.515 Y118.69 E433.26362
G1 X103.807 Y119.656 E433.28477
G1 X103.862 Y119.836 E433.29103
G1 X104.426 Y120.891 E433.33082
G1 X105.185 Y121.815 E433.37059
G1 X106.109 Y122.574 E433.41037
G1 X107.164 Y123.138 E433.45015
G1 X108.31 Y123.485 E433.48998
G1 X109.5 Y123.603 E433.52975
G1 X110.69 Y123.485 E433.56953
G1 X111.836 Y123.138 E433.60935
G1 X112.891 Y122.574 E433.64914
G1 X113.815 Y121.815 E433.68891
G1 X114.574 Y120.891 E433.72868
G1 X115.138 Y119.836 E433.76847
G1 X115.485 Y118.69 E433.8083
G1 X115.603 Y117.5 E433.84807
G1 X115.485 Y116.31 E433.88784
G1 X115.138 Y115.164 E433.92767
G1 X114.574 Y114.109 E433.96746
G1 X113.815 Y113.185 E434.00723
G1 X112.891 Y112.426 E434.047
G1 X111.836 Y111.862 E434.08679
G1 X110.69 Y111.515 E434.12662
G1 X109.5 Y111.397 E434.16639
G1 X108.31 Y111.515 E434.20616
G1 X107.164 Y111.862 E434.24599
G1 X106.109 Y112.426 E434.28578
G1 X105.185 Y113.185 E434.32555
G1 X104.426 Y114.109 E434.36532
G1 X103.862 Y115.164 E434.40511
G1 X103.807 Y115.344 E434.41137
G1 X103.515 Y116.31 E434.44493
G1 X103.414 Y117.329 E434.47899
G1 X103.414 Y116.31 E434.48324
G1 X103.414 Y115.301 E434.5044
G1 X103.414 Y109.998 E434.68077
G1 X131.586 Y109.998 E435.61778
G1 X131.586 Y115.301 E435.79416
G1 X131.586 Y116.31 E435.82772
G1 X131.586 Y117.329 E435.86161
G1 X131.485 Y116.31 E435.866
G1 X131.193 Y115.344 E435.88715
G1 X131.138 Y115.164 E435.89341
G1 X130.574 Y114.109 E435.9332
G1 X129.815 Y113.185 E435.97297
G1 X128.891 Y112.426 E436.01274
G1 X127.836 Y111.862 E436.05253
G1 X126.69 Y111.515 E436.09236
G1 X125.5 Y111.397 E436.13213
M204 S5000
M205 X30 Y30
G0 F7200 X125.5 Y111.297
G0 X131.516 Y110.068
G0 X131.873 Y109.667
M204 S500
M205 X20 Y20
;TYPE:WALL-OUTER
G1 F1800 X131.986 Y109.825 E436.13859
G1 X131.986 Y125.175 E436.64914
G1 X131.873 Y125.333 E436.6556
G1 X131.682 Y125.402 E436.66235
G1 X103.318 Y125.402 E437.60574
G1 X103.127 Y125.333 E437.6125
G1 X103.014 Y125.175 E437.61896
G1 X103.014 Y109.825 E438.1295
G1 X103.127 Y109.667 E438.13596
G1 X103.318 Y109.598 E438.14271
G1 X131.682 Y109.598 E439.08611
G1 X131.873 Y109.667 E439.09286
M204 S5000
M205 X30 Y30
G0 F7200 X131.986 Y109.825
G0 X131.986 Y109.831
G0 X131.516 Y110.068
G0 X124.303 Y111.476
G0 X123.149 Y111.826
G0 X122.087 Y112.393
G0 X121.157 Y113.157
G0 X120.393 Y114.087
G0 X119.826 Y115.149
G0 X119.543 Y116.083
G0 X119.302 Y117.452
G0 X119.799 Y117.5
M204 S500
M205 X20 Y20
G1 F1800 X119.909 Y118.612 E439.13003
G1 X120.233 Y119.682 E439.16721
G1 X120.76 Y120.668 E439.20439
G1 X121.469 Y121.531 E439.24154
G1 X122.332 Y122.24 E439.27869
G1 X123.318 Y122.767 E439.31588
G1 X124.388 Y123.091 E439.35306
G1 X125.5 Y123.201 E439.39023
G1 X126.612 Y123.091 E439.42739
G1 X127.682 Y122.767 E439.46458
G1 X128.668 Y122.24 E439.50176
G1 X129.531 Y121.531 E439.53891
G1 X130.24 Y120.668 E439.57606
G1 X130.767 Y119.682 E439.61324
G1 X131.091 Y118.612 E439.65043
G1 X131.201 Y117.5 E439.68759
G1 X131.091 Y116.388 E439.72476
G1 X130.767 Y115.318 E439.76194
G1 X130.24 Y114.332 E439.79913
G1 X129.531 Y113.469 E439.83627
G1 X128.668 Y112.76 E439.87342
G1 X127.682 Y112.233 E439.91061
G1 X126.612 Y111.909 E439.94779
G1 X125.5 Y111.799 E439.98496
G1 X124.388 Y111.909 E440.02212
G1 X123.318 Y112.233 E440.05931
G1 X122.332 Y112.76 E440.09649
G1 X121.469 Y113.469 E440.13364
G1 X120.76 Y114.332 E440.17079
G1 X120.233 Y115.318 E440.20797
G1 X119.909 Y116.388 E440.24516
G1 X119.799 Y117.5 E440.28232
M204 S5000
M205 X30 Y30
G0 F7200 X119.818 Y117.699
G0 X119.321 Y117.747
G0 X112.913 Y112.393
G0 X111.851 Y111.826
G0 X110.697 Y111.476
G0 X109.5 Y111.357
G0 X108.303 Y111.476
G0 X107.149 Y111.826
G0 X106.087 Y112.393
G0 X105.157 Y113.157
G0 X104.393 Y114.087
G0 X103.826 Y115.149
G0 X103.511 Y116.187
G0 X103.418 Y117.229
G0 X103.799 Y117.5
M204 S500
M205 X20 Y20
G1 F1800 X103.909 Y118.612 E440.31949
G1 X104.233 Y119.682 E440.35667
G1 X104.76 Y120.668 E440.39386
G1 X105.469 Y121.531 E440.431
G1 X106.332 Y122.24 E440.46815
G1 X107.318 Y122.767 E440.50534
G1 X108.388 Y123.091 E440.54252
G1 X109.5 Y123.201 E440.57969
G1 X110.612 Y123.091 E440.61685
G1 X111.682 Y122.767 E440.65404
G1 X112.668 Y122.24 E440.69122
G1 X113.531 Y121.531 E440.72837
G1 X114.24 Y120.668 E440.76552
G1 X114.767 Y119.682 E440.8027
G1 X115.091 Y118.612 E440.83989
G1 X115.201 Y117.5 E440.87705
G1 X115.091 Y116.388 E440.91422
G1 X114.767 Y115.318 E440.9514
G1 X114.24 Y114.332 E440.98859
G1 X113.531 Y113.469 E441.02574
G1 X112.668 Y112.76 E441.06288
G1 X111.682 Y112.233 E441.10007
G1 X110.612 Y111.909 E441.13725
G1 X109.5 Y111.799 E441.17442
G1 X108.388 Y111.909 E441.21158
G1 X107.318 Y112.233 E441.24877
G1 X106.332 Y112.76 E441.28595
G1 X105.469 Y113.469 E441.3231
G1 X104.76 Y114.332 E441.36025
G1 X104.233 Y115.318 E441.39743
G1 X103.909 Y116.388 E441.43462
G1 X103.799 Y117.5 E441.47178
M204 S5000
M205 X30 Y30
G0 F7200 X103.818 Y117.699
G0 X103.464 Y118.68
G0 X103.646 Y119.799
G0 X103.627 Y119.817
M204 S500
M205 X20 Y20
;TYPE:SKIN
G1 F1800 X103.668 Y120.059 E441.4762
G1 X103.717 Y120.292 E441.48049
M204 S5000
M205 X30 Y30
G0 F7200 X103.609 Y120.401
G0 X105.157 Y121.843
G0 X106.087 Y122.607
G0 X107.149 Y123.174
G0 X108.303 Y123.524
G0 X109.5 Y123.643
G0 X110.697 Y123.524
G0 X111.851 Y123.174
G0 X112.913 Y122.607
G0 X113.843 Y121.843
G0 X114.607 Y120.913
G0 X115.174 Y119.851
G0 X115.524 Y118.697
G0 X115.643 Y117.5
G0 X115.524 Y116.303
G0 X115.174 Y115.149
G0 X114.607 Y114.087
G0 X113.843 Y113.157
G0 X112.913 Y112.393
G0 X111.851 Y111.826
G0 X110.697 Y111.476
G0 X109.5 Y111.357
G0 X108.303 Y111.476
G0 X107.149 Y111.826
G0 X106.087 Y112.393
G0 X105.25 Y113.08
G0 X103.608 Y115.028
G0 X103.719 Y114.917
M204 S500
M205 X20 Y20
G1 F1800 X103.691 Y114.662 E441.4896
M204 S5000
M205 X30 Y30
G0 F7200 X103.774 Y114.58
G0 X103.442 Y110.026
G0 X128.746 Y110.026
G0 X131.103 Y114.686
G0 X131.153 Y114.636
M204 S500
M205 X20 Y20
G1 F1800 X131.296 Y114.776 E441.49371
G1 X131.345 Y115.009 E441.49859
M204 S5000
M205 X30 Y30
G0 F7200 X131.39 Y114.965
G0 X129.843 Y113.157
G0 X128.913 Y112.393
G0 X127.851 Y111.826
G0 X126.697 Y111.476
G0 X125.5 Y111.357
G0 X124.303 Y111.476
G0 X123.149 Y111.826
G0 X122.087 Y112.393
G0 X121.157 Y113.157
G0 X120.393 Y114.087
G0 X119.826 Y115.149
G0 X119.476 Y116.303
G0 X119.357 Y117.5
G0 X119.476 Y118.697
G0 X119.826 Y119.851
G0 X120.393 Y120.913
G0 X121.157 Y121.843
G0 X122.087 Y122.607
G0 X123.149 Y123.174
G0 X124.303 Y123.524
G0 X125.5 Y123.643
G0 X126.697 Y123.524
G0 X127.851 Y123.174
G0 X128.913 Y122.607
G0 X129.666 Y121.989
G0 X131.39 Y120.056
M204 S500
M205 X20 Y20
G1 F1800 X131.067 Y120.379 E441.50619
M204 S5000
M205 X30 Y30
G0 F7200 X131.294 Y120.435
M204 S500
M205 X20 Y20
G1 F1800 X131.39 Y120.339 E441.50845
M204 S5000
M205 X30 Y30
G0 F7200 X131.291 Y120.396
;MESH:NONMESH
G0 X131.558 Y124.974
G0 X113.843 Y121.843
G0 X114.607 Y120.913
G0 X115.174 Y119.851
G0 X115.524 Y118.697
G0 X115.643 Y117.5
G0 X115.524 Y116.303
G0 X115.174 Y115.149
G0 X114.607 Y114.087
G0 X113.843 Y113.157
G0 X112.913 Y112.393
G0 X111.851 Y111.826
G0 X110.917 Y111.543
G0 X104.501 Y110.158
;TIME_ELAPSED:464.621399
;LAYER:24
;MESH:listwa_mocujaca.stl
G0 X104.501 Y110.158 Z5
M204 S500
M205 X20 Y20
;TYPE:FILL
G1 F3600 X106.419 Y112.076 E441.59866
G1 X106.489 Y112.146
M204 S5000
M205 X30 Y30
G0 F7200 X106.474 Y112.117
G0 X107.871 Y110.157
M204 S500
M205 X20 Y20
G1 F3600 X103.574 Y114.455 E441.8008
G1 X103.504 Y114.525
M204 S5000
M205 X30 Y30
G0 F7200 X103.514 Y114.525
G0 X106.087 Y112.393
G0 X107.149 Y111.826
G0 X108.303 Y111.476
G0 X109.5 Y111.357
G0 X110.697 Y111.476
G0 X111.851 Y111.826
G0 X112.913 Y112.393
G0 X113.843 Y113.157
G0 X114.607 Y114.087
G0 X115.174 Y115.149
G0 X115.524 Y116.303
G0 X115.643 Y117.5
G0 X115.524 Y118.697
G0 X115.174 Y119.851
G0 X114.607 Y120.913
G0 X113.843 Y121.843
G0 X112.913 Y122.607
G0 X111.851 Y123.174
G0 X110.697 Y123.524
G0 X109.5 Y123.643
G0 X108.303 Y123.524
G0 X107.149 Y123.174
G0 X106.194 Y122.664
G0 X103.574 Y120.544
M204 S500
M205 X20 Y20
G1 F3600 X107.87 Y124.841 E442.0029
G1 X107.94 Y124.911
M204 S5000
M205 X30 Y30
G0 F7200 X107.94 Y124.902
G0 X110.158 Y124.841
M204 S500
M205 X20 Y20
G1 F3600 X111.633 Y123.366 E442.07228
M204 S5000
M205 X30 Y30
G0 F7200 X111.947 Y123.26
M204 S500
M205 X20 Y20
G1 F3600 X113.527 Y124.841 E442.14662
G1 X113.597 Y124.911
M204 S5000
M205 X30 Y30
G0 F7200 X113.597 Y124.902
G0 X115.814 Y124.841
M204 S500
M205 X20 Y20
G1 F3600 X120.077 Y120.579 E442.34711
G1 X120.147 Y120.509
M204 S5000
M205 X30 Y30
G0 F7200 X120.117 Y120.525
G0 X119.632 Y119.632
M204 S500
M205 X20 Y20
G1 F3600 X115.366 Y115.366 E442.54777
G1 X115.296 Y115.296
M204 S5000
M205 X30 Y30
G0 F7200 X114.922 Y114.42
M204 S500
M205 X20 Y20
G1 F3600 X119.185 Y110.157 E442.74829
G1 X119.255 Y110.087
M204 S5000
M205 X30 Y30
G0 F7200 X119.255 Y110.098
G0 X121.471 Y110.158
M204 S500
M205 X20 Y20
G1 F3600 X123.052 Y111.738 E442.82263
M204 S5000
M205 X30 Y30
G0 F7200 X123.367 Y111.632
M204 S500
M205 X20 Y20
G1 F3600 X124.842 Y110.157 E442.89201
G1 X124.912 Y110.087
M204 S5000
M205 X30 Y30
G0 F7200 X124.912 Y110.098
G0 X127.128 Y110.158
M204 S500
M205 X20 Y20
G1 F3600 X131.424 Y114.454 E443.09408
G1 X131.494 Y114.524
M204 S5000
M205 X30 Y30
G0 F7200 X131.486 Y114.524
G0 X128.578 Y112.077
M204 S500
M205 X20 Y20
G1 F3600 X130.499 Y110.157 E443.18442
G1 X130.569 Y110.087
M204 S5000
M205 X30 Y30
G0 F7200 X130.569 Y110.098
G0 X124.303 Y111.476
G0 X123.149 Y111.826
G0 X122.087 Y112.393
G0 X121.157 Y113.157
G0 X120.393 Y114.087
G0 X119.826 Y115.149
G0 X119.476 Y116.303
G0 X119.357 Y117.5
G0 X119.476 Y118.697
G0 X119.826 Y119.851
G0 X120.393 Y120.913
G0 X121.157 Y121.843
G0 X122.087 Y122.607
G0 X123.149 Y123.174
G0 X124.303 Y123.524
G0 X125.5 Y123.643
G0 X126.697 Y123.524
G0 X127.851 Y123.174
G0 X128.806 Y122.664
G0 X131.424 Y120.545
M204 S500
M205 X20 Y20
G1 F3600 X127.128 Y124.841 E443.38649
G1 X127.058 Y124.911
M204 S5000
M205 X30 Y30
G0 F7200 X127.058 Y124.902
G0 X124.841 Y124.841
M204 S500
M205 X20 Y20
G1 F3600 X123.367 Y123.367 E443.45582
M204 S5000
M205 X30 Y30
G0 F7200 X123.053 Y123.26
M204 S500
M205 X20 Y20
G1 F3600 X121.471 Y124.841 E443.53021
G1 X121.401 Y124.911
M204 S5000
M205 X30 Y30
G0 F7200 X121.401 Y124.902
G0 X119.184 Y124.841
M204 S500
M205 X20 Y20
G1 F3600 X114.921 Y120.578 E443.73073
G1 X114.851 Y120.508
M204 S5000
M205 X30 Y30
G0 F7200 X114.882 Y120.526
G0 X115.367 Y119.632
M204 S500
M205 X20 Y20
G1 F3600 X119.631 Y115.368 E443.93129
G1 X119.701 Y115.298
M204 S5000
M205 X30 Y30
G0 F7200 X120.077 Y114.42
M204 S500
M205 X20 Y20
G1 F3600 X115.814 Y110.158 E444.13179
G1 X115.744 Y110.088
M204 S5000
M205 X30 Y30
G0 F7200 X115.744 Y110.098
G0 X113.528 Y110.157
M204 S500
M205 X20 Y20
G1 F3600 X111.947 Y111.739 E444.20618
M204 S5000
M205 X30 Y30
G0 F7200 X111.631 Y111.631
M204 S500
M205 X20 Y20
G1 F3600 X110.158 Y110.158 E444.27546
G1 X110.088 Y110.088
M204 S5000
M205 X30 Y30
G0 F7200 X110.088 Y110.098
G0 X113.843 Y113.157
G0 X114.607 Y114.087
G0 X115.174 Y115.149
G0 X115.524 Y116.303
G0 X115.643 Y117.5
G0 X115.524 Y118.697
G0 X115.174 Y119.851
G0 X114.607 Y120.913
G0 X113.843 Y121.843
G0 X112.913 Y122.607
G0 X111.851 Y123.174
G0 X110.697 Y123.524
G0 X109.5 Y123.643
G0 X108.423 Y123.536
G0 X106.42 Y122.922
M204 S500
M205 X20 Y20
G1 F3600 X104.501 Y124.841 E444.36573
G1 X104.431 Y124.911
M204 S5000
M205 X30 Y30
G0 F7200 X104.431 Y124.902
G0 X125.5 Y123.643
G0 X126.577 Y123.536
G0 X128.579 Y122.922
M204 S500
M205 X20 Y20
G1 F3600 X130.497 Y124.841 E444.45597
G1 X130.567 Y124.911
M204 S5000
M205 X30 Y30
G0 F7200 X130.567 Y124.902
G0 X124.303 Y123.524
G0 X123.149 Y123.174
G0 X122.087 Y122.607
G0 X121.157 Y121.843
G0 X120.393 Y120.913
G0 X119.826 Y119.851
G0 X119.476 Y118.697
G0 X119.357 Y117.5
G0 X119.476 Y116.303
G0 X119.826 Y115.149
G0 X120.393 Y114.087
G0 X121.157 Y113.157
G0 X122.087 Y112.393
G0 X123.149 Y111.826
G0 X124.083 Y111.543
G0 X125.5 Y111.297
G0 X125.5 Y111.397
M204 S500
M205 X20 Y20
;TYPE:WALL-INNER
G1 F3600 X124.31 Y111.515 E444.49574
G1 X123.164 Y111.862 E444.53557
G1 X122.109 Y112.426 E444.57536
G1 X121.185 Y113.185 E444.61513
G1 X120.426 Y114.109 E444.6549
G1 X119.862 Y115.164 E444.69469
G1 X119.515 Y116.31 E444.73451
G1 X119.397 Y117.5 E444.77429
G1 X119.515 Y118.69 E444.81406
G1 X119.862 Y119.836 E444.85388
G1 X120.426 Y120.891 E444.89367
G1 X121.185 Y121.815 E444.93344
G1 X122.109 Y122.574 E444.97322
G1 X123.164 Y123.138 E445.01301
G1 X124.31 Y123.485 E445.05283
G1 X125.5 Y123.603 E445.0926
G1 X126.69 Y123.485 E445.13238
G1 X127.836 Y123.138 E445.1722
G1 X128.891 Y122.574 E445.21199
G1 X129.815 Y121.815 E445.25176
G1 X130.574 Y120.891 E445.29153
G1 X131.138 Y119.836 E445.33132
G1 X131.193 Y119.656 E445.33758
G1 X131.485 Y118.69 E445.37115
G1 X131.586 Y117.671 E445.40521
G1 X131.586 Y118.69 E445.40946
G1 X131.586 Y119.699 E445.43061
G1 X131.586 Y125.002 E445.60699
G1 X103.414 Y125.002 E446.54399
G1 X103.414 Y119.699 E446.72037
G1 X103.414 Y118.69 E446.75393
G1 X103.414 Y117.671 E446.78782
G1 X103.515 Y118.69 E446.79221
G1 X103.807 Y119.656 E446.81337
G1 X103.862 Y119.836 E446.81963
G1 X104.426 Y120.891 E446.85942
G1 X105.185 Y121.815 E446.89919
G1 X106.109 Y122.574 E446.93896
G1 X107.164 Y123.138 E446.97875
G1 X108.31 Y123.485 E447.01857
G1 X109.5 Y123.603 E447.05835
G1 X110.69 Y123.485 E447.09812
G1 X111.836 Y123.138 E447.13795
G1 X112.891 Y122.574 E447.17773
G1 X113.815 Y121.815 E447.21751
G1 X114.574 Y120.891 E447.25728
G1 X115.138 Y119.836 E447.29707
G1 X115.485 Y118.69 E447.33689
G1 X115.603 Y117.5 E447.37666
G1 X115.485 Y116.31 E447.41644
G1 X115.138 Y115.164 E447.45626
G1 X114.574 Y114.109 E447.49605
G1 X113.815 Y113.185 E447.53582
G1 X112.891 Y112.426 E447.57559
G1 X111.836 Y111.862 E447.61538
G1 X110.69 Y111.515 E447.65521
G1 X109.5 Y111.397 E447.69498
G1 X108.31 Y111.515 E447.73476
G1 X107.164 Y111.862 E447.77458
G1 X106.109 Y112.426 E447.81437
G1 X105.185 Y113.185 E447.85414
G1 X104.426 Y114.109 E447.89391
G1 X103.862 Y115.164 E447.9337
G1 X103.807 Y115.344 E447.93996
G1 X103.515 Y116.31 E447.97353
G1 X103.414 Y117.329 E448.00759
G1 X103.414 Y116.31 E448.01183
G1 X103.414 Y115.301 E448.03299
G1 X103.414 Y109.998 E448.20937
G1 X131.586 Y109.998 E449.14637
G1 X131.586 Y115.301 E449.32275
G1 X131.586 Y116.31 E449.35631
G1 X131.586 Y117.329 E449.3902
G1 X131.485 Y116.31 E449.39459
G1 X131.193 Y115.344 E449.41575
G1 X131.138 Y115.164 E449.42201
G1 X130.574 Y114.109 E449.46179
G1 X129.815 Y113.185 E449.50157
G1 X128.891 Y112.426 E449.54134
G1 X127.836 Y111.862 E449.58113
G1 X126.69 Y111.515 E449.62095
G1 X125.5 Y111.397 E449.66072
M204 S5000
M205 X30 Y30
G0 F7200 X125.5 Y111.297
G0 X131.516 Y110.068
G0 X131.873 Y109.667
M204 S500
M205 X20 Y20
;TYPE:WALL-OUTER
G1 F1800 X131.986 Y109.825 E449.66719
G1 X131.986 Y125.175 E450.17773
G1 X131.873 Y125.333 E450.18419
G1 X131.682 Y125.402 E450.19094
G1 X103.318 Y125.402 E451.13433
G1 X103.127 Y125.333 E451.14109
G1 X103.014 Y125.175 E451.14755
G1 X103.014 Y109.825 E451.65809
G1 X103.127 Y109.667 E451.66455
G1 X103.318 Y109.598 E451.67131
G1 X131.682 Y109.598 E452.6147
G1 X131.873 Y109.667 E452.62145
M204 S5000
M205 X30 Y30
G0 F7200 X131.986 Y109.825
G0 X131.986 Y109.831
G0 X131.516 Y110.068
G0 X124.303 Y111.476
G0 X123.149 Y111.826
G0 X122.087 Y112.393
G0 X121.157 Y113.157
G0 X120.393 Y114.087
G0 X119.826 Y115.149
G0 X119.543 Y116.083
G0 X119.302 Y117.452
G0 X119.799 Y117.5
M204 S500
M205 X20 Y20
G1 F1800 X119.909 Y118.612 E452.65862
G1 X120.233 Y119.682 E452.6958
G1 X120.76 Y120.668 E452.73299
G1 X121.469 Y121.531 E452.77014
G1 X122.332 Y122.24 E452.80728
G1 X123.318 Y122.767 E452.84447
G1 X124.388 Y123.091 E452.88165
G1 X125.5 Y123.201 E452.91882
G1 X126.612 Y123.091 E452.95598
G1 X127.682 Y122.767 E452.99317
G1 X128.668 Y122.24 E453.03035
G1 X129.531 Y121.531 E453.0675
G1 X130.24 Y120.668 E453.10465
G1 X130.767 Y119.682 E453.14183
G1 X131.091 Y118.612 E453.17902
G1 X131.201 Y117.5 E453.21618
G1 X131.091 Y116.388 E453.25335
G1 X130.767 Y115.318 E453.29053
G1 X130.24 Y114.332 E453.32772
G1 X129.531 Y113.469 E453.36487
G1 X128.668 Y112.76 E453.40201
G1 X127.682 Y112.233 E453.4392
G1 X126.612 Y111.909 E453.47638
G1 X125.5 Y111.799 E453.51355
G1 X124.388 Y111.909 E453.55072
G1 X123.318 Y112.233 E453.5879
G1 X122.332 Y112.76 E453.62508
G1 X121.469 Y113.469 E453.66223
G1 X120.76 Y114.332 E453.69938
G1 X120.233 Y115.318 E453.73657
G1 X119.909 Y116.388 E453.77375
G1 X119.799 Y117.5 E453.81091
M204 S5000
M205 X30 Y30
G0 F7200 X119.818 Y117.699
G0 X119.321 Y117.747
G0 X112.913 Y112.393
G0 X111.851 Y111.826
G0 X110.697 Y111.476
G0 X109.5 Y111.357
G0 X108.303 Y111.476
G0 X107.149 Y111.826
G0 X106.087 Y112.393
G0 X105.157 Y113.157
G0 X104.393 Y114.087
G0 X103.826 Y115.149
G0 X103.511 Y116.187
G0 X103.418 Y117.229
G0 X103.799 Y117.5
M204 S500
M205 X20 Y20
G1 F1800 X103.909 Y118.612 E453.84808
G1 X104.233 Y119.682 E453.88526
G1 X104.76 Y120.668 E453.92245
G1 X105.469 Y121.531 E453.9596
G1 X106.332 Y122.24 E453.99675
G1 X107.318 Y122.767 E454.03393
G1 X108.388 Y123.091 E454.07111
G1 X109.5 Y123.201 E454.10828
G1 X110.612 Y123.091 E454.14545
G1 X111.682 Y122.767 E454.18263
G1 X112.668 Y122.24 E454.21982
G1 X113.531 Y121.531 E454.25696
G1 X114.24 Y120.668 E454.29411
G1 X114.767 Y119.682 E454.3313
G1 X115.091 Y118.612 E454.36848
G1 X115.201 Y117.5 E454.40565
G1 X115.091 Y116.388 E454.44281
G1 X114.767 Y115.318 E454.48
G1 X114.24 Y114.332 E454.51718
G1 X113.531 Y113.469 E454.55433
G1 X112.668 Y112.76 E454.59148
G1 X111.682 Y112.233 E454.62866
G1 X110.612 Y111.909 E454.66585
G1 X109.5 Y111.799 E454.70301
G1 X108.388 Y111.909 E454.74018
G1 X107.318 Y112.233 E454.77736
G1 X106.332 Y112.76 E454.81455
G1 X105.469 Y113.469 E454.85169
G1 X104.76 Y114.332 E454.88884
G1 X104.233 Y115.318 E454.92603
G1 X103.909 Y116.388 E454.96321
G1 X103.799 Y117.5 E455.00038
M204 S5000
M205 X30 Y30
G0 F7200 X103.818 Y117.699
G0 X103.464 Y118.68
G0 X103.608 Y120.013
G0 X103.745 Y120.15
M204 S500
M205 X20 Y20
;TYPE:SKIN
G1 F1800 X103.673 Y120.361 E455.0099
M204 S5000
M205 X30 Y30
G0 F7200 X103.608 Y120.296
G0 X105.157 Y121.843
G0 X106.087 Y122.607
G0 X107.149 Y123.174
G0 X108.303 Y123.524
G0 X109.5 Y123.643
G0 X110.697 Y123.524
G0 X111.851 Y123.174
G0 X112.913 Y122.607
G0 X113.843 Y121.843
G0 X114.607 Y120.913
G0 X115.174 Y119.851
G0 X115.524 Y118.697
G0 X115.643 Y117.5
G0 X115.524 Y116.303
G0 X115.174 Y115.149
G0 X114.607 Y114.087
G0 X113.843 Y113.157
G0 X112.913 Y112.393
G0 X111.851 Y111.826
G0 X110.697 Y111.476
G0 X109.5 Y111.357
G0 X108.303 Y111.476
G0 X107.149 Y111.826
G0 X106.087 Y112.393
G0 X105.157 Y113.157
G0 X103.713 Y115.027
G0 X103.66 Y114.974
M204 S500
M205 X20 Y20
G1 F1800 X103.71 Y114.741 E455.01479
G1 X103.881 Y114.629 E455.01899
M204 S5000
M205 X30 Y30
G0 F7200 X103.91 Y114.658
G0 X103.442 Y110.026
G0 X128.746 Y110.026
G0 X131.117 Y114.712
G0 X131.253 Y114.848
M204 S500
M205 X20 Y20
G1 F1800 X131.325 Y114.637 E455.02849
M204 S5000
M205 X30 Y30
G0 F7200 X131.26 Y114.573
G0 X129.843 Y113.157
G0 X128.913 Y112.393
G0 X127.851 Y111.826
G0 X126.697 Y111.476
G0 X125.5 Y111.357
G0 X124.303 Y111.476
G0 X123.149 Y111.826
G0 X122.087 Y112.393
G0 X121.157 Y113.157
G0 X120.393 Y114.087
G0 X119.826 Y115.149
G0 X119.476 Y116.303
G0 X119.357 Y117.5
G0 X119.476 Y118.697
G0 X119.826 Y119.851
G0 X120.393 Y120.913
G0 X121.157 Y121.843
G0 X122.087 Y122.607
G0 X123.149 Y123.174
G0 X124.303 Y123.524
G0 X125.5 Y123.643
G0 X126.697 Y123.524
G0 X127.851 Y123.174
G0 X128.913 Y122.607
G0 X129.843 Y121.843
G0 X131.285 Y119.971
G0 X131.337 Y120.023
M204 S500
M205 X20 Y20
G1 F1800 X131.288 Y120.257 E455.03339
G1 X131.117 Y120.369 E455.03758
M204 S5000
M205 X30 Y30
G0 F7200 X131.186 Y120.437
;MESH:NONMESH
G0 X131.558 Y124.974
G0 X113.843 Y121.843
G0 X114.607 Y120.913
G0 X115.174 Y119.851
G0 X115.524 Y118.697
G0 X115.643 Y117.5
G0 X115.524 Y116.303
G0 X115.174 Y115.149
G0 X114.607 Y114.087
G0 X113.843 Y113.157
G0 X112.913 Y112.393
G0 X111.851 Y111.826
G0 X110.917 Y111.543
G0 X104.501 Y110.158
;TIME_ELAPSED:479.778204
;LAYER:25
;MESH:listwa_mocujaca.stl
G0 X104.501 Y110.158 Z5.2
M204 S500
M205 X20 Y20
;TYPE:FILL
G1 F3600 X106.419 Y112.076 E455.1278
G1 X106.489 Y112.146
M204 S5000
M205 X30 Y30
G0 F7200 X106.474 Y112.117
G0 X107.871 Y110.157
M204 S500
M205 X20 Y20
G1 F3600 X103.574 Y114.455 E455.32994
G1 X103.504 Y114.525
M204 S5000
M205 X30 Y30
G0 F7200 X103.514 Y114.525
G0 X106.087 Y112.393
G0 X107.149 Y111.826
G0 X108.303 Y111.476
G0 X109.5 Y111.357
G0 X110.697 Y111.476
G0 X111.851 Y111.826
G0 X112.913 Y112.393
G0 X113.843 Y113.157
G0 X114.607 Y114.087
G0 X115.174 Y115.149
G0 X115.524 Y116.303
G0 X115.643 Y117.5
G0 X115.524 Y118.697
G0 X115.174 Y119.851
G0 X114.607 Y120.913
G0 X113.843 Y121.843
G0 X112.913 Y122.607
G0 X111.851 Y123.174
G0 X110.697 Y123.524
G0 X109.5 Y123.643
G0 X108.303 Y123.524
G0 X107.149 Y123.174
G0 X106.194 Y122.664
G0 X103.574 Y120.544
M204 S500
M205 X20 Y20
G1 F3600 X107.87 Y124.841 E455.53203
G1 X107.94 Y124.911
M204 S5000
M205 X30 Y30
G0 F7200 X107.94 Y124.902
G0 X110.158 Y124.841
M204 S500
M205 X20 Y20
G1 F3600 X111.633 Y123.366 E455.60141
M204 S5000
M205 X30 Y30
G0 F7200 X111.947 Y123.26
M204 S500
M205 X20 Y20
G1 F3600 X113.527 Y124.841 E455.67575
G1 X113.597 Y124.911
M204 S5000
M205 X30 Y30
G0 F7200 X113.597 Y124.902
G0 X115.814 Y124.841
M204 S500
M205 X20 Y20
G1 F3600 X120.077 Y120.579 E455.87625
G1 X120.147 Y120.509
M204 S5000
M205 X30 Y30
G0 F7200 X120.117 Y120.525
G0 X119.632 Y119.632
M204 S500
M205 X20 Y20
G1 F3600 X115.366 Y115.366 E456.07691
G1 X115.296 Y115.296
M204 S5000
M205 X30 Y30
G0 F7200 X114.922 Y114.42
M204 S500
M205 X20 Y20
G1 F3600 X119.185 Y110.157 E456.27743
G1 X119.255 Y110.087
M204 S5000
M205 X30 Y30
G0 F7200 X119.255 Y110.098
G0 X121.471 Y110.158
M204 S500
M205 X20 Y20
G1 F3600 X123.052 Y111.738 E456.35177
M204 S5000
M205 X30 Y30
G0 F7200 X123.367 Y111.632
M204 S500
M205 X20 Y20
G1 F3600 X124.842 Y110.157 E456.42115
G1 X124.912 Y110.087
M204 S5000
M205 X30 Y30
G0 F7200 X124.912 Y110.098
G0 X127.128 Y110.158
M204 S500
M205 X20 Y20
G1 F3600 X131.424 Y114.454 E456.62322
G1 X131.494 Y114.524
M204 S5000
M205 X30 Y30
G0 F7200 X131.486 Y114.524
G0 X128.578 Y112.077
M204 S500
M205 X20 Y20
G1 F3600 X130.499 Y110.157 E456.71355
G1 X130.569 Y110.087
M204 S5000
M205 X30 Y30
G0 F7200 X130.569 Y110.098
G0 X124.303 Y111.476
G0 X123.149 Y111.826
G0 X122.087 Y112.393
G0 X121.157 Y113.157
G0 X120.393 Y114.087
G0 X119.826 Y115.149
G0 X119.476 Y116.303
G0 X119.357 Y117.5
G0 X119.476 Y118.697
G0 X119.826 Y119.851
G0 X120.393 Y120.913
G0 X121.157 Y121.843
G0 X122.087 Y122.607
G0 X123.149 Y123.174
G0 X124.303 Y123.524
G0 X125.5 Y123.643
G0 X126.697 Y123.524
G0 X127.851 Y123.174
G0 X128.806 Y122.664
G0 X131.424 Y120.545
M204 S500
M205 X20 Y20
G1 F3600 X127.128 Y124.841 E456.91562
G1 X127.058 Y124.911
M204 S5000
M205 X30 Y30
G0 F7200 X127.058 Y124.902
G0 X124.841 Y124.841
M204 S500
M205 X20 Y20
G1 F3600 X123.367 Y123.367 E456.98496
M204 S5000
M205 X30 Y30
G0 F7200 X123.053 Y123.26
M204 S500
M205 X20 Y20
G1 F3600 X121.471 Y124.841 E457.05935
G1 X121.401 Y124.911
M204 S5000
M205 X30 Y30
G0 F7200 X121.401 Y124.902
G0 X119.184 Y124.841
M204 S500
M205 X20 Y20
G1 F3600 X114.921 Y120.578 E457.25986
G1 X114.851 Y120.508
M204 S5000
M205 X30 Y30
G0 F7200 X114.882 Y120.526
G0 X115.367 Y119.632
M204 S500
M205 X20 Y20
G1 F3600 X119.631 Y115.368 E457.46043
G1 X119.701 Y115.298
M204 S5000
M205 X30 Y30
G0 F7200 X120.077 Y114.42
M204 S500
M205 X20 Y20
G1 F3600 X115.814 Y110.158 E457.66092
G1 X115.744 Y110.088
M204 S5000
M205 X30 Y30
G0 F7200 X115.744 Y110.098
G0 X113.528 Y110.157
M204 S500
M205 X20 Y20
G1 F3600 X111.947 Y111.739 E457.73531
M204 S5000
M205 X30 Y30
G0 F7200 X111.631 Y111.631
M204 S500
M205 X20 Y20
G1 F3600 X110.158 Y110.158 E457.8046
G1 X110.088 Y110.088
M204 S5000
M205 X30 Y30
G0 F7200 X110.088 Y110.098
G0 X113.843 Y113.157
G0 X114.607 Y114.087
G0 X115.174 Y115.149
G0 X115.524 Y116.303
G0 X115.643 Y117.5
G0 X115.524 Y118.697
G0 X115.174 Y119.851
G0 X114.607 Y120.913
G0 X113.843 Y121.843
G0 X112.913 Y122.607
G0 X111.851 Y123.174
G0 X110.697 Y123.524
G0 X109.5 Y123.643
G0 X108.423 Y123.536
G0 X106.42 Y122.922
M204 S500
M205 X20 Y20
G1 F3600 X104.501 Y124.841 E457.89486
G1 X104.431 Y124.911
M204 S5000
M205 X30 Y30
G0 F7200 X104.431 Y124.902
G0 X125.5 Y123.643
G0 X126.577 Y123.536
G0 X128.579 Y122.922
M204 S500
M205 X20 Y20
G1 F3600 X130.497 Y124.841 E457.9851
G1 X130.567 Y124.911
M204 S5000
M205 X30 Y30
G0 F7200 X130.567 Y124.902
G0 X124.303 Y123.524
G0 X123.149 Y123.174
G0 X122.087 Y122.607
G0 X121.157 Y121.843
G0 X120.393 Y120.913
G0 X119.826 Y119.851
G0 X119.476 Y118.697
G0 X119.357 Y117.5
G0 X119.476 Y116.303
G0 X119.826 Y115.149
G0 X120.393 Y114.087
G0 X121.157 Y113.157
G0 X122.087 Y112.393
G0 X123.149 Y111.826
G0 X124.083 Y111.543
G0 X125.5 Y111.297
G0 X125.5 Y111.397
M204 S500
M205 X20 Y20
;TYPE:WALL-INNER
G1 F3600 X124.31 Y111.515 E458.02488
G1 X123.164 Y111.862 E458.0647
G1 X122.109 Y112.426 E458.10449
G1 X121.185 Y113.185 E458.14426
G1 X120.426 Y114.109 E458.18403
G1 X119.862 Y115.164 E458.22382
G1 X119.515 Y116.31 E458.26365
G1 X119.397 Y117.5 E458.30342
G1 X119.515 Y118.69 E458.3432
G1 X119.862 Y119.836 E458.38302
G1 X120.426 Y120.891 E458.42281
G1 X121.185 Y121.815 E458.46258
G1 X122.109 Y122.574 E458.50235
G1 X123.164 Y123.138 E458.54214
G1 X124.31 Y123.485 E458.58197
G1 X125.5 Y123.603 E458.62174
G1 X126.69 Y123.485 E458.66151
G1 X127.836 Y123.138 E458.70134
G1 X128.891 Y122.574 E458.74113
G1 X129.815 Y121.815 E458.7809
G1 X130.574 Y120.891 E458.82067
G1 X131.138 Y119.836 E458.86046
G1 X131.193 Y119.656 E458.86672
G1 X131.485 Y118.69 E458.90028
G1 X131.586 Y117.671 E458.93434
G1 X131.586 Y118.69 E458.93859
G1 X131.586 Y119.699 E458.95975
G1 X131.586 Y125.002 E459.13612
G1 X103.414 Y125.002 E460.07313
G1 X103.414 Y119.699 E460.24951
G1 X103.414 Y118.69 E460.28307
G1 X103.414 Y117.671 E460.31696
G1 X103.515 Y118.69 E460.32135
G1 X103.807 Y119.656 E460.3425
G1 X103.862 Y119.836 E460.34876
G1 X104.426 Y120.891 E460.38855
G1 X105.185 Y121.815 E460.42832
G1 X106.109 Y122.574 E460.46809
G1 X107.164 Y123.138 E460.50788
G1 X108.31 Y123.485 E460.54771
G1 X109.5 Y123.603 E460.58748
G1 X110.69 Y123.485 E460.62726
G1 X111.836 Y123.138 E460.66708
G1 X112.891 Y122.574 E460.70687
G1 X113.815 Y121.815 E460.74664
G1 X114.574 Y120.891 E460.78641
G1 X115.138 Y119.836 E460.8262
G1 X115.485 Y118.69 E460.86603
G1 X115.603 Y117.5 E460.9058
G1 X115.485 Y116.31 E460.94557
G1 X115.138 Y115.164 E460.9854
G1 X114.574 Y114.109 E461.02519
G1 X113.815 Y113.185 E461.06496
G1 X112.891 Y112.426 E461.10473
G1 X111.836 Y111.862 E461.14452
G1 X110.69 Y111.515 E461.18434
G1 X109.5 Y111.397 E461.22412
G1 X108.31 Y111.515 E461.26389
G1 X107.164 Y111.862 E461.30372
G1 X106.109 Y112.426 E461.34351
G1 X105.185 Y113.185 E461.38328
G1 X104.426 Y114.109 E461.42305
G1 X103.862 Y115.164 E461.46284
G1 X103.807 Y115.344 E461.4691
G1 X103.515 Y116.31 E461.50266
G1 X103.414 Y117.329 E461.53672
G1 X103.414 Y116.31 E461.54097
G1 X103.414 Y115.301 E461.56212
G1 X103.414 Y109.998 E461.7385
G1 X131.586 Y109.998 E462.67551
G1 X131.586 Y115.301 E462.85189
G1 X131.586 Y116.31 E462.88544
G1 X131.586 Y117.329 E462.91934
G1 X131.485 Y116.31 E462.92372
G1 X131.193 Y115.344 E462.94488
G1 X131.138 Y115.164 E462.95114
G1 X130.574 Y114.109 E462.99093
G1 X129.815 Y113.185 E463.0307
G1 X128.891 Y112.426 E463.07047
G1 X127.836 Y111.862 E463.11026
G1 X126.69 Y111.515 E463.15009
G1 X125.5 Y111.397 E463.18986
M204 S5000
M205 X30 Y30
G0 F7200 X125.5 Y111.297
G0 X131.516 Y110.068
G0 X131.873 Y109.667
M204 S500
M205 X20 Y20
;TYPE:WALL-OUTER
G1 F1800 X131.986 Y109.825 E463.19632
G1 X131.986 Y125.175 E463.70686
G1 X131.873 Y125.333 E463.71332
G1 X131.682 Y125.402 E463.72008
G1 X103.318 Y125.402 E464.66347
G1 X103.127 Y125.333 E464.67022
G1 X103.014 Y125.175 E464.67669
G1 X103.014 Y109.825 E465.18723
G1 X103.127 Y109.667 E465.19369
G1 X103.318 Y109.598 E465.20044
G1 X131.682 Y109.598 E466.14383
G1 X131.873 Y109.667 E466.15059
M204 S5000
M205 X30 Y30
G0 F7200 X131.986 Y109.825
G0 X131.986 Y109.831
G0 X131.516 Y110.068
G0 X124.303 Y111.476
G0 X123.149 Y111.826
G0 X122.087 Y112.393
G0 X121.157 Y113.157
G0 X120.393 Y114.087
G0 X119.826 Y115.149
G0 X119.543 Y116.083
G0 X119.302 Y117.452
G0 X119.799 Y117.5
M204 S500
M205 X20 Y20
G1 F1800 X119.909 Y118.612 E466.18775
G1 X120.233 Y119.682 E466.22494
G1 X120.76 Y120.668 E466.26212
G1 X121.469 Y121.531 E466.29927
G1 X122.332 Y122.24 E466.33642
G1 X123.318 Y122.767 E466.3736
G1 X124.388 Y123.091 E466.41079
G1 X125.5 Y123.201 E466.44795
G1 X126.612 Y123.091 E466.48512
G1 X127.682 Y122.767 E466.5223
G1 X128.668 Y122.24 E466.55949
G1 X129.531 Y121.531 E466.59664
G1 X130.24 Y120.668 E466.63378
G1 X130.767 Y119.682 E466.67097
G1 X131.091 Y118.612 E466.70815
G1 X131.201 Y117.5 E466.74532
G1 X131.091 Y116.388 E466.78249
G1 X130.767 Y115.318 E466.81967
G1 X130.24 Y114.332 E466.85685
G1 X129.531 Y113.469 E466.894
G1 X128.668 Y112.76 E466.93115
G1 X127.682 Y112.233 E466.96834
G1 X126.612 Y111.909 E467.00552
G1 X125.5 Y111.799 E467.04269
G1 X124.388 Y111.909 E467.07985
G1 X123.318 Y112.233 E467.11703
G1 X122.332 Y112.76 E467.15422
G1 X121.469 Y113.469 E467.19137
G1 X120.76 Y114.332 E467.22852
G1 X120.233 Y115.318 E467.2657
G1 X119.909 Y116.388 E467.30288
G1 X119.799 Y117.5 E467.34005
M204 S5000
M205 X30 Y30
G0 F7200 X119.818 Y117.699
G0 X119.321 Y117.747
G0 X112.913 Y112.393
G0 X111.851 Y111.826
G0 X110.697 Y111.476
G0 X109.5 Y111.357
G0 X108.303 Y111.476
G0 X107.149 Y111.826
G0 X106.087 Y112.393
G0 X105.157 Y113.157
G0 X104.393 Y114.087
G0 X103.826 Y115.149
G0 X103.511 Y116.187
G0 X103.418 Y117.229
G0 X103.799 Y117.5
M204 S500
M205 X20 Y20
G1 F1800 X103.909 Y118.612 E467.37722
G1 X104.233 Y119.682 E467.4144
G1 X104.76 Y120.668 E467.45159
G1 X105.469 Y121.531 E467.48873
G1 X106.332 Y122.24 E467.52588
G1 X107.318 Y122.767 E467.56307
G1 X108.388 Y123.091 E467.60025
G1 X109.5 Y123.201 E467.63742
G1 X110.612 Y123.091 E467.67458
G1 X111.682 Y122.767 E467.71177
G1 X112.668 Y122.24 E467.74895
G1 X113.531 Y121.531 E467.7861
G1 X114.24 Y120.668 E467.82325
G1 X114.767 Y119.682 E467.86043
G1 X115.091 Y118.612 E467.89762
G1 X115.201 Y117.5 E467.93478
G1 X115.091 Y116.388 E467.97195
G1 X114.767 Y115.318 E468.00913
G1 X114.24 Y114.332 E468.04632
G1 X113.531 Y113.469 E468.08346
G1 X112.668 Y112.76 E468.12061
G1 X111.682 Y112.233 E468.1578
G1 X110.612 Y111.909 E468.19498
G1 X109.5 Y111.799 E468.23215
G1 X108.388 Y111.909 E468.26931
G1 X107.318 Y112.233 E468.3065
G1 X106.332 Y112.76 E468.34368
G1 X105.469 Y113.469 E468.38083
G1 X104.76 Y114.332 E468.41798
G1 X104.233 Y115.318 E468.45516
G1 X103.909 Y116.388 E468.49235
G1 X103.799 Y117.5 E468.52951
M204 S5000
M205 X30 Y30
G0 F7200 X103.818 Y117.699
G0 X103.464 Y118.68
G0 X103.646 Y119.799
G0 X103.627 Y119.817
M204 S500
M205 X20 Y20
;TYPE:SKIN
G1 F1800 X103.668 Y120.059 E468.53393
G1 X103.717 Y120.292 E468.53822
M204 S5000
M205 X30 Y30
G0 F7200 X103.609 Y120.401
G0 X105.157 Y121.843
G0 X106.087 Y122.607
G0 X107.149 Y123.174
G0 X108.303 Y123.524
G0 X109.5 Y123.643
G0 X110.697 Y123.524
G0 X111.851 Y123.174
G0 X112.913 Y122.607
G0 X113.843 Y121.843
G0 X114.607 Y120.913
G0 X115.174 Y119.851
G0 X115.524 Y118.697
G0 X115.643 Y117.5
G0 X115.524 Y116.303
G0 X115.174 Y115.149
G0 X114.607 Y114.087
G0 X113.843 Y113.157
G0 X112.913 Y112.393
G0 X111.851 Y111.826
G0 X110.697 Y111.476
G0 X109.5 Y111.357
G0 X108.303 Y111.476
G0 X107.149 Y111.826
G0 X106.087 Y112.393
G0 X105.25 Y113.08
G0 X103.608 Y115.028
G0 X103.719 Y114.917
M204 S500
M205 X20 Y20
G1 F1800 X103.691 Y114.662 E468.54733
M204 S5000
M205 X30 Y30
G0 F7200 X103.774 Y114.58
G0 X103.442 Y110.026
G0 X128.746 Y110.026
G0 X131.103 Y114.686
G0 X131.153 Y114.636
M204 S500
M205 X20 Y20
G1 F1800 X131.296 Y114.776 E468.55144
G1 X131.345 Y115.009 E468.55632
M204 S5000
M205 X30 Y30
G0 F7200 X131.39 Y114.965
G0 X129.843 Y113.157
G0 X128.913 Y112.393
G0 X127.851 Y111.826
G0 X126.697 Y111.476
G0 X125.5 Y111.357
G0 X124.303 Y111.476
G0 X123.149 Y111.826
G0 X122.087 Y112.393
G0 X121.157 Y113.157
G0 X120.393 Y114.087
G0 X119.826 Y115.149
G0 X119.476 Y116.303
G0 X119.357 Y117.5
G0 X119.476 Y118.697
G0 X119.826 Y119.851
G0 X120.393 Y120.913
G0 X121.157 Y121.843
G0 X122.087 Y122.607
G0 X123.149 Y123.174
G0 X124.303 Y123.524
G0 X125.5 Y123.643
G0 X126.697 Y123.524
G0 X127.851 Y123.174
G0 X128.913 Y122.607
G0 X129.666 Y121.989
G0 X131.39 Y120.056
M204 S500
M205 X20 Y20
G1 F1800 X131.067 Y120.379 E468.56392
M204 S5000
M205 X30 Y30
G0 F7200 X131.294 Y120.435
M204 S500
M205 X20 Y20
G1 F1800 X131.39 Y120.339 E468.56617
M204 S5000
M205 X30 Y30
G0 F7200 X131.291 Y120.396
;MESH:NONMESH
G0 X131.558 Y124.974
G0 X113.843 Y121.843
G0 X114.607 Y120.913
G0 X115.174 Y119.851
G0 X115.524 Y118.697
G0 X115.643 Y117.5
G0 X115.524 Y116.303
G0 X115.174 Y115.149
G0 X114.607 Y114.087
G0 X113.843 Y113.157
G0 X112.913 Y112.393
G0 X111.851 Y111.826
G0 X110.917 Y111.543
G0 X104.501 Y110.158
;TIME_ELAPSED:494.981458
;LAYER:26
;MESH:listwa_mocujaca.stl
G0 X104.501 Y110.158 Z5.4
M204 S500
M205 X20 Y20
;TYPE:FILL
G1 F3600 X106.419 Y112.076 E468.65639
G1 X106.489 Y112.146
M204 S5000
M205 X30 Y30
G0 F7200 X106.474 Y112.117
G0 X107.871 Y110.157
M204 S500
M205 X20 Y20
G1 F3600 X103.574 Y114.455 E468.85853
G1 X103.504 Y114.525
M204 S5000
M205 X30 Y30
G0 F7200 X103.514 Y114.525
G0 X106.087 Y112.393
G0 X107.149 Y111.826
G0 X108.303 Y111.476
G0 X109.5 Y111.357
G0 X110.697 Y111.476
G0 X111.851 Y111.826
G0 X112.913 Y112.393
G0 X113.843 Y113.157
G0 X114.607 Y114.087
G0 X115.174 Y115.149
G0 X115.524 Y116.303
G0 X115.643 Y117.5
G0 X115.524 Y118.697
G0 X115.174 Y119.851
G0 X114.607 Y120.913
G0 X113.843 Y121.843
G0 X112.913 Y122.607
G0 X111.851 Y123.174
G0 X110.697 Y123.524
G0 X109.5 Y123.643
G0 X108.303 Y123.524
G0 X107.149 Y123.174
G0 X106.194 Y122.664
G0 X103.574 Y120.544
M204 S500
M205 X20 Y20
G1 F3600 X107.87 Y124.841 E469.06063
G1 X107.94 Y124.911
M204 S5000
M205 X30 Y30
G0 F7200 X107.94 Y124.902
G0 X110.158 Y124.841
M204 S500
M205 X20 Y20
G1 F3600 X111.633 Y123.366 E469.13001
M204 S5000
M205 X30 Y30
G0 F7200 X111.947 Y123.26
M204 S500
M205 X20 Y20
G1 F3600 X113.527 Y124.841 E469.20435
G1 X113.597 Y124.911
M204 S5000
M205 X30 Y30
G0 F7200 X113.597 Y124.902
G0 X115.814 Y124.841
M204 S500
M205 X20 Y20
G1 F3600 X120.077 Y120.579 E469.40484
G1 X120.147 Y120.509
M204 S5000
M205 X30 Y30
G0 F7200 X120.117 Y120.525
G0 X119.632 Y119.632
M204 S500
M205 X20 Y20
G1 F3600 X115.366 Y115.366 E469.6055
G1 X115.296 Y115.296
M204 S5000
M205 X30 Y30
G0 F7200 X114.922 Y114.42
M204 S500
M205 X20 Y20
G1 F3600 X119.185 Y110.157 E469.80602
G1 X119.255 Y110.087
M204 S5000
M205 X30 Y30
G0 F7200 X119.255 Y110.098
G0 X121.471 Y110.158
M204 S500
M205 X20 Y20
G1 F3600 X123.052 Y111.738 E469.88036
M204 S5000
M205 X30 Y30
G0 F7200 X123.367 Y111.632
M204 S500
M205 X20 Y20
G1 F3600 X124.842 Y110.157 E469.94974
G1 X124.912 Y110.087
M204 S5000
M205 X30 Y30
G0 F7200 X124.912 Y110.098
G0 X127.128 Y110.158
M204 S500
M205 X20 Y20
G1 F3600 X131.424 Y114.454 E470.15181
G1 X131.494 Y114.524
M204 S5000
M205 X30 Y30
G0 F7200 X131.486 Y114.524
G0 X128.578 Y112.077
M204 S500
M205 X20 Y20
G1 F3600 X130.499 Y110.157 E470.24215
G1 X130.569 Y110.087
M204 S5000
M205 X30 Y30
G0 F7200 X130.569 Y110.098
G0 X124.303 Y111.476
G0 X123.149 Y111.826
G0 X122.087 Y112.393
G0 X121.157 Y113.157
G0 X120.393 Y114.087
G0 X119.826 Y115.149
G0 X119.476 Y116.303
G0 X119.357 Y117.5
G0 X119.476 Y118.697
G0 X119.826 Y119.851
G0 X120.393 Y120.913
G0 X121.157 Y121.843
G0 X122.087 Y122.607
G0 X123.149 Y123.174
G0 X124.303 Y123.524
G0 X125.5 Y123.643
G0 X126.697 Y123.524
G0 X127.851 Y123.174
G0 X128.806 Y122.664
G0 X131.424 Y120.545
M204 S500
M205 X20 Y20
G1 F3600 X127.128 Y124.841 E470.44422
G1 X127.058 Y124.911
M204 S5000
M205 X30 Y30
G0 F7200 X127.058 Y124.902
G0 X124.841 Y124.841
M204 S500
M205 X20 Y20
G1 F3600 X123.367 Y123.367 E470.51355
M204 S5000
M205 X30 Y30
G0 F7200 X123.053 Y123.26
M204 S500
M205 X20 Y20
G1 F3600 X121.471 Y124.841 E470.58794
G1 X121.401 Y124.911
M204 S5000
M205 X30 Y30
G0 F7200 X121.401 Y124.902
G0 X119.184 Y124.841
M204 S500
M205 X20 Y20
G1 F3600 X114.921 Y120.578 E470.78846
G1 X114.851 Y120.508
M204 S5000
M205 X30 Y30
G0 F7200 X114.882 Y120.526
G0 X115.367 Y119.632
M204 S500
M205 X20 Y20
G1 F3600 X119.631 Y115.368 E470.98902
G1 X119.701 Y115.298
M204 S5000
M205 X30 Y30
G0 F7200 X120.077 Y114.42
M204 S500
M205 X20 Y20
G1 F3600 X115.814 Y110.158 E471.18952
G1 X115.744 Y110.088
M204 S5000
M205 X30 Y30
G0 F7200 X115.744 Y110.098
G0 X113.528 Y110.157
M204 S500
M205 X20 Y20
G1 F3600 X111.947 Y111.739 E471.26391
M204 S5000
M205 X30 Y30
G0 F7200 X111.631 Y111.631
M204 S500
M205 X20 Y20
G1 F3600 X110.158 Y110.158 E471.33319
G1 X110.088 Y110.088
M204 S5000
M205 X30 Y30
G0 F7200 X110.088 Y110.098
G0 X113.843 Y113.157
G0 X114.607 Y114.087
G0 X115.174 Y115.149
G0 X115.524 Y116.303
G0 X115.643 Y117.5
G0 X115.524 Y118.697
G0 X115.174 Y119.851
G0 X114.607 Y120.913
G0 X113.843 Y121.843
G0 X112.913 Y122.607
G0 X111.851 Y123.174
G0 X110.697 Y123.524
G0 X109.5 Y123.643
G0 X108.423 Y123.536
G0 X106.42 Y122.922
M204 S500
M205 X20 Y20
G1 F3600 X104.501 Y124.841 E471.42346
G1 X104.431 Y124.911
M204 S5000
M205 X30 Y30
G0 F7200 X104.431 Y124.902
G0 X125.5 Y123.643
G0 X126.577 Y123.536
G0 X128.579 Y122.922
M204 S500
M205 X20 Y20
G1 F3600 X130.497 Y124.841 E471.5137
G1 X130.567 Y124.911
M204 S5000
M205 X30 Y30
G0 F7200 X130.567 Y124.902
G0 X124.303 Y123.524
G0 X123.149 Y123.174
G0 X122.087 Y122.607
G0 X121.157 Y121.843
G0 X120.393 Y120.913
G0 X119.826 Y119.851
G0 X119.476 Y118.697
G0 X119.357 Y117.5
G0 X119.476 Y116.303
G0 X119.826 Y115.149
G0 X120.393 Y114.087
G0 X121.157 Y113.157
G0 X122.087 Y112.393
G0 X123.149 Y111.826
G0 X124.083 Y111.543
G0 X125.5 Y111.297
G0 X125.5 Y111.397
M204 S500
M205 X20 Y20
;TYPE:WALL-INNER
G1 F3600 X124.31 Y111.515 E471.55347
G1 X123.164 Y111.862 E471.5933
G1 X122.109 Y112.426 E471.63308
G1 X121.185 Y113.185 E471.67286
G1 X120.426 Y114.109 E471.71263
G1 X119.862 Y115.164 E471.75242
G1 X119.515 Y116.31 E471.79224
G1 X119.397 Y117.5 E471.83201
G1 X119.515 Y118.69 E471.87179
G1 X119.862 Y119.836 E471.91161
G1 X120.426 Y120.891 E471.9514
G1 X121.185 Y121.815 E471.99117
G1 X122.109 Y122.574 E472.03094
G1 X123.164 Y123.138 E472.07073
G1 X124.31 Y123.485 E472.11056
G1 X125.5 Y123.603 E472.15033
G1 X126.69 Y123.485 E472.19011
G1 X127.836 Y123.138 E472.22993
G1 X128.891 Y122.574 E472.26972
G1 X129.815 Y121.815 E472.30949
G1 X130.574 Y120.891 E472.34926
G1 X131.138 Y119.836 E472.38905
G1 X131.193 Y119.656 E472.39531
G1 X131.485 Y118.69 E472.42888
G1 X131.586 Y117.671 E472.46294
G1 X131.586 Y118.69 E472.46718
G1 X131.586 Y119.699 E472.48834
G1 X131.586 Y125.002 E472.66472
G1 X103.414 Y125.002 E473.60172
G1 X103.414 Y119.699 E473.7781
G1 X103.414 Y118.69 E473.81166
G1 X103.414 Y117.671 E473.84555
G1 X103.515 Y118.69 E473.84994
G1 X103.807 Y119.656 E473.8711
G1 X103.862 Y119.836 E473.87736
G1 X104.426 Y120.891 E473.91714
G1 X105.185 Y121.815 E473.95692
G1 X106.109 Y122.574 E473.99669
G1 X107.164 Y123.138 E474.03648
G1 X108.31 Y123.485 E474.0763
G1 X109.5 Y123.603 E474.11607
G1 X110.69 Y123.485 E474.15585
G1 X111.836 Y123.138 E474.19567
G1 X112.891 Y122.574 E474.23546
G1 X113.815 Y121.815 E474.27523
G1 X114.574 Y120.891 E474.31501
G1 X115.138 Y119.836 E474.35479
G1 X115.485 Y118.69 E474.39462
G1 X115.603 Y117.5 E474.43439
G1 X115.485 Y116.31 E474.47417
G1 X115.138 Y115.164 E474.51399
G1 X114.574 Y114.109 E474.55378
G1 X113.815 Y113.185 E474.59355
G1 X112.891 Y112.426 E474.63332
G1 X111.836 Y111.862 E474.67311
G1 X110.69 Y111.515 E474.71294
G1 X109.5 Y111.397 E474.75271
G1 X108.31 Y111.515 E474.79248
G1 X107.164 Y111.862 E474.83231
G1 X106.109 Y112.426 E474.8721
G1 X105.185 Y113.185 E474.91187
G1 X104.426 Y114.109 E474.95164
G1 X103.862 Y115.164 E474.99143
G1 X103.807 Y115.344 E474.99769
G1 X103.515 Y116.31 E475.03126
G1 X103.414 Y117.329 E475.06531
G1 X103.414 Y116.31 E475.06956
G1 X103.414 Y115.301 E475.09072
G1 X103.414 Y109.998 E475.2671
G1 X131.586 Y109.998 E476.2041
G1 X131.586 Y115.301 E476.38048
G1 X131.586 Y116.31 E476.41404
G1 X131.586 Y117.329 E476.44793
G1 X131.485 Y116.31 E476.45232
G1 X131.193 Y115.344 E476.47347
G1 X131.138 Y115.164 E476.47973
G1 X130.574 Y114.109 E476.51952
G1 X129.815 Y113.185 E476.55929
G1 X128.891 Y112.426 E476.59907
G1 X127.836 Y111.862 E476.63885
G1 X126.69 Y111.515 E476.67868
G1 X125.5 Y111.397 E476.71845
M204 S5000
M205 X30 Y30
G0 F7200 X125.5 Y111.297
G0 X131.516 Y110.068
G0 X131.873 Y109.667
M204 S500
M205 X20 Y20
;TYPE:WALL-OUTER
G1 F1800 X131.986 Y109.825 E476.72491
G1 X131.986 Y125.175 E477.23546
G1 X131.873 Y125.333 E477.24192
G1 X131.682 Y125.402 E477.24867
G1 X103.318 Y125.402 E478.19206
G1 X103.127 Y125.333 E478.19882
G1 X103.014 Y125.175 E478.20528
G1 X103.014 Y109.825 E478.71582
G1 X103.127 Y109.667 E478.72228
G1 X103.318 Y109.598 E478.72904
G1 X131.682 Y109.598 E479.67243
G1 X131.873 Y109.667 E479.67918
M204 S5000
M205 X30 Y30
G0 F7200 X131.986 Y109.825
G0 X131.986 Y109.831
G0 X131.516 Y110.068
G0 X124.303 Y111.476
G0 X123.149 Y111.826
G0 X122.087 Y112.393
G0 X121.157 Y113.157
G0 X120.393 Y114.087
G0 X119.826 Y115.149
G0 X119.543 Y116.083
G0 X119.302 Y117.452
G0 X119.799 Y117.5
M204 S500
M205 X20 Y20
G1 F1800 X119.909 Y118.612 E479.71635
G1 X120.233 Y119.682 E479.75353
G1 X120.76 Y120.668 E479.79072
G1 X121.469 Y121.531 E479.82786
G1 X122.332 Y122.24 E479.86501
G1 X123.318 Y122.767 E479.9022
G1 X124.388 Y123.091 E479.93938
G1 X125.5 Y123.201 E479.97655
G1 X126.612 Y123.091 E480.01371
G1 X127.682 Y122.767 E480.0509
G1 X128.668 Y122.24 E480.08808
G1 X129.531 Y121.531 E480.12523
G1 X130.24 Y120.668 E480.16238
G1 X130.767 Y119.682 E480.19956
G1 X131.091 Y118.612 E480.23675
G1 X131.201 Y117.5 E480.27391
G1 X131.091 Y116.388 E480.31108
G1 X130.767 Y115.318 E480.34826
G1 X130.24 Y114.332 E480.38545
G1 X129.531 Y113.469 E480.4226
G1 X128.668 Y112.76 E480.45974
G1 X127.682 Y112.233 E480.49693
G1 X126.612 Y111.909 E480.53411
G1 X125.5 Y111.799 E480.57128
G1 X124.388 Y111.909 E480.60844
G1 X123.318 Y112.233 E480.64563
G1 X122.332 Y112.76 E480.68281
G1 X121.469 Y113.469 E480.71996
G1 X120.76 Y114.332 E480.75711
G1 X120.233 Y115.318 E480.79429
G1 X119.909 Y116.388 E480.83148
G1 X119.799 Y117.5 E480.86864
M204 S5000
M205 X30 Y30
G0 F7200 X119.818 Y117.699
G0 X119.321 Y117.747
G0 X112.913 Y112.393
G0 X111.851 Y111.826
G0 X110.697 Y111.476
G0 X109.5 Y111.357
G0 X108.303 Y111.476
G0 X107.149 Y111.826
G0 X106.087 Y112.393
G0 X105.157 Y113.157
G0 X104.393 Y114.087
G0 X103.826 Y115.149
G0 X103.511 Y116.187
G0 X103.418 Y117.229
G0 X103.799 Y117.5
M204 S500
M205 X20 Y20
G1 F1800 X103.909 Y118.612 E480.90581
G1 X104.233 Y119.682 E480.94299
G1 X104.76 Y120.668 E480.98018
G1 X105.469 Y121.531 E481.01733
G1 X106.332 Y122.24 E481.05447
G1 X107.318 Y122.767 E481.09166
G1 X108.388 Y123.091 E481.12884
G1 X109.5 Y123.201 E481.16601
G1 X110.612 Y123.091 E481.20317
G1 X111.682 Y122.767 E481.24036
G1 X112.668 Y122.24 E481.27754
G1 X113.531 Y121.531 E481.31469
G1 X114.24 Y120.668 E481.35184
G1 X114.767 Y119.682 E481.38902
G1 X115.091 Y118.612 E481.42621
G1 X115.201 Y117.5 E481.46337
G1 X115.091 Y116.388 E481.50054
G1 X114.767 Y115.318 E481.53772
G1 X114.24 Y114.332 E481.57491
G1 X113.531 Y113.469 E481.61206
G1 X112.668 Y112.76 E481.64921
G1 X111.682 Y112.233 E481.68639
G1 X110.612 Y111.909 E481.72357
G1 X109.5 Y111.799 E481.76074
G1 X108.388 Y111.909 E481.79791
G1 X107.318 Y112.233 E481.83509
G1 X106.332 Y112.76 E481.87227
G1 X105.469 Y113.469 E481.90942
G1 X104.76 Y114.332 E481.94657
G1 X104.233 Y115.318 E481.98376
G1 X103.909 Y116.388 E482.02094
G1 X103.799 Y117.5 E482.05811
M204 S5000
M205 X30 Y30
G0 F7200 X103.818 Y117.699
G0 X103.464 Y118.68
G0 X103.608 Y120.013
G0 X103.745 Y120.15
M204 S500
M205 X20 Y20
;TYPE:SKIN
G1 F1800 X103.673 Y120.361 E482.06763
M204 S5000
M205 X30 Y30
G0 F7200 X103.608 Y120.296
G0 X105.157 Y121.843
G0 X106.087 Y122.607
G0 X107.149 Y123.174
G0 X108.303 Y123.524
G0 X109.5 Y123.643
G0 X110.697 Y123.524
G0 X111.851 Y123.174
G0 X112.913 Y122.607
G0 X113.843 Y121.843
G0 X114.607 Y120.913
G0 X115.174 Y119.851
G0 X115.524 Y118.697
G0 X115.643 Y117.5
G0 X115.524 Y116.303
G0 X115.174 Y115.149
G0 X114.607 Y114.087
G0 X113.843 Y113.157
G0 X112.913 Y112.393
G0 X111.851 Y111.826
G0 X110.697 Y111.476
G0 X109.5 Y111.357
G0 X108.303 Y111.476
G0 X107.149 Y111.826
G0 X106.087 Y112.393
G0 X105.157 Y113.157
G0 X103.713 Y115.027
G0 X103.66 Y114.974
M204 S500
M205 X20 Y20
G1 F1800 X103.71 Y114.741 E482.07252
G1 X103.881 Y114.629 E482.07672
M204 S5000
M205 X30 Y30
G0 F7200 X103.91 Y114.658
G0 X103.442 Y110.026
G0 X128.746 Y110.026
G0 X131.117 Y114.712
G0 X131.253 Y114.848
M204 S500
M205 X20 Y20
G1 F1800 X131.325 Y114.637 E482.08622
M204 S5000
M205 X30 Y30
G0 F7200 X131.26 Y114.573
G0 X129.843 Y113.157
G0 X128.913 Y112.393
G0 X127.851 Y111.826
G0 X126.697 Y111.476
G0 X125.5 Y111.357
G0 X124.303 Y111.476
G0 X123.149 Y111.826
G0 X122.087 Y112.393
G0 X121.157 Y113.157
G0 X120.393 Y114.087
G0 X119.826 Y115.149
G0 X119.476 Y116.303
G0 X119.357 Y117.5
G0 X119.476 Y118.697
G0 X119.826 Y119.851
G0 X120.393 Y120.913
G0 X121.157 Y121.843
G0 X122.087 Y122.607
G0 X123.149 Y123.174
G0 X124.303 Y123.524
G0 X125.5 Y123.643
G0 X126.697 Y123.524
G0 X127.851 Y123.174
G0 X128.913 Y122.607
G0 X129.843 Y121.843
G0 X131.285 Y119.971
G0 X131.337 Y120.023
M204 S500
M205 X20 Y20
G1 F1800 X131.288 Y120.257 E482.09112
G1 X131.117 Y120.369 E482.09531
M204 S5000
M205 X30 Y30
G0 F7200 X131.186 Y120.437
;MESH:NONMESH
G0 X131.558 Y124.974
G0 X113.843 Y121.843
G0 X114.607 Y120.913
G0 X115.174 Y119.851
G0 X115.524 Y118.697
G0 X115.643 Y117.5
G0 X115.524 Y116.303
G0 X115.174 Y115.149
G0 X114.607 Y114.087
G0 X113.843 Y113.157
G0 X112.913 Y112.393
G0 X111.851 Y111.826
G0 X110.917 Y111.543
G0 X104.501 Y110.158
;TIME_ELAPSED:510.138263
;LAYER:27
;MESH:listwa_mocujaca.stl
G0 X104.501 Y110.158 Z5.6
M204 S500
M205 X20 Y20
;TYPE:FILL
G1 F3600 X106.419 Y112.076 E482.18553
G1 X106.489 Y112.146
M204 S5000
M205 X30 Y30
G0 F7200 X106.474 Y112.117
G0 X107.871 Y110.157
M204 S500
M205 X20 Y20
G1 F3600 X103.574 Y114.455 E482.38767
G1 X103.504 Y114.525
M204 S5000
M205 X30 Y30
G0 F7200 X103.514 Y114.525
G0 X106.087 Y112.393
G0 X107.149 Y111.826
G0 X108.303 Y111.476
G0 X109.5 Y111.357
G0 X110.697 Y111.476
G0 X111.851 Y111.826
G0 X112.913 Y112.393
G0 X113.843 Y113.157
G0 X114.607 Y114.087
G0 X115.174 Y115.149
G0 X115.524 Y116.303
G0 X115.643 Y117.5
G0 X115.524 Y118.697
G0 X115.174 Y119.851
G0 X114.607 Y120.913
G0 X113.843 Y121.843
G0 X112.913 Y122.607
G0 X111.851 Y123.174
G0 X110.697 Y123.524
G0 X109.5 Y123.643
G0 X108.303 Y123.524
G0 X107.149 Y123.174
G0 X106.194 Y122.664
G0 X103.574 Y120.544
M204 S500
M205 X20 Y20
G1 F3600 X107.87 Y124.841 E482.58976
G1 X107.94 Y124.911
M204 S5000
M205 X30 Y30
G0 F7200 X107.94 Y124.902
G0 X110.158 Y124.841
M204 S500
M205 X20 Y20
G1 F3600 X111.633 Y123.366 E482.65914
M204 S5000
M205 X30 Y30
G0 F7200 X111.947 Y123.26
M204 S500
M205 X20 Y20
G1 F3600 X113.527 Y124.841 E482.73348
G1 X113.597 Y124.911
M204 S5000
M205 X30 Y30
G0 F7200 X113.597 Y124.902
G0 X115.814 Y124.841
M204 S500
M205 X20 Y20
G1 F3600 X120.077 Y120.579 E482.93398
G1 X120.147 Y120.509
M204 S5000
M205 X30 Y30
G0 F7200 X120.117 Y120.525
G0 X119.632 Y119.632
M204 S500
M205 X20 Y20
G1 F3600 X115.366 Y115.366 E483.13464
G1 X115.296 Y115.296
M204 S5000
M205 X30 Y30
G0 F7200 X114.922 Y114.42
M204 S500
M205 X20 Y20
G1 F3600 X119.185 Y110.157 E483.33516
G1 X119.255 Y110.087
M204 S5000
M205 X30 Y30
G0 F7200 X119.255 Y110.098
G0 X121.471 Y110.158
M204 S500
M205 X20 Y20
G1 F3600 X123.052 Y111.738 E483.4095
M204 S5000
M205 X30 Y30
G0 F7200 X123.367 Y111.632
M204 S500
M205 X20 Y20
G1 F3600 X124.842 Y110.157 E483.47888
G1 X124.912 Y110.087
M204 S5000
M205 X30 Y30
G0 F7200 X124.912 Y110.098
G0 X127.128 Y110.158
M204 S500
M205 X20 Y20
G1 F3600 X131.424 Y114.454 E483.68095
G1 X131.494 Y114.524
M204 S5000
M205 X30 Y30
G0 F7200 X131.486 Y114.524
G0 X128.578 Y112.077
M204 S500
M205 X20 Y20
G1 F3600 X130.499 Y110.157 E483.77128
G1 X130.569 Y110.087
M204 S5000
M205 X30 Y30
G0 F7200 X130.569 Y110.098
G0 X124.303 Y111.476
G0 X123.149 Y111.826
G0 X122.087 Y112.393
G0 X121.157 Y113.157
G0 X120.393 Y114.087
G0 X119.826 Y115.149
G0 X119.476 Y116.303
G0 X119.357 Y117.5
G0 X119.476 Y118.697
G0 X119.826 Y119.851
G0 X120.393 Y120.913
G0 X121.157 Y121.843
G0 X122.087 Y122.607
G0 X123.149 Y123.174
G0 X124.303 Y123.524
G0 X125.5 Y123.643
G0 X126.697 Y123.524
G0 X127.851 Y123.174
G0 X128.806 Y122.664
G0 X131.424 Y120.545
M204 S500
M205 X20 Y20
G1 F3600 X127.128 Y124.841 E483.97335
G1 X127.058 Y124.911
M204 S5000
M205 X30 Y30
G0 F7200 X127.058 Y124.902
G0 X124.841 Y124.841
M204 S500
M205 X20 Y20
G1 F3600 X123.367 Y123.367 E484.04269
M204 S5000
M205 X30 Y30
G0 F7200 X123.053 Y123.26
M204 S500
M205 X20 Y20
G1 F3600 X121.471 Y124.841 E484.11707
G1 X121.401 Y124.911
M204 S5000
M205 X30 Y30
G0 F7200 X121.401 Y124.902
G0 X119.184 Y124.841
M204 S500
M205 X20 Y20
G1 F3600 X114.921 Y120.578 E484.31759
G1 X114.851 Y120.508
M204 S5000
M205 X30 Y30
G0 F7200 X114.882 Y120.526
G0 X115.367 Y119.632
M204 S500
M205 X20 Y20
G1 F3600 X119.631 Y115.368 E484.51816
G1 X119.701 Y115.298
M204 S5000
M205 X30 Y30
G0 F7200 X120.077 Y114.42
M204 S500
M205 X20 Y20
G1 F3600 X115.814 Y110.158 E484.71865
G1 X115.744 Y110.088
M204 S5000
M205 X30 Y30
G0 F7200 X115.744 Y110.098
G0 X113.528 Y110.157
M204 S500
M205 X20 Y20
G1 F3600 X111.947 Y111.739 E484.79304
M204 S5000
M205 X30 Y30
G0 F7200 X111.631 Y111.631
M204 S500
M205 X20 Y20
G1 F3600 X110.158 Y110.158 E484.86233
G1 X110.088 Y110.088
M204 S5000
M205 X30 Y30
G0 F7200 X110.088 Y110.098
G0 X113.843 Y113.157
G0 X114.607 Y114.087
G0 X115.174 Y115.149
G0 X115.524 Y116.303
G0 X115.643 Y117.5
G0 X115.524 Y118.697
G0 X115.174 Y119.851
G0 X114.607 Y120.913
G0 X113.843 Y121.843
G0 X112.913 Y122.607
G0 X111.851 Y123.174
G0 X110.697 Y123.524
G0 X109.5 Y123.643
G0 X108.423 Y123.536
G0 X106.42 Y122.922
M204 S500
M205 X20 Y20
G1 F3600 X104.501 Y124.841 E484.95259
G1 X104.431 Y124.911
M204 S5000
M205 X30 Y30
G0 F7200 X104.431 Y124.902
G0 X125.5 Y123.643
G0 X126.577 Y123.536
G0 X128.579 Y122.922
M204 S500
M205 X20 Y20
G1 F3600 X130.497 Y124.841 E485.04283
G1 X130.567 Y124.911
M204 S5000
M205 X30 Y30
G0 F7200 X130.567 Y124.902
G0 X124.303 Y123.524
G0 X123.149 Y123.174
G0 X122.087 Y122.607
G0 X121.157 Y121.843
G0 X120.393 Y120.913
G0 X119.826 Y119.851
G0 X119.476 Y118.697
G0 X119.357 Y117.5
G0 X119.476 Y116.303
G0 X119.826 Y115.149
G0 X120.393 Y114.087
G0 X121.157 Y113.157
G0 X122.087 Y112.393
G0 X123.149 Y111.826
G0 X124.083 Y111.543
G0 X125.5 Y111.297
G0 X125.5 Y111.397
M204 S500
M205 X20 Y20
;TYPE:WALL-INNER
G1 F3600 X124.31 Y111.515 E485.08261
G1 X123.164 Y111.862 E485.12243
G1 X122.109 Y112.426 E485.16222
G1 X121.185 Y113.185 E485.20199
G1 X120.426 Y114.109 E485.24176
G1 X119.862 Y115.164 E485.28155
G1 X119.515 Y116.31 E485.32138
G1 X119.397 Y117.5 E485.36115
G1 X119.515 Y118.69 E485.40092
G1 X119.862 Y119.836 E485.44075
G1 X120.426 Y120.891 E485.48054
G1 X121.185 Y121.815 E485.52031
G1 X122.109 Y122.574 E485.56008
G1 X123.164 Y123.138 E485.59987
G1 X124.31 Y123.485 E485.63969
G1 X125.5 Y123.603 E485.67947
G1 X126.69 Y123.485 E485.71924
G1 X127.836 Y123.138 E485.75907
G1 X128.891 Y122.574 E485.79886
G1 X129.815 Y121.815 E485.83863
G1 X130.574 Y120.891 E485.8784
G1 X131.138 Y119.836 E485.91819
G1 X131.193 Y119.656 E485.92445
G1 X131.485 Y118.69 E485.95801
G1 X131.586 Y117.671 E485.99207
G1 X131.586 Y118.69 E485.99632
G1 X131.586 Y119.699 E486.01747
G1 X131.586 Y125.002 E486.19385
G1 X103.414 Y125.002 E487.13086
G1 X103.414 Y119.699 E487.30724
G1 X103.414 Y118.69 E487.34079
G1 X103.414 Y117.671 E487.37469
G1 X103.515 Y118.69 E487.37907
G1 X103.807 Y119.656 E487.40023
G1 X103.862 Y119.836 E487.40649
G1 X104.426 Y120.891 E487.44628
G1 X105.185 Y121.815 E487.48605
G1 X106.109 Y122.574 E487.52582
G1 X107.164 Y123.138 E487.56561
G1 X108.31 Y123.485 E487.60544
G1 X109.5 Y123.603 E487.64521
G1 X110.69 Y123.485 E487.68498
G1 X111.836 Y123.138 E487.72481
G1 X112.891 Y122.574 E487.7646
G1 X113.815 Y121.815 E487.80437
G1 X114.574 Y120.891 E487.84414
G1 X115.138 Y119.836 E487.88393
G1 X115.485 Y118.69 E487.92375
G1 X115.603 Y117.5 E487.96353
G1 X115.485 Y116.31 E488.0033
G1 X115.138 Y115.164 E488.04313
G1 X114.574 Y114.109 E488.08292
G1 X113.815 Y113.185 E488.12269
G1 X112.891 Y112.426 E488.16246
G1 X111.836 Y111.862 E488.20225
G1 X110.69 Y111.515 E488.24207
G1 X109.5 Y111.397 E488.28185
G1 X108.31 Y111.515 E488.32162
G1 X107.164 Y111.862 E488.36145
G1 X106.109 Y112.426 E488.40123
G1 X105.185 Y113.185 E488.44101
G1 X104.426 Y114.109 E488.48078
G1 X103.862 Y115.164 E488.52057
G1 X103.807 Y115.344 E488.52683
G1 X103.515 Y116.31 E488.56039
G1 X103.414 Y117.329 E488.59445
G1 X103.414 Y116.31 E488.5987
G1 X103.414 Y115.301 E488.61985
G1 X103.414 Y109.998 E488.79623
G1 X131.586 Y109.998 E489.73324
G1 X131.586 Y115.301 E489.90961
G1 X131.586 Y116.31 E489.94317
G1 X131.586 Y117.329 E489.97707
G1 X131.485 Y116.31 E489.98145
G1 X131.193 Y115.344 E490.00261
G1 X131.138 Y115.164 E490.00887
G1 X130.574 Y114.109 E490.04866
G1 X129.815 Y113.185 E490.08843
G1 X128.891 Y112.426 E490.1282
G1 X127.836 Y111.862 E490.16799
G1 X126.69 Y111.515 E490.20782
G1 X125.5 Y111.397 E490.24759
M204 S5000
M205 X30 Y30
G0 F7200 X125.5 Y111.297
G0 X131.516 Y110.068
G0 X131.873 Y109.667
M204 S500
M205 X20 Y20
;TYPE:WALL-OUTER
G1 F1800 X131.986 Y109.825 E490.25405
G1 X131.986 Y125.175 E490.76459
G1 X131.873 Y125.333 E490.77105
G1 X131.682 Y125.402 E490.77781
G1 X103.318 Y125.402 E491.7212
G1 X103.127 Y125.333 E491.72795
G1 X103.014 Y125.175 E491.73441
G1 X103.014 Y109.825 E492.24496
G1 X103.127 Y109.667 E492.25142
G1 X103.318 Y109.598 E492.25817
G1 X131.682 Y109.598 E493.20156
G1 X131.873 Y109.667 E493.20832
M204 S5000
M205 X30 Y30
G0 F7200 X131.986 Y109.825
G0 X131.986 Y109.831
G0 X131.516 Y110.068
G0 X124.303 Y111.476
G0 X123.149 Y111.826
G0 X122.087 Y112.393
G0 X121.157 Y113.157
G0 X120.393 Y114.087
G0 X119.826 Y115.149
G0 X119.543 Y116.083
G0 X119.302 Y117.452
G0 X119.799 Y117.5
M204 S500
M205 X20 Y20
G1 F1800 X119.909 Y118.612 E493.24548
G1 X120.233 Y119.682 E493.28267
G1 X120.76 Y120.668 E493.31985
G1 X121.469 Y121.531 E493.357
G1 X122.332 Y122.24 E493.39415
G1 X123.318 Y122.767 E493.43133
G1 X124.388 Y123.091 E493.46852
G1 X125.5 Y123.201 E493.50568
G1 X126.612 Y123.091 E493.54285
G1 X127.682 Y122.767 E493.58003
G1 X128.668 Y122.24 E493.61722
G1 X129.531 Y121.531 E493.65437
G1 X130.24 Y120.668 E493.69151
G1 X130.767 Y119.682 E493.7287
G1 X131.091 Y118.612 E493.76588
G1 X131.201 Y117.5 E493.80305
G1 X131.091 Y116.388 E493.84021
G1 X130.767 Y115.318 E493.8774
G1 X130.24 Y114.332 E493.91458
G1 X129.531 Y113.469 E493.95173
G1 X128.668 Y112.76 E493.98888
G1 X127.682 Y112.233 E494.02606
G1 X126.612 Y111.909 E494.06325
G1 X125.5 Y111.799 E494.10041
G1 X124.388 Y111.909 E494.13758
G1 X123.318 Y112.233 E494.17476
G1 X122.332 Y112.76 E494.21195
G1 X121.469 Y113.469 E494.2491
G1 X120.76 Y114.332 E494.28624
G1 X120.233 Y115.318 E494.32343
G1 X119.909 Y116.388 E494.36061
G1 X119.799 Y117.5 E494.39778
M204 S5000
M205 X30 Y30
G0 F7200 X119.818 Y117.699
G0 X119.321 Y117.747
G0 X112.913 Y112.393
G0 X111.851 Y111.826
G0 X110.697 Y111.476
G0 X109.5 Y111.357
G0 X108.303 Y111.476
G0 X107.149 Y111.826
G0 X106.087 Y112.393
G0 X105.157 Y113.157
G0 X104.393 Y114.087
G0 X103.826 Y115.149
G0 X103.511 Y116.187
G0 X103.418 Y117.229
G0 X103.799 Y117.5
M204 S500
M205 X20 Y20
G1 F1800 X103.909 Y118.612 E494.43494
G1 X104.233 Y119.682 E494.47213
G1 X104.76 Y120.668 E494.50931
G1 X105.469 Y121.531 E494.54646
G1 X106.332 Y122.24 E494.58361
G1 X107.318 Y122.767 E494.62079
G1 X108.388 Y123.091 E494.65798
G1 X109.5 Y123.201 E494.69514
G1 X110.612 Y123.091 E494.73231
G1 X111.682 Y122.767 E494.76949
G1 X112.668 Y122.24 E494.80668
G1 X113.531 Y121.531 E494.84383
G1 X114.24 Y120.668 E494.88098
G1 X114.767 Y119.682 E494.91816
G1 X115.091 Y118.612 E494.95534
G1 X115.201 Y117.5 E494.99251
G1 X115.091 Y116.388 E495.02968
G1 X114.767 Y115.318 E495.06686
G1 X114.24 Y114.332 E495.10404
G1 X113.531 Y113.469 E495.14119
G1 X112.668 Y112.76 E495.17834
G1 X111.682 Y112.233 E495.21553
G1 X110.612 Y111.909 E495.25271
G1 X109.5 Y111.799 E495.28988
G1 X108.388 Y111.909 E495.32704
G1 X107.318 Y112.233 E495.36423
G1 X106.332 Y112.76 E495.40141
G1 X105.469 Y113.469 E495.43856
G1 X104.76 Y114.332 E495.47571
G1 X104.233 Y115.318 E495.51289
G1 X103.909 Y116.388 E495.55008
G1 X103.799 Y117.5 E495.58724
M204 S5000
M205 X30 Y30
G0 F7200 X103.818 Y117.699
G0 X103.464 Y118.68
G0 X103.646 Y119.799
G0 X103.627 Y119.817
M204 S500
M205 X20 Y20
;TYPE:SKIN
G1 F1800 X103.668 Y120.059 E495.59166
G1 X103.717 Y120.292 E495.59594
M204 S5000
M205 X30 Y30
G0 F7200 X103.609 Y120.401
G0 X105.157 Y121.843
G0 X106.087 Y122.607
G0 X107.149 Y123.174
G0 X108.303 Y123.524
G0 X109.5 Y123.643
G0 X110.697 Y123.524
G0 X111.851 Y123.174
G0 X112.913 Y122.607
G0 X113.843 Y121.843
G0 X114.607 Y120.913
G0 X115.174 Y119.851
G0 X115.524 Y118.697
G0 X115.643 Y117.5
G0 X115.524 Y116.303
G0 X115.174 Y115.149
G0 X114.607 Y114.087
G0 X113.843 Y113.157
G0 X112.913 Y112.393
G0 X111.851 Y111.826
G0 X110.697 Y111.476
G0 X109.5 Y111.357
G0 X108.303 Y111.476
G0 X107.149 Y111.826
G0 X106.087 Y112.393
G0 X105.25 Y113.08
G0 X103.608 Y115.028
G0 X103.719 Y114.917
M204 S500
M205 X20 Y20
G1 F1800 X103.691 Y114.662 E495.60506
M204 S5000
M205 X30 Y30
G0 F7200 X103.774 Y114.58
G0 X103.442 Y110.026
G0 X128.746 Y110.026
G0 X131.103 Y114.686
G0 X131.153 Y114.636
M204 S500
M205 X20 Y20
G1 F1800 X131.296 Y114.776 E495.60916
G1 X131.345 Y115.009 E495.61405
M204 S5000
M205 X30 Y30
G0 F7200 X131.39 Y114.965
G0 X129.843 Y113.157
G0 X128.913 Y112.393
G0 X127.851 Y111.826
G0 X126.697 Y111.476
G0 X125.5 Y111.357
G0 X124.303 Y111.476
G0 X123.149 Y111.826
G0 X122.087 Y112.393
G0 X121.157 Y113.157
G0 X120.393 Y114.087
G0 X119.826 Y115.149
G0 X119.476 Y116.303
G0 X119.357 Y117.5
G0 X119.476 Y118.697
G0 X119.826 Y119.851
G0 X120.393 Y120.913
G0 X121.157 Y121.843
G0 X122.087 Y122.607
G0 X123.149 Y123.174
G0 X124.303 Y123.524
G0 X125.5 Y123.643
G0 X126.697 Y123.524
G0 X127.851 Y123.174
G0 X128.913 Y122.607
G0 X129.666 Y121.989
G0 X131.39 Y120.056
M204 S500
M205 X20 Y20
G1 F1800 X131.067 Y120.379 E495.62164
M204 S5000
M205 X30 Y30
G0 F7200 X131.294 Y120.435
M204 S500
M205 X20 Y20
G1 F1800 X131.39 Y120.339 E495.6239
M204 S5000
M205 X30 Y30
G0 F7200 X131.291 Y120.396
;MESH:NONMESH
G0 X131.558 Y124.974
G0 X113.843 Y121.843
G0 X114.607 Y120.913
G0 X115.174 Y119.851
G0 X115.524 Y118.697
G0 X115.643 Y117.5
G0 X115.524 Y116.303
G0 X115.174 Y115.149
G0 X114.607 Y114.087
G0 X113.843 Y113.157
G0 X112.913 Y112.393
G0 X111.851 Y111.826
G0 X110.917 Y111.543
G0 X104.501 Y110.158
;TIME_ELAPSED:525.341516
;LAYER:28
;MESH:listwa_mocujaca.stl
G0 X104.501 Y110.158 Z5.8
M204 S500
M205 X20 Y20
;TYPE:FILL
G1 F3600 X106.419 Y112.076 E495.71412
G1 X106.489 Y112.146
M204 S5000
M205 X30 Y30
G0 F7200 X106.474 Y112.117
G0 X107.871 Y110.157
M204 S500
M205 X20 Y20
G1 F3600 X103.574 Y114.455 E495.91626
G1 X103.504 Y114.525
M204 S5000
M205 X30 Y30
G0 F7200 X103.514 Y114.525
G0 X106.087 Y112.393
G0 X107.149 Y111.826
G0 X108.303 Y111.476
G0 X109.5 Y111.357
G0 X110.697 Y111.476
G0 X111.851 Y111.826
G0 X112.913 Y112.393
G0 X113.843 Y113.157
G0 X114.607 Y114.087
G0 X115.174 Y115.149
G0 X115.524 Y116.303
G0 X115.643 Y117.5
G0 X115.524 Y118.697
G0 X115.174 Y119.851
G0 X114.607 Y120.913
G0 X113.843 Y121.843
G0 X112.913 Y122.607
G0 X111.851 Y123.174
G0 X110.697 Y123.524
G0 X109.5 Y123.643
G0 X108.303 Y123.524
G0 X107.149 Y123.174
G0 X106.194 Y122.664
G0 X103.574 Y120.544
M204 S500
M205 X20 Y20
G1 F3600 X107.87 Y124.841 E496.11835
G1 X107.94 Y124.911
M204 S5000
M205 X30 Y30
G0 F7200 X107.94 Y124.902
G0 X110.158 Y124.841
M204 S500
M205 X20 Y20
G1 F3600 X111.633 Y123.366 E496.18773
M204 S5000
M205 X30 Y30
G0 F7200 X111.947 Y123.26
M204 S500
M205 X20 Y20
G1 F3600 X113.527 Y124.841 E496.26208
G1 X113.597 Y124.911
M204 S5000
M205 X30 Y30
G0 F7200 X113.597 Y124.902
G0 X115.814 Y124.841
M204 S500
M205 X20 Y20
G1 F3600 X120.077 Y120.579 E496.46257
G1 X120.147 Y120.509
M204 S5000
M205 X30 Y30
G0 F7200 X120.117 Y120.525
G0 X119.632 Y119.632
M204 S500
M205 X20 Y20
G1 F3600 X115.366 Y115.366 E496.66323
G1 X115.296 Y115.296
M204 S5000
M205 X30 Y30
G0 F7200 X114.922 Y114.42
M204 S500
M205 X20 Y20
G1 F3600 X119.185 Y110.157 E496.86375
G1 X119.255 Y110.087
M204 S5000
M205 X30 Y30
G0 F7200 X119.255 Y110.098
G0 X121.471 Y110.158
M204 S500
M205 X20 Y20
G1 F3600 X123.052 Y111.738 E496.93809
M204 S5000
M205 X30 Y30
G0 F7200 X123.367 Y111.632
M204 S500
M205 X20 Y20
G1 F3600 X124.842 Y110.157 E497.00747
G1 X124.912 Y110.087
M204 S5000
M205 X30 Y30
G0 F7200 X124.912 Y110.098
G0 X127.128 Y110.158
M204 S500
M205 X20 Y20
G1 F3600 X131.424 Y114.454 E497.20954
G1 X131.494 Y114.524
M204 S5000
M205 X30 Y30
G0 F7200 X131.486 Y114.524
G0 X128.578 Y112.077
M204 S500
M205 X20 Y20
G1 F3600 X130.499 Y110.157 E497.29988
G1 X130.569 Y110.087
M204 S5000
M205 X30 Y30
G0 F7200 X130.569 Y110.098
G0 X124.303 Y111.476
G0 X123.149 Y111.826
G0 X122.087 Y112.393
G0 X121.157 Y113.157
G0 X120.393 Y114.087
G0 X119.826 Y115.149
G0 X119.476 Y116.303
G0 X119.357 Y117.5
G0 X119.476 Y118.697
G0 X119.826 Y119.851
G0 X120.393 Y120.913
G0 X121.157 Y121.843
G0 X122.087 Y122.607
G0 X123.149 Y123.174
G0 X124.303 Y123.524
G0 X125.5 Y123.643
G0 X126.697 Y123.524
G0 X127.851 Y123.174
G0 X128.806 Y122.664
G0 X131.424 Y120.545
M204 S500
M205 X20 Y20
G1 F3600 X127.128 Y124.841 E497.50195
G1 X127.058 Y124.911
M204 S5000
M205 X30 Y30
G0 F7200 X127.058 Y124.902
G0 X124.841 Y124.841
M204 S500
M205 X20 Y20
G1 F3600 X123.367 Y123.367 E497.57128
M204 S5000
M205 X30 Y30
G0 F7200 X123.053 Y123.26
M204 S500
M205 X20 Y20
G1 F3600 X121.471 Y124.841 E497.64567
G1 X121.401 Y124.911
M204 S5000
M205 X30 Y30
G0 F7200 X121.401 Y124.902
G0 X119.184 Y124.841
M204 S500
M205 X20 Y20
G1 F3600 X114.921 Y120.578 E497.84619
G1 X114.851 Y120.508
M204 S5000
M205 X30 Y30
G0 F7200 X114.882 Y120.526
G0 X115.367 Y119.632
M204 S500
M205 X20 Y20
G1 F3600 X119.631 Y115.368 E498.04675
G1 X119.701 Y115.298
M204 S5000
M205 X30 Y30
G0 F7200 X120.077 Y114.42
M204 S500
M205 X20 Y20
G1 F3600 X115.814 Y110.158 E498.24725
G1 X115.744 Y110.088
M204 S5000
M205 X30 Y30
G0 F7200 X115.744 Y110.098
G0 X113.528 Y110.157
M204 S500
M205 X20 Y20
G1 F3600 X111.947 Y111.739 E498.32164
M204 S5000
M205 X30 Y30
G0 F7200 X111.631 Y111.631
M204 S500
M205 X20 Y20
G1 F3600 X110.158 Y110.158 E498.39092
G1 X110.088 Y110.088
M204 S5000
M205 X30 Y30
G0 F7200 X110.088 Y110.098
G0 X113.843 Y113.157
G0 X114.607 Y114.087
G0 X115.174 Y115.149
G0 X115.524 Y116.303
G0 X115.643 Y117.5
G0 X115.524 Y118.697
G0 X115.174 Y119.851
G0 X114.607 Y120.913
G0 X113.843 Y121.843
G0 X112.913 Y122.607
G0 X111.851 Y123.174
G0 X110.697 Y123.524
G0 X109.5 Y123.643
G0 X108.423 Y123.536
G0 X106.42 Y122.922
M204 S500
M205 X20 Y20
G1 F3600 X104.501 Y124.841 E498.48118
G1 X104.431 Y124.911
M204 S5000
M205 X30 Y30
G0 F7200 X104.431 Y124.902
G0 X125.5 Y123.643
G0 X126.577 Y123.536
G0 X128.579 Y122.922
M204 S500
M205 X20 Y20
G1 F3600 X130.497 Y124.841 E498.57142
G1 X130.567 Y124.911
M204 S5000
M205 X30 Y30
G0 F7200 X130.567 Y124.902
G0 X124.303 Y123.524
G0 X123.149 Y123.174
G0 X122.087 Y122.607
G0 X121.157 Y121.843
G0 X120.393 Y120.913
G0 X119.826 Y119.851
G0 X119.476 Y118.697
G0 X119.357 Y117.5
G0 X119.476 Y116.303
G0 X119.826 Y115.149
G0 X120.393 Y114.087
G0 X121.157 Y113.157
G0 X122.087 Y112.393
G0 X123.149 Y111.826
G0 X124.083 Y111.543
G0 X125.5 Y111.297
G0 X125.5 Y111.397
M204 S500
M205 X20 Y20
;TYPE:WALL-INNER
G1 F3600 X124.31 Y111.515 E498.6112
G1 X123.164 Y111.862 E498.65102
G1 X122.109 Y112.426 E498.69081
G1 X121.185 Y113.185 E498.73058
G1 X120.426 Y114.109 E498.77036
G1 X119.862 Y115.164 E498.81014
G1 X119.515 Y116.31 E498.84997
G1 X119.397 Y117.5 E498.88974
G1 X119.515 Y118.69 E498.92952
G1 X119.862 Y119.836 E498.96934
G1 X120.426 Y120.891 E499.00913
G1 X121.185 Y121.815 E499.0489
G1 X122.109 Y122.574 E499.08867
G1 X123.164 Y123.138 E499.12846
G1 X124.31 Y123.485 E499.16829
G1 X125.5 Y123.603 E499.20806
G1 X126.69 Y123.485 E499.24783
G1 X127.836 Y123.138 E499.28766
G1 X128.891 Y122.574 E499.32745
G1 X129.815 Y121.815 E499.36722
G1 X130.574 Y120.891 E499.40699
G1 X131.138 Y119.836 E499.44678
G1 X131.193 Y119.656 E499.45304
G1 X131.485 Y118.69 E499.48661
G1 X131.586 Y117.671 E499.52066
G1 X131.586 Y118.69 E499.52491
G1 X131.586 Y119.699 E499.54607
G1 X131.586 Y125.002 E499.72245
G1 X103.414 Y125.002 E500.65945
G1 X103.414 Y119.699 E500.83583
G1 X103.414 Y118.69 E500.86939
G1 X103.414 Y117.671 E500.90328
G1 X103.515 Y118.69 E500.90767
G1 X103.807 Y119.656 E500.92882
G1 X103.862 Y119.836 E500.93508
G1 X104.426 Y120.891 E500.97487
G1 X105.185 Y121.815 E501.01464
G1 X106.109 Y122.574 E501.05442
G1 X107.164 Y123.138 E501.0942
G1 X108.31 Y123.485 E501.13403
G1 X109.5 Y123.603 E501.1738
G1 X110.69 Y123.485 E501.21358
G1 X111.836 Y123.138 E501.2534
G1 X112.891 Y122.574 E501.29319
G1 X113.815 Y121.815 E501.33296
G1 X114.574 Y120.891 E501.37273
G1 X115.138 Y119.836 E501.41252
G1 X115.485 Y118.69 E501.45235
G1 X115.603 Y117.5 E501.49212
G1 X115.485 Y116.31 E501.5319
G1 X115.138 Y115.164 E501.57172
G1 X114.574 Y114.109 E501.61151
G1 X113.815 Y113.185 E501.65128
G1 X112.891 Y112.426 E501.69105
G1 X111.836 Y111.862 E501.73084
G1 X110.69 Y111.515 E501.77067
G1 X109.5 Y111.397 E501.81044
G1 X108.31 Y111.515 E501.85021
G1 X107.164 Y111.862 E501.89004
G1 X106.109 Y112.426 E501.92983
G1 X105.185 Y113.185 E501.9696
G1 X104.426 Y114.109 E502.00937
G1 X103.862 Y115.164 E502.04916
G1 X103.807 Y115.344 E502.05542
G1 X103.515 Y116.31 E502.08898
G1 X103.414 Y117.329 E502.12304
G1 X103.414 Y116.31 E502.12729
G1 X103.414 Y115.301 E502.14845
G1 X103.414 Y109.998 E502.32482
G1 X131.586 Y109.998 E503.26183
G1 X131.586 Y115.301 E503.43821
G1 X131.586 Y116.31 E503.47177
G1 X131.586 Y117.329 E503.50566
G1 X131.485 Y116.31 E503.51005
G1 X131.193 Y115.344 E503.5312
G1 X131.138 Y115.164 E503.53746
G1 X130.574 Y114.109 E503.57725
G1 X129.815 Y113.185 E503.61702
G1 X128.891 Y112.426 E503.65679
G1 X127.836 Y111.862 E503.69658
G1 X126.69 Y111.515 E503.73641
G1 X125.5 Y111.397 E503.77618
M204 S5000
M205 X30 Y30
G0 F7200 X125.5 Y111.297
G0 X131.516 Y110.068
G0 X131.873 Y109.667
M204 S500
M205 X20 Y20
;TYPE:WALL-OUTER
G1 F1800 X131.986 Y109.825 E503.78264
G1 X131.986 Y125.175 E504.29319
G1 X131.873 Y125.333 E504.29965
G1 X131.682 Y125.402 E504.3064
G1 X103.318 Y125.402 E505.24979
G1 X103.127 Y125.333 E505.25655
G1 X103.014 Y125.175 E505.26301
G1 X103.014 Y109.825 E505.77355
G1 X103.127 Y109.667 E505.78001
G1 X103.318 Y109.598 E505.78677
G1 X131.682 Y109.598 E506.73016
G1 X131.873 Y109.667 E506.73691
M204 S5000
M205 X30 Y30
G0 F7200 X131.986 Y109.825
G0 X131.986 Y109.831
G0 X131.516 Y110.068
G0 X124.303 Y111.476
G0 X123.149 Y111.826
G0 X122.087 Y112.393
G0 X121.157 Y113.157
G0 X120.393 Y114.087
G0 X119.826 Y115.149
G0 X119.543 Y116.083
G0 X119.302 Y117.452
G0 X119.799 Y117.5
M204 S500
M205 X20 Y20
G1 F1800 X119.909 Y118.612 E506.77408
G1 X120.233 Y119.682 E506.81126
G1 X120.76 Y120.668 E506.84844
G1 X121.469 Y121.531 E506.88559
G1 X122.332 Y122.24 E506.92274
G1 X123.318 Y122.767 E506.95993
G1 X124.388 Y123.091 E506.99711
G1 X125.5 Y123.201 E507.03428
G1 X126.612 Y123.091 E507.07144
G1 X127.682 Y122.767 E507.10863
G1 X128.668 Y122.24 E507.14581
G1 X129.531 Y121.531 E507.18296
G1 X130.24 Y120.668 E507.22011
G1 X130.767 Y119.682 E507.25729
G1 X131.091 Y118.612 E507.29448
G1 X131.201 Y117.5 E507.33164
G1 X131.091 Y116.388 E507.36881
G1 X130.767 Y115.318 E507.40599
G1 X130.24 Y114.332 E507.44318
G1 X129.531 Y113.469 E507.48032
G1 X128.668 Y112.76 E507.51747
G1 X127.682 Y112.233 E507.55466
G1 X126.612 Y111.909 E507.59184
G1 X125.5 Y111.799 E507.62901
G1 X124.388 Y111.909 E507.66617
G1 X123.318 Y112.233 E507.70336
G1 X122.332 Y112.76 E507.74054
G1 X121.469 Y113.469 E507.77769
G1 X120.76 Y114.332 E507.81484
G1 X120.233 Y115.318 E507.85202
G1 X119.909 Y116.388 E507.88921
G1 X119.799 Y117.5 E507.92637
M204 S5000
M205 X30 Y30
G0 F7200 X119.818 Y117.699
G0 X119.321 Y117.747
G0 X112.913 Y112.393
G0 X111.851 Y111.826
G0 X110.697 Y111.476
G0 X109.5 Y111.357
G0 X108.303 Y111.476
G0 X107.149 Y111.826
G0 X106.087 Y112.393
G0 X105.157 Y113.157
G0 X104.393 Y114.087
G0 X103.826 Y115.149
G0 X103.511 Y116.187
G0 X103.418 Y117.229
G0 X103.799 Y117.5
M204 S500
M205 X20 Y20
G1 F1800 X103.909 Y118.612 E507.96354
G1 X104.233 Y119.682 E508.00072
G1 X104.76 Y120.668 E508.03791
G1 X105.469 Y121.531 E508.07505
G1 X106.332 Y122.24 E508.1122
G1 X107.318 Y122.767 E508.14939
G1 X108.388 Y123.091 E508.18657
G1 X109.5 Y123.201 E508.22374
G1 X110.612 Y123.091 E508.2609
G1 X111.682 Y122.767 E508.29809
G1 X112.668 Y122.24 E508.33527
G1 X113.531 Y121.531 E508.37242
G1 X114.24 Y120.668 E508.40957
G1 X114.767 Y119.682 E508.44675
G1 X115.091 Y118.612 E508.48394
G1 X115.201 Y117.5 E508.5211
G1 X115.091 Y116.388 E508.55827
G1 X114.767 Y115.318 E508.59545
G1 X114.24 Y114.332 E508.63264
G1 X113.531 Y113.469 E508.66979
G1 X112.668 Y112.76 E508.70693
G1 X111.682 Y112.233 E508.74412
G1 X110.612 Y111.909 E508.7813
G1 X109.5 Y111.799 E508.81847
G1 X108.388 Y111.909 E508.85563
G1 X107.318 Y112.233 E508.89282
G1 X106.332 Y112.76 E508.93
G1 X105.469 Y113.469 E508.96715
G1 X104.76 Y114.332 E509.0043
G1 X104.233 Y115.318 E509.04148
G1 X103.909 Y116.388 E509.07867
G1 X103.799 Y117.5 E509.11583
M204 S5000
M205 X30 Y30
G0 F7200 X103.818 Y117.699
G0 X103.464 Y118.68
G0 X103.608 Y120.013
G0 X103.745 Y120.15
M204 S500
M205 X20 Y20
;TYPE:SKIN
G1 F1800 X103.673 Y120.361 E509.12535
M204 S5000
M205 X30 Y30
G0 F7200 X103.608 Y120.296
G0 X105.157 Y121.843
G0 X106.087 Y122.607
G0 X107.149 Y123.174
G0 X108.303 Y123.524
G0 X109.5 Y123.643
G0 X110.697 Y123.524
G0 X111.851 Y123.174
G0 X112.913 Y122.607
G0 X113.843 Y121.843
G0 X114.607 Y120.913
G0 X115.174 Y119.851
G0 X115.524 Y118.697
G0 X115.643 Y117.5
G0 X115.524 Y116.303
G0 X115.174 Y115.149
G0 X114.607 Y114.087
G0 X113.843 Y113.157
G0 X112.913 Y112.393
G0 X111.851 Y111.826
G0 X110.697 Y111.476
G0 X109.5 Y111.357
G0 X108.303 Y111.476
G0 X107.149 Y111.826
G0 X106.087 Y112.393
G0 X105.157 Y113.157
G0 X103.713 Y115.027
G0 X103.66 Y114.974
M204 S500
M205 X20 Y20
G1 F1800 X103.71 Y114.741 E509.13025
G1 X103.881 Y114.629 E509.13444
M204 S5000
M205 X30 Y30
G0 F7200 X103.91 Y114.658
G0 X103.442 Y110.026
G0 X128.746 Y110.026
G0 X131.117 Y114.712
G0 X131.253 Y114.848
M204 S500
M205 X20 Y20
G1 F1800 X131.325 Y114.637 E509.14395
M204 S5000
M205 X30 Y30
G0 F7200 X131.26 Y114.573
G0 X129.843 Y113.157
G0 X128.913 Y112.393
G0 X127.851 Y111.826
G0 X126.697 Y111.476
G0 X125.5 Y111.357
G0 X124.303 Y111.476
G0 X123.149 Y111.826
G0 X122.087 Y112.393
G0 X121.157 Y113.157
G0 X120.393 Y114.087
G0 X119.826 Y115.149
G0 X119.476 Y116.303
G0 X119.357 Y117.5
G0 X119.476 Y118.697
G0 X119.826 Y119.851
G0 X120.393 Y120.913
G0 X121.157 Y121.843
G0 X122.087 Y122.607
G0 X123.149 Y123.174
G0 X124.303 Y123.524
G0 X125.5 Y123.643
G0 X126.697 Y123.524
G0 X127.851 Y123.174
G0 X128.913 Y122.607
G0 X129.843 Y121.843
G0 X131.285 Y119.971
G0 X131.337 Y120.023
M204 S500
M205 X20 Y20
G1 F1800 X131.288 Y120.257 E509.14885
G1 X131.117 Y120.369 E509.15304
M204 S5000
M205 X30 Y30
G0 F7200 X131.186 Y120.437
;MESH:NONMESH
G0 X131.558 Y124.974
G0 X113.843 Y121.843
G0 X114.607 Y120.913
G0 X115.174 Y119.851
G0 X115.524 Y118.697
G0 X115.643 Y117.5
G0 X115.524 Y116.303
G0 X115.174 Y115.149
G0 X114.607 Y114.087
G0 X113.843 Y113.157
G0 X112.913 Y112.393
G0 X111.851 Y111.826
G0 X110.917 Y111.543
G0 X104.501 Y110.158
;TIME_ELAPSED:540.498322
;LAYER:29
;MESH:listwa_mocujaca.stl
G0 X104.501 Y110.158 Z6
M204 S500
M205 X20 Y20
;TYPE:FILL
G1 F3600 X106.419 Y112.076 E509.24325
G1 X106.489 Y112.146
M204 S5000
M205 X30 Y30
G0 F7200 X106.474 Y112.117
G0 X107.871 Y110.157
M204 S500
M205 X20 Y20
G1 F3600 X103.574 Y114.455 E509.4454
G1 X103.504 Y114.525
M204 S5000
M205 X30 Y30
G0 F7200 X103.514 Y114.525
G0 X106.087 Y112.393
G0 X107.149 Y111.826
G0 X108.303 Y111.476
G0 X109.5 Y111.357
G0 X110.697 Y111.476
G0 X111.851 Y111.826
G0 X112.913 Y112.393
G0 X113.843 Y113.157
G0 X114.607 Y114.087
G0 X115.174 Y115.149
G0 X115.524 Y116.303
G0 X115.643 Y117.5
G0 X115.524 Y118.697
G0 X115.174 Y119.851
G0 X114.607 Y120.913
G0 X113.843 Y121.843
G0 X112.913 Y122.607
G0 X111.851 Y123.174
G0 X110.697 Y123.524
G0 X109.5 Y123.643
G0 X108.303 Y123.524
G0 X107.149 Y123.174
G0 X106.194 Y122.664
G0 X103.574 Y120.544
M204 S500
M205 X20 Y20
G1 F3600 X107.87 Y124.841 E509.64749
G1 X107.94 Y124.911
M204 S5000
M205 X30 Y30
G0 F7200 X107.94 Y124.902
G0 X110.158 Y124.841
M204 S500
M205 X20 Y20
G1 F3600 X111.633 Y123.366 E509.71687
M204 S5000
M205 X30 Y30
G0 F7200 X111.947 Y123.26
M204 S500
M205 X20 Y20
G1 F3600 X113.527 Y124.841 E509.79121
G1 X113.597 Y124.911
M204 S5000
M205 X30 Y30
G0 F7200 X113.597 Y124.902
G0 X115.814 Y124.841
M204 S500
M205 X20 Y20
G1 F3600 X120.077 Y120.579 E509.99171
G1 X120.147 Y120.509
M204 S5000
M205 X30 Y30
G0 F7200 X120.117 Y120.525
G0 X119.632 Y119.632
M204 S500
M205 X20 Y20
G1 F3600 X115.366 Y115.366 E510.19237
G1 X115.296 Y115.296
M204 S5000
M205 X30 Y30
G0 F7200 X114.922 Y114.42
M204 S500
M205 X20 Y20
G1 F3600 X119.185 Y110.157 E510.39288
G1 X119.255 Y110.087
M204 S5000
M205 X30 Y30
G0 F7200 X119.255 Y110.098
G0 X121.471 Y110.158
M204 S500
M205 X20 Y20
G1 F3600 X123.052 Y111.738 E510.46723
M204 S5000
M205 X30 Y30
G0 F7200 X123.367 Y111.632
M204 S500
M205 X20 Y20
G1 F3600 X124.842 Y110.157 E510.53661
G1 X124.912 Y110.087
M204 S5000
M205 X30 Y30
G0 F7200 X124.912 Y110.098
G0 X127.128 Y110.158
M204 S500
M205 X20 Y20
G1 F3600 X131.424 Y114.454 E510.73868
G1 X131.494 Y114.524
M204 S5000
M205 X30 Y30
G0 F7200 X131.486 Y114.524
G0 X128.578 Y112.077
M204 S500
M205 X20 Y20
G1 F3600 X130.499 Y110.157 E510.82901
G1 X130.569 Y110.087
M204 S5000
M205 X30 Y30
G0 F7200 X130.569 Y110.098
G0 X124.303 Y111.476
G0 X123.149 Y111.826
G0 X122.087 Y112.393
G0 X121.157 Y113.157
G0 X120.393 Y114.087
G0 X119.826 Y115.149
G0 X119.476 Y116.303
G0 X119.357 Y117.5
G0 X119.476 Y118.697
G0 X119.826 Y119.851
G0 X120.393 Y120.913
G0 X121.157 Y121.843
G0 X122.087 Y122.607
G0 X123.149 Y123.174
G0 X124.303 Y123.524
G0 X125.5 Y123.643
G0 X126.697 Y123.524
G0 X127.851 Y123.174
G0 X128.806 Y122.664
G0 X131.424 Y120.545
M204 S500
M205 X20 Y20
G1 F3600 X127.128 Y124.841 E511.03108
G1 X127.058 Y124.911
M204 S5000
M205 X30 Y30
G0 F7200 X127.058 Y124.902
G0 X124.841 Y124.841
M204 S500
M205 X20 Y20
G1 F3600 X123.367 Y123.367 E511.10041
M204 S5000
M205 X30 Y30
G0 F7200 X123.053 Y123.26
M204 S500
M205 X20 Y20
G1 F3600 X121.471 Y124.841 E511.1748
G1 X121.401 Y124.911
M204 S5000
M205 X30 Y30
G0 F7200 X121.401 Y124.902
G0 X119.184 Y124.841
M204 S500
M205 X20 Y20
G1 F3600 X114.921 Y120.578 E511.37532
G1 X114.851 Y120.508
M204 S5000
M205 X30 Y30
G0 F7200 X114.882 Y120.526
G0 X115.367 Y119.632
M204 S500
M205 X20 Y20
G1 F3600 X119.631 Y115.368 E511.57589
G1 X119.701 Y115.298
M204 S5000
M205 X30 Y30
G0 F7200 X120.077 Y114.42
M204 S500
M205 X20 Y20
G1 F3600 X115.814 Y110.158 E511.77638
G1 X115.744 Y110.088
M204 S5000
M205 X30 Y30
G0 F7200 X115.744 Y110.098
G0 X113.528 Y110.157
M204 S500
M205 X20 Y20
G1 F3600 X111.947 Y111.739 E511.85077
M204 S5000
M205 X30 Y30
G0 F7200 X111.631 Y111.631
M204 S500
M205 X20 Y20
G1 F3600 X110.158 Y110.158 E511.92006
G1 X110.088 Y110.088
M204 S5000
M205 X30 Y30
G0 F7200 X110.088 Y110.098
G0 X113.843 Y113.157
G0 X114.607 Y114.087
G0 X115.174 Y115.149
G0 X115.524 Y116.303
G0 X115.643 Y117.5
G0 X115.524 Y118.697
G0 X115.174 Y119.851
G0 X114.607 Y120.913
G0 X113.843 Y121.843
G0 X112.913 Y122.607
G0 X111.851 Y123.174
G0 X110.697 Y123.524
G0 X109.5 Y123.643
G0 X108.423 Y123.536
G0 X106.42 Y122.922
M204 S500
M205 X20 Y20
G1 F3600 X104.501 Y124.841 E512.01032
G1 X104.431 Y124.911
M204 S5000
M205 X30 Y30
G0 F7200 X104.431 Y124.902
G0 X125.5 Y123.643
G0 X126.577 Y123.536
G0 X128.579 Y122.922
M204 S500
M205 X20 Y20
G1 F3600 X130.497 Y124.841 E512.10056
G1 X130.567 Y124.911
M204 S5000
M205 X30 Y30
G0 F7200 X130.567 Y124.902
G0 X124.303 Y123.524
G0 X123.149 Y123.174
G0 X122.087 Y122.607
G0 X121.157 Y121.843
G0 X120.393 Y120.913
G0 X119.826 Y119.851
G0 X119.476 Y118.697
G0 X119.357 Y117.5
G0 X119.476 Y116.303
G0 X119.826 Y115.149
G0 X120.393 Y114.087
G0 X121.157 Y113.157
G0 X122.087 Y112.393
G0 X123.149 Y111.826
G0 X124.083 Y111.543
G0 X125.5 Y111.297
G0 X125.5 Y111.397
M204 S500
M205 X20 Y20
;TYPE:WALL-INNER
G1 F3600 X124.31 Y111.515 E512.14033
G1 X123.164 Y111.862 E512.18016
G1 X122.109 Y112.426 E512.21995
G1 X121.185 Y113.185 E512.25972
G1 X120.426 Y114.109 E512.29949
G1 X119.862 Y115.164 E512.33928
G1 X119.515 Y116.31 E512.3791
G1 X119.397 Y117.5 E512.41888
G1 X119.515 Y118.69 E512.45865
G1 X119.862 Y119.836 E512.49848
G1 X120.426 Y120.891 E512.53827
G1 X121.185 Y121.815 E512.57804
G1 X122.109 Y122.574 E512.61781
G1 X123.164 Y123.138 E512.6576
G1 X124.31 Y123.485 E512.69742
G1 X125.5 Y123.603 E512.7372
G1 X126.69 Y123.485 E512.77697
G1 X127.836 Y123.138 E512.8168
G1 X128.891 Y122.574 E512.85658
G1 X129.815 Y121.815 E512.89636
G1 X130.574 Y120.891 E512.93613
G1 X131.138 Y119.836 E512.97592
G1 X131.193 Y119.656 E512.98218
G1 X131.485 Y118.69 E513.01574
G1 X131.586 Y117.671 E513.0498
G1 X131.586 Y118.69 E513.05405
G1 X131.586 Y119.699 E513.0752
G1 X131.586 Y125.002 E513.25158
G1 X103.414 Y125.002 E514.18859
G1 X103.414 Y119.699 E514.36496
G1 X103.414 Y118.69 E514.39852
G1 X103.414 Y117.671 E514.43242
G1 X103.515 Y118.69 E514.4368
G1 X103.807 Y119.656 E514.45796
G1 X103.862 Y119.836 E514.46422
G1 X104.426 Y120.891 E514.50401
G1 X105.185 Y121.815 E514.54378
G1 X106.109 Y122.574 E514.58355
G1 X107.164 Y123.138 E514.62334
G1 X108.31 Y123.485 E514.66317
G1 X109.5 Y123.603 E514.70294
G1 X110.69 Y123.485 E514.74271
G1 X111.836 Y123.138 E514.78254
G1 X112.891 Y122.574 E514.82233
G1 X113.815 Y121.815 E514.8621
G1 X114.574 Y120.891 E514.90187
G1 X115.138 Y119.836 E514.94166
G1 X115.485 Y118.69 E514.98148
G1 X115.603 Y117.5 E515.02126
G1 X115.485 Y116.31 E515.06103
G1 X115.138 Y115.164 E515.10086
G1 X114.574 Y114.109 E515.14064
G1 X113.815 Y113.185 E515.18042
G1 X112.891 Y112.426 E515.22019
G1 X111.836 Y111.862 E515.25998
G1 X110.69 Y111.515 E515.2998
G1 X109.5 Y111.397 E515.33958
G1 X108.31 Y111.515 E515.37935
G1 X107.164 Y111.862 E515.41917
G1 X106.109 Y112.426 E515.45896
G1 X105.185 Y113.185 E515.49873
G1 X104.426 Y114.109 E515.53851
G1 X103.862 Y115.164 E515.57829
G1 X103.807 Y115.344 E515.58455
G1 X103.515 Y116.31 E515.61812
G1 X103.414 Y117.329 E515.65218
G1 X103.414 Y116.31 E515.65643
G1 X103.414 Y115.301 E515.67758
G1 X103.414 Y109.998 E515.85396
G1 X131.586 Y109.998 E516.79096
G1 X131.586 Y115.301 E516.96734
G1 X131.586 Y116.31 E517.0009
G1 X131.586 Y117.329 E517.03479
G1 X131.485 Y116.31 E517.03918
G1 X131.193 Y115.344 E517.06034
G1 X131.138 Y115.164 E517.0666
G1 X130.574 Y114.109 E517.10639
G1 X129.815 Y113.185 E517.14616
G1 X128.891 Y112.426 E517.18593
G1 X127.836 Y111.862 E517.22572
G1 X126.69 Y111.515 E517.26554
G1 X125.5 Y111.397 E517.30532
M204 S5000
M205 X30 Y30
G0 F7200 X125.5 Y111.297
G0 X131.516 Y110.068
G0 X131.873 Y109.667
M204 S500
M205 X20 Y20
;TYPE:WALL-OUTER
G1 F1800 X131.986 Y109.825 E517.31178
G1 X131.986 Y125.175 E517.82232
G1 X131.873 Y125.333 E517.82878
G1 X131.682 Y125.402 E517.83554
G1 X103.318 Y125.402 E518.77893
G1 X103.127 Y125.333 E518.78568
G1 X103.014 Y125.175 E518.79214
G1 X103.014 Y109.825 E519.30269
G1 X103.127 Y109.667 E519.30915
G1 X103.318 Y109.598 E519.3159
G1 X131.682 Y109.598 E520.25929
G1 X131.873 Y109.667 E520.26605
M204 S5000
M205 X30 Y30
G0 F7200 X131.986 Y109.825
G0 X131.986 Y109.831
G0 X131.516 Y110.068
G0 X124.303 Y111.476
G0 X123.149 Y111.826
G0 X122.087 Y112.393
G0 X121.157 Y113.157
G0 X120.393 Y114.087
G0 X119.826 Y115.149
G0 X119.543 Y116.083
G0 X119.302 Y117.452
G0 X119.799 Y117.5
M204 S500
M205 X20 Y20
G1 F1800 X119.909 Y118.612 E520.30321
G1 X120.233 Y119.682 E520.3404
G1 X120.76 Y120.668 E520.37758
G1 X121.469 Y121.531 E520.41473
G1 X122.332 Y122.24 E520.45188
G1 X123.318 Y122.767 E520.48906
G1 X124.388 Y123.091 E520.52625
G1 X125.5 Y123.201 E520.56341
G1 X126.612 Y123.091 E520.60058
G1 X127.682 Y122.767 E520.63776
G1 X128.668 Y122.24 E520.67495
G1 X129.531 Y121.531 E520.71209
G1 X130.24 Y120.668 E520.74924
G1 X130.767 Y119.682 E520.78643
G1 X131.091 Y118.612 E520.82361
G1 X131.201 Y117.5 E520.86078
G1 X131.091 Y116.388 E520.89794
G1 X130.767 Y115.318 E520.93513
G1 X130.24 Y114.332 E520.97231
G1 X129.531 Y113.469 E521.00946
G1 X128.668 Y112.76 E521.04661
G1 X127.682 Y112.233 E521.08379
G1 X126.612 Y111.909 E521.12098
G1 X125.5 Y111.799 E521.15814
G1 X124.388 Y111.909 E521.19531
G1 X123.318 Y112.233 E521.23249
G1 X122.332 Y112.76 E521.26968
G1 X121.469 Y113.469 E521.30682
G1 X120.76 Y114.332 E521.34397
G1 X120.233 Y115.318 E521.38116
G1 X119.909 Y116.388 E521.41834
G1 X119.799 Y117.5 E521.45551
M204 S5000
M205 X30 Y30
G0 F7200 X119.818 Y117.699
G0 X119.321 Y117.747
G0 X112.913 Y112.393
G0 X111.851 Y111.826
G0 X110.697 Y111.476
G0 X109.5 Y111.357
G0 X108.303 Y111.476
G0 X107.149 Y111.826
G0 X106.087 Y112.393
G0 X105.157 Y113.157
G0 X104.393 Y114.087
G0 X103.826 Y115.149
G0 X103.511 Y116.187
G0 X103.418 Y117.229
G0 X103.799 Y117.5
M204 S500
M205 X20 Y20
G1 F1800 X103.909 Y118.612 E521.49267
G1 X104.233 Y119.682 E521.52986
G1 X104.76 Y120.668 E521.56704
G1 X105.469 Y121.531 E521.60419
G1 X106.332 Y122.24 E521.64134
G1 X107.318 Y122.767 E521.67852
G1 X108.388 Y123.091 E521.71571
G1 X109.5 Y123.201 E521.75287
G1 X110.612 Y123.091 E521.79004
G1 X111.682 Y122.767 E521.82722
G1 X112.668 Y122.24 E521.86441
G1 X113.531 Y121.531 E521.90156
G1 X114.24 Y120.668 E521.9387
G1 X114.767 Y119.682 E521.97589
G1 X115.091 Y118.612 E522.01307
G1 X115.201 Y117.5 E522.05024
G1 X115.091 Y116.388 E522.0874
G1 X114.767 Y115.318 E522.12459
G1 X114.24 Y114.332 E522.16177
G1 X113.531 Y113.469 E522.19892
G1 X112.668 Y112.76 E522.23607
G1 X111.682 Y112.233 E522.27325
G1 X110.612 Y111.909 E522.31044
G1 X109.5 Y111.799 E522.3476
G1 X108.388 Y111.909 E522.38477
G1 X107.318 Y112.233 E522.42195
G1 X106.332 Y112.76 E522.45914
G1 X105.469 Y113.469 E522.49629
G1 X104.76 Y114.332 E522.53344
G1 X104.233 Y115.318 E522.57062
G1 X103.909 Y116.388 E522.6078
G1 X103.799 Y117.5 E522.64497
M204 S5000
M205 X30 Y30
G0 F7200 X103.818 Y117.699
G0 X103.464 Y118.68
G0 X103.646 Y119.799
G0 X103.627 Y119.817
M204 S500
M205 X20 Y20
;TYPE:SKIN
G1 F1800 X103.668 Y120.059 E522.64939
G1 X103.717 Y120.292 E522.65367
M204 S5000
M205 X30 Y30
G0 F7200 X103.609 Y120.401
G0 X105.157 Y121.843
G0 X106.087 Y122.607
G0 X107.149 Y123.174
G0 X108.303 Y123.524
G0 X109.5 Y123.643
G0 X110.697 Y123.524
G0 X111.851 Y123.174
G0 X112.913 Y122.607
G0 X113.843 Y121.843
G0 X114.607 Y120.913
G0 X115.174 Y119.851
G0 X115.524 Y118.697
G0 X115.643 Y117.5
G0 X115.524 Y116.303
G0 X115.174 Y115.149
G0 X114.607 Y114.087
G0 X113.843 Y113.157
G0 X112.913 Y112.393
G0 X111.851 Y111.826
G0 X110.697 Y111.476
G0 X109.5 Y111.357
G0 X108.303 Y111.476
G0 X107.149 Y111.826
G0 X106.087 Y112.393
G0 X105.25 Y113.08
G0 X103.608 Y115.028
G0 X103.719 Y114.917
M204 S500
M205 X20 Y20
G1 F1800 X103.691 Y114.662 E522.66279
M204 S5000
M205 X30 Y30
G0 F7200 X103.774 Y114.58
G0 X103.442 Y110.026
G0 X128.746 Y110.026
G0 X131.103 Y114.686
G0 X131.153 Y114.636
M204 S500
M205 X20 Y20
G1 F1800 X131.296 Y114.776 E522.66689
G1 X131.345 Y115.009 E522.67178
M204 S5000
M205 X30 Y30
G0 F7200 X131.39 Y114.965
G0 X129.843 Y113.157
G0 X128.913 Y112.393
G0 X127.851 Y111.826
G0 X126.697 Y111.476
G0 X125.5 Y111.357
G0 X124.303 Y111.476
G0 X123.149 Y111.826
G0 X122.087 Y112.393
G0 X121.157 Y113.157
G0 X120.393 Y114.087
G0 X119.826 Y115.149
G0 X119.476 Y116.303
G0 X119.357 Y117.5
G0 X119.476 Y118.697
G0 X119.826 Y119.851
G0 X120.393 Y120.913
G0 X121.157 Y121.843
G0 X122.087 Y122.607
G0 X123.149 Y123.174
G0 X124.303 Y123.524
G0 X125.5 Y123.643
G0 X126.697 Y123.524
G0 X127.851 Y123.174
G0 X128.913 Y122.607
G0 X129.666 Y121.989
G0 X131.39 Y120.056
M204 S500
M205 X20 Y20
G1 F1800 X131.067 Y120.379 E522.67937
M204 S5000
M205 X30 Y30
G0 F7200 X131.294 Y120.435
M204 S500
M205 X20 Y20
G1 F1800 X131.39 Y120.339 E522.68163
M204 S5000
M205 X30 Y30
G0 F7200 X131.291 Y120.396
;MESH:NONMESH
G0 X131.558 Y124.974
G0 X113.843 Y121.843
G0 X114.607 Y120.913
G0 X115.174 Y119.851
G0 X115.524 Y118.697
G0 X115.643 Y117.5
G0 X115.524 Y116.303
G0 X115.174 Y115.149
G0 X114.607 Y114.087
G0 X113.843 Y113.157
G0 X112.913 Y112.393
G0 X111.851 Y111.826
G0 X110.917 Y111.543
G0 X104.501 Y110.158
;TIME_ELAPSED:555.701575
;LAYER:30
;MESH:listwa_mocujaca.stl
G0 X104.501 Y110.158 Z6.2
M204 S500
M205 X20 Y20
;TYPE:FILL
G1 F3600 X106.419 Y112.076 E522.77185
G1 X106.489 Y112.146
M204 S5000
M205 X30 Y30
G0 F7200 X106.474 Y112.117
G0 X107.871 Y110.157
M204 S500
M205 X20 Y20
G1 F3600 X103.574 Y114.455 E522.97399
G1 X103.504 Y114.525
M204 S5000
M205 X30 Y30
G0 F7200 X103.514 Y114.525
G0 X106.087 Y112.393
G0 X107.149 Y111.826
G0 X108.303 Y111.476
G0 X109.5 Y111.357
G0 X110.697 Y111.476
G0 X111.851 Y111.826
G0 X112.913 Y112.393
G0 X113.843 Y113.157
G0 X114.607 Y114.087
G0 X115.174 Y115.149
G0 X115.524 Y116.303
G0 X115.643 Y117.5
G0 X115.524 Y118.697
G0 X115.174 Y119.851
G0 X114.607 Y120.913
G0 X113.843 Y121.843
G0 X112.913 Y122.607
G0 X111.851 Y123.174
G0 X110.697 Y123.524
G0 X109.5 Y123.643
G0 X108.303 Y123.524
G0 X107.149 Y123.174
G0 X106.194 Y122.664
G0 X103.574 Y120.544
M204 S500
M205 X20 Y20
G1 F3600 X107.87 Y124.841 E523.17608
G1 X107.94 Y124.911
M204 S5000
M205 X30 Y30
G0 F7200 X107.94 Y124.902
G0 X110.158 Y124.841
M204 S500
M205 X20 Y20
G1 F3600 X111.633 Y123.366 E523.24546
M204 S5000
M205 X30 Y30
G0 F7200 X111.947 Y123.26
M204 S500
M205 X20 Y20
G1 F3600 X113.527 Y124.841 E523.3198
G1 X113.597 Y124.911
M204 S5000
M205 X30 Y30
G0 F7200 X113.597 Y124.902
G0 X115.814 Y124.841
M204 S500
M205 X20 Y20
G1 F3600 X120.077 Y120.579 E523.5203
G1 X120.147 Y120.509
M204 S5000
M205 X30 Y30
G0 F7200 X120.117 Y120.525
G0 X119.632 Y119.632
M204 S500
M205 X20 Y20
G1 F3600 X115.366 Y115.366 E523.72096
G1 X115.296 Y115.296
M204 S5000
M205 X30 Y30
G0 F7200 X114.922 Y114.42
M204 S500
M205 X20 Y20
G1 F3600 X119.185 Y110.157 E523.92148
G1 X119.255 Y110.087
M204 S5000
M205 X30 Y30
G0 F7200 X119.255 Y110.098
G0 X121.471 Y110.158
M204 S500
M205 X20 Y20
G1 F3600 X123.052 Y111.738 E523.99582
M204 S5000
M205 X30 Y30
G0 F7200 X123.367 Y111.632
M204 S500
M205 X20 Y20
G1 F3600 X124.842 Y110.157 E524.0652
G1 X124.912 Y110.087
M204 S5000
M205 X30 Y30
G0 F7200 X124.912 Y110.098
G0 X127.128 Y110.158
M204 S500
M205 X20 Y20
G1 F3600 X131.424 Y114.454 E524.26727
G1 X131.494 Y114.524
M204 S5000
M205 X30 Y30
G0 F7200 X131.486 Y114.524
G0 X128.578 Y112.077
M204 S500
M205 X20 Y20
G1 F3600 X130.499 Y110.157 E524.3576
G1 X130.569 Y110.087
M204 S5000
M205 X30 Y30
G0 F7200 X130.569 Y110.098
G0 X124.303 Y111.476
G0 X123.149 Y111.826
G0 X122.087 Y112.393
G0 X121.157 Y113.157
G0 X120.393 Y114.087
G0 X119.826 Y115.149
G0 X119.476 Y116.303
G0 X119.357 Y117.5
G0 X119.476 Y118.697
G0 X119.826 Y119.851
G0 X120.393 Y120.913
G0 X121.157 Y121.843
G0 X122.087 Y122.607
G0 X123.149 Y123.174
G0 X124.303 Y123.524
G0 X125.5 Y123.643
G0 X126.697 Y123.524
G0 X127.851 Y123.174
G0 X128.806 Y122.664
G0 X131.424 Y120.545
M204 S500
M205 X20 Y20
G1 F3600 X127.128 Y124.841 E524.55967
G1 X127.058 Y124.911
M204 S5000
M205 X30 Y30
G0 F7200 X127.058 Y124.902
G0 X124.841 Y124.841
M204 S500
M205 X20 Y20
G1 F3600 X123.367 Y123.367 E524.62901
M204 S5000
M205 X30 Y30
G0 F7200 X123.053 Y123.26
M204 S500
M205 X20 Y20
G1 F3600 X121.471 Y124.841 E524.7034
G1 X121.401 Y124.911
M204 S5000
M205 X30 Y30
G0 F7200 X121.401 Y124.902
G0 X119.184 Y124.841
M204 S500
M205 X20 Y20
G1 F3600 X114.921 Y120.578 E524.90391
G1 X114.851 Y120.508
M204 S5000
M205 X30 Y30
G0 F7200 X114.882 Y120.526
G0 X115.367 Y119.632
M204 S500
M205 X20 Y20
G1 F3600 X119.631 Y115.368 E525.10448
G1 X119.701 Y115.298
M204 S5000
M205 X30 Y30
G0 F7200 X120.077 Y114.42
M204 S500
M205 X20 Y20
G1 F3600 X115.814 Y110.158 E525.30497
G1 X115.744 Y110.088
M204 S5000
M205 X30 Y30
G0 F7200 X115.744 Y110.098
G0 X113.528 Y110.157
M204 S500
M205 X20 Y20
G1 F3600 X111.947 Y111.739 E525.37936
M204 S5000
M205 X30 Y30
G0 F7200 X111.631 Y111.631
M204 S500
M205 X20 Y20
G1 F3600 X110.158 Y110.158 E525.44865
G1 X110.088 Y110.088
M204 S5000
M205 X30 Y30
G0 F7200 X110.088 Y110.098
G0 X113.843 Y113.157
G0 X114.607 Y114.087
G0 X115.174 Y115.149
G0 X115.524 Y116.303
G0 X115.643 Y117.5
G0 X115.524 Y118.697
G0 X115.174 Y119.851
G0 X114.607 Y120.913
G0 X113.843 Y121.843
G0 X112.913 Y122.607
G0 X111.851 Y123.174
G0 X110.697 Y123.524
G0 X109.5 Y123.643
G0 X108.423 Y123.536
G0 X106.42 Y122.922
M204 S500
M205 X20 Y20
G1 F3600 X104.501 Y124.841 E525.53891
G1 X104.431 Y124.911
M204 S5000
M205 X30 Y30
G0 F7200 X104.431 Y124.902
G0 X125.5 Y123.643
G0 X126.577 Y123.536
G0 X128.579 Y122.922
M204 S500
M205 X20 Y20
G1 F3600 X130.497 Y124.841 E525.62915
G1 X130.567 Y124.911
M204 S5000
M205 X30 Y30
G0 F7200 X130.567 Y124.902
G0 X124.303 Y123.524
G0 X123.149 Y123.174
G0 X122.087 Y122.607
G0 X121.157 Y121.843
G0 X120.393 Y120.913
G0 X119.826 Y119.851
G0 X119.476 Y118.697
G0 X119.357 Y117.5
G0 X119.476 Y116.303
G0 X119.826 Y115.149
G0 X120.393 Y114.087
G0 X121.157 Y113.157
G0 X122.087 Y112.393
G0 X123.149 Y111.826
G0 X124.083 Y111.543
G0 X125.5 Y111.297
G0 X125.5 Y111.397
M204 S500
M205 X20 Y20
;TYPE:WALL-INNER
G1 F3600 X124.31 Y111.515 E525.66893
G1 X123.164 Y111.862 E525.70875
G1 X122.109 Y112.426 E525.74854
G1 X121.185 Y113.185 E525.78831
G1 X120.426 Y114.109 E525.82808
G1 X119.862 Y115.164 E525.86787
G1 X119.515 Y116.31 E525.9077
G1 X119.397 Y117.5 E525.94747
G1 X119.515 Y118.69 E525.98725
G1 X119.862 Y119.836 E526.02707
G1 X120.426 Y120.891 E526.06686
G1 X121.185 Y121.815 E526.10663
G1 X122.109 Y122.574 E526.1464
G1 X123.164 Y123.138 E526.18619
G1 X124.31 Y123.485 E526.22602
G1 X125.5 Y123.603 E526.26579
G1 X126.69 Y123.485 E526.30556
G1 X127.836 Y123.138 E526.34539
G1 X128.891 Y122.574 E526.38518
G1 X129.815 Y121.815 E526.42495
G1 X130.574 Y120.891 E526.46472
G1 X131.138 Y119.836 E526.50451
G1 X131.193 Y119.656 E526.51077
G1 X131.485 Y118.69 E526.54433
G1 X131.586 Y117.671 E526.57839
G1 X131.586 Y118.69 E526.58264
G1 X131.586 Y119.699 E526.6038
G1 X131.586 Y125.002 E526.78017
G1 X103.414 Y125.002 E527.71718
G1 X103.414 Y119.699 E527.89356
G1 X103.414 Y118.69 E527.92712
G1 X103.414 Y117.671 E527.96101
G1 X103.515 Y118.69 E527.9654
G1 X103.807 Y119.656 E527.98655
G1 X103.862 Y119.836 E527.99281
G1 X104.426 Y120.891 E528.0326
G1 X105.185 Y121.815 E528.07237
G1 X106.109 Y122.574 E528.11214
G1 X107.164 Y123.138 E528.15193
G1 X108.31 Y123.485 E528.19176
G1 X109.5 Y123.603 E528.23153
G1 X110.69 Y123.485 E528.27131
G1 X111.836 Y123.138 E528.31113
G1 X112.891 Y122.574 E528.35092
G1 X113.815 Y121.815 E528.39069
G1 X114.574 Y120.891 E528.43046
G1 X115.138 Y119.836 E528.47025
G1 X115.485 Y118.69 E528.51008
G1 X115.603 Y117.5 E528.54985
G1 X115.485 Y116.31 E528.58962
G1 X115.138 Y115.164 E528.62945
G1 X114.574 Y114.109 E528.66924
G1 X113.815 Y113.185 E528.70901
G1 X112.891 Y112.426 E528.74878
G1 X111.836 Y111.862 E528.78857
G1 X110.69 Y111.515 E528.82839
G1 X109.5 Y111.397 E528.86817
G1 X108.31 Y111.515 E528.90794
G1 X107.164 Y111.862 E528.94777
G1 X106.109 Y112.426 E528.98756
G1 X105.185 Y113.185 E529.02733
G1 X104.426 Y114.109 E529.0671
G1 X103.862 Y115.164 E529.10689
G1 X103.807 Y115.344 E529.11315
G1 X103.515 Y116.31 E529.14671
G1 X103.414 Y117.329 E529.18077
G1 X103.414 Y116.31 E529.18502
G1 X103.414 Y115.301 E529.20617
G1 X103.414 Y109.998 E529.38255
G1 X131.586 Y109.998 E530.31956
G1 X131.586 Y115.301 E530.49594
G1 X131.586 Y116.31 E530.52949
G1 X131.586 Y117.329 E530.56339
G1 X131.485 Y116.31 E530.56777
G1 X131.193 Y115.344 E530.58893
G1 X131.138 Y115.164 E530.59519
G1 X130.574 Y114.109 E530.63498
G1 X129.815 Y113.185 E530.67475
G1 X128.891 Y112.426 E530.71452
G1 X127.836 Y111.862 E530.75431
G1 X126.69 Y111.515 E530.79414
G1 X125.5 Y111.397 E530.83391
M204 S5000
M205 X30 Y30
G0 F7200 X125.5 Y111.297
G0 X131.516 Y110.068
G0 X131.873 Y109.667
M204 S500
M205 X20 Y20
;TYPE:WALL-OUTER
G1 F1800 X131.986 Y109.825 E530.84037
G1 X131.986 Y125.175 E531.35091
G1 X131.873 Y125.333 E531.35737
G1 X131.682 Y125.402 E531.36413
G1 X103.318 Y125.402 E532.30752
G1 X103.127 Y125.333 E532.31427
G1 X103.014 Y125.175 E532.32074
G1 X103.014 Y109.825 E532.83128
G1 X103.127 Y109.667 E532.83774
G1 X103.318 Y109.598 E532.84449
G1 X131.682 Y109.598 E533.78788
G1 X131.873 Y109.667 E533.79464
M204 S5000
M205 X30 Y30
G0 F7200 X131.986 Y109.825
G0 X131.986 Y109.831
G0 X131.516 Y110.068
G0 X124.303 Y111.476
G0 X123.149 Y111.826
G0 X122.087 Y112.393
G0 X121.157 Y113.157
G0 X120.393 Y114.087
G0 X119.826 Y115.149
G0 X119.543 Y116.083
G0 X119.302 Y117.452
G0 X119.799 Y117.5
M204 S500
M205 X20 Y20
G1 F1800 X119.909 Y118.612 E533.8318
G1 X120.233 Y119.682 E533.86899
G1 X120.76 Y120.668 E533.90617
G1 X121.469 Y121.531 E533.94332
G1 X122.332 Y122.24 E533.98047
G1 X123.318 Y122.767 E534.01765
G1 X124.388 Y123.091 E534.05484
G1 X125.5 Y123.201 E534.092
G1 X126.612 Y123.091 E534.12917
G1 X127.682 Y122.767 E534.16635
G1 X128.668 Y122.24 E534.20354
G1 X129.531 Y121.531 E534.24069
G1 X130.24 Y120.668 E534.27783
G1 X130.767 Y119.682 E534.31502
G1 X131.091 Y118.612 E534.3522
G1 X131.201 Y117.5 E534.38937
G1 X131.091 Y116.388 E534.42654
G1 X130.767 Y115.318 E534.46372
G1 X130.24 Y114.332 E534.5009
G1 X129.531 Y113.469 E534.53805
G1 X128.668 Y112.76 E534.5752
G1 X127.682 Y112.233 E534.61239
G1 X126.612 Y111.909 E534.64957
G1 X125.5 Y111.799 E534.68674
G1 X124.388 Y111.909 E534.7239
G1 X123.318 Y112.233 E534.76109
G1 X122.332 Y112.76 E534.79827
G1 X121.469 Y113.469 E534.83542
G1 X120.76 Y114.332 E534.87257
G1 X120.233 Y115.318 E534.90975
G1 X119.909 Y116.388 E534.94693
G1 X119.799 Y117.5 E534.9841
M204 S5000
M205 X30 Y30
G0 F7200 X119.818 Y117.699
G0 X119.321 Y117.747
G0 X112.913 Y112.393
G0 X111.851 Y111.826
G0 X110.697 Y111.476
G0 X109.5 Y111.357
G0 X108.303 Y111.476
G0 X107.149 Y111.826
G0 X106.087 Y112.393
G0 X105.157 Y113.157
G0 X104.393 Y114.087
G0 X103.826 Y115.149
G0 X103.511 Y116.187
G0 X103.418 Y117.229
G0 X103.799 Y117.5
M204 S500
M205 X20 Y20
G1 F1800 X103.909 Y118.612 E535.02127
G1 X104.233 Y119.682 E535.05845
G1 X104.76 Y120.668 E535.09564
G1 X105.469 Y121.531 E535.13278
G1 X106.332 Y122.24 E535.16993
G1 X107.318 Y122.767 E535.20712
G1 X108.388 Y123.091 E535.2443
G1 X109.5 Y123.201 E535.28147
G1 X110.612 Y123.091 E535.31863
G1 X111.682 Y122.767 E535.35582
G1 X112.668 Y122.24 E535.393
G1 X113.531 Y121.531 E535.43015
G1 X114.24 Y120.668 E535.4673
G1 X114.767 Y119.682 E535.50448
G1 X115.091 Y118.612 E535.54167
G1 X115.201 Y117.5 E535.57883
G1 X115.091 Y116.388 E535.616
G1 X114.767 Y115.318 E535.65318
G1 X114.24 Y114.332 E535.69037
G1 X113.531 Y113.469 E535.72751
G1 X112.668 Y112.76 E535.76466
G1 X111.682 Y112.233 E535.80185
G1 X110.612 Y111.909 E535.83903
G1 X109.5 Y111.799 E535.8762
G1 X108.388 Y111.909 E535.91336
G1 X107.318 Y112.233 E535.95055
G1 X106.332 Y112.76 E535.98773
G1 X105.469 Y113.469 E536.02488
G1 X104.76 Y114.332 E536.06203
G1 X104.233 Y115.318 E536.09921
G1 X103.909 Y116.388 E536.1364
G1 X103.799 Y117.5 E536.17356
M204 S5000
M205 X30 Y30
G0 F7200 X103.818 Y117.699
G0 X103.464 Y118.68
G0 X103.608 Y120.013
G0 X103.745 Y120.15
M204 S500
M205 X20 Y20
;TYPE:SKIN
G1 F1800 X103.673 Y120.361 E536.18308
M204 S5000
M205 X30 Y30
G0 F7200 X103.608 Y120.296
G0 X105.157 Y121.843
G0 X106.087 Y122.607
G0 X107.149 Y123.174
G0 X108.303 Y123.524
G0 X109.5 Y123.643
G0 X110.697 Y123.524
G0 X111.851 Y123.174
G0 X112.913 Y122.607
G0 X113.843 Y121.843
G0 X114.607 Y120.913
G0 X115.174 Y119.851
G0 X115.524 Y118.697
G0 X115.643 Y117.5
G0 X115.524 Y116.303
G0 X115.174 Y115.149
G0 X114.607 Y114.087
G0 X113.843 Y113.157
G0 X112.913 Y112.393
G0 X111.851 Y111.826
G0 X110.697 Y111.476
G0 X109.5 Y111.357
G0 X108.303 Y111.476
G0 X107.149 Y111.826
G0 X106.087 Y112.393
G0 X105.157 Y113.157
G0 X103.713 Y115.027
G0 X103.66 Y114.974
M204 S500
M205 X20 Y20
G1 F1800 X103.71 Y114.741 E536.18798
G1 X103.881 Y114.629 E536.19217
M204 S5000
M205 X30 Y30
G0 F7200 X103.91 Y114.658
G0 X103.442 Y110.026
G0 X128.746 Y110.026
G0 X131.117 Y114.712
G0 X131.253 Y114.848
M204 S500
M205 X20 Y20
G1 F1800 X131.325 Y114.637 E536.20168
M204 S5000
M205 X30 Y30
G0 F7200 X131.26 Y114.573
G0 X129.843 Y113.157
G0 X128.913 Y112.393
G0 X127.851 Y111.826
G0 X126.697 Y111.476
G0 X125.5 Y111.357
G0 X124.303 Y111.476
G0 X123.149 Y111.826
G0 X122.087 Y112.393
G0 X121.157 Y113.157
G0 X120.393 Y114.087
G0 X119.826 Y115.149
G0 X119.476 Y116.303
G0 X119.357 Y117.5
G0 X119.476 Y118.697
G0 X119.826 Y119.851
G0 X120.393 Y120.913
G0 X121.157 Y121.843
G0 X122.087 Y122.607
G0 X123.149 Y123.174
G0 X124.303 Y123.524
G0 X125.5 Y123.643
G0 X126.697 Y123.524
G0 X127.851 Y123.174
G0 X128.913 Y122.607
G0 X129.843 Y121.843
G0 X131.285 Y119.971
G0 X131.337 Y120.023
M204 S500
M205 X20 Y20
G1 F1800 X131.288 Y120.257 E536.20658
G1 X131.117 Y120.369 E536.21077
M204 S5000
M205 X30 Y30
G0 F7200 X131.186 Y120.437
;MESH:NONMESH
G0 X131.558 Y124.974
G0 X113.843 Y121.843
G0 X114.607 Y120.913
G0 X115.174 Y119.851
G0 X115.524 Y118.697
G0 X115.643 Y117.5
G0 X115.524 Y116.303
G0 X115.174 Y115.149
G0 X114.607 Y114.087
G0 X113.843 Y113.157
G0 X112.913 Y112.393
G0 X111.851 Y111.826
G0 X110.917 Y111.543
G0 X104.501 Y110.158
;TIME_ELAPSED:570.858381
;LAYER:31
;MESH:listwa_mocujaca.stl
G0 X104.501 Y110.158 Z6.4
M204 S500
M205 X20 Y20
;TYPE:FILL
G1 F3600 X106.419 Y112.076 E536.30098
G1 X106.489 Y112.146
M204 S5000
M205 X30 Y30
G0 F7200 X106.474 Y112.117
G0 X107.871 Y110.157
M204 S500
M205 X20 Y20
G1 F3600 X103.574 Y114.455 E536.50312
G1 X103.504 Y114.525
M204 S5000
M205 X30 Y30
G0 F7200 X103.514 Y114.525
G0 X106.087 Y112.393
G0 X107.149 Y111.826
G0 X108.303 Y111.476
G0 X109.5 Y111.357
G0 X110.697 Y111.476
G0 X111.851 Y111.826
G0 X112.913 Y112.393
G0 X113.843 Y113.157
G0 X114.607 Y114.087
G0 X115.174 Y115.149
G0 X115.524 Y116.303
G0 X115.643 Y117.5
G0 X115.524 Y118.697
G0 X115.174 Y119.851
G0 X114.607 Y120.913
G0 X113.843 Y121.843
G0 X112.913 Y122.607
G0 X111.851 Y123.174
G0 X110.697 Y123.524
G0 X109.5 Y123.643
G0 X108.303 Y123.524
G0 X107.149 Y123.174
G0 X106.194 Y122.664
G0 X103.574 Y120.544
M204 S500
M205 X20 Y20
G1 F3600 X107.87 Y124.841 E536.70522
G1 X107.94 Y124.911
M204 S5000
M205 X30 Y30
G0 F7200 X107.94 Y124.902
G0 X110.158 Y124.841
M204 S500
M205 X20 Y20
G1 F3600 X111.633 Y123.366 E536.7746
M204 S5000
M205 X30 Y30
G0 F7200 X111.947 Y123.26
M204 S500
M205 X20 Y20
G1 F3600 X113.527 Y124.841 E536.84894
G1 X113.597 Y124.911
M204 S5000
M205 X30 Y30
G0 F7200 X113.597 Y124.902
G0 X115.814 Y124.841
M204 S500
M205 X20 Y20
G1 F3600 X120.077 Y120.579 E537.04944
G1 X120.147 Y120.509
M204 S5000
M205 X30 Y30
G0 F7200 X120.117 Y120.525
G0 X119.632 Y119.632
M204 S500
M205 X20 Y20
G1 F3600 X115.366 Y115.366 E537.25009
G1 X115.296 Y115.296
M204 S5000
M205 X30 Y30
G0 F7200 X114.922 Y114.42
M204 S500
M205 X20 Y20
G1 F3600 X119.185 Y110.157 E537.45061
G1 X119.255 Y110.087
M204 S5000
M205 X30 Y30
G0 F7200 X119.255 Y110.098
G0 X121.471 Y110.158
M204 S500
M205 X20 Y20
G1 F3600 X123.052 Y111.738 E537.52496
M204 S5000
M205 X30 Y30
G0 F7200 X123.367 Y111.632
M204 S500
M205 X20 Y20
G1 F3600 X124.842 Y110.157 E537.59433
G1 X124.912 Y110.087
M204 S5000
M205 X30 Y30
G0 F7200 X124.912 Y110.098
G0 X127.128 Y110.158
M204 S500
M205 X20 Y20
G1 F3600 X131.424 Y114.454 E537.79641
G1 X131.494 Y114.524
M204 S5000
M205 X30 Y30
G0 F7200 X131.486 Y114.524
G0 X128.578 Y112.077
M204 S500
M205 X20 Y20
G1 F3600 X130.499 Y110.157 E537.88674
G1 X130.569 Y110.087
M204 S5000
M205 X30 Y30
G0 F7200 X130.569 Y110.098
G0 X124.303 Y111.476
G0 X123.149 Y111.826
G0 X122.087 Y112.393
G0 X121.157 Y113.157
G0 X120.393 Y114.087
G0 X119.826 Y115.149
G0 X119.476 Y116.303
G0 X119.357 Y117.5
G0 X119.476 Y118.697
G0 X119.826 Y119.851
G0 X120.393 Y120.913
G0 X121.157 Y121.843
G0 X122.087 Y122.607
G0 X123.149 Y123.174
G0 X124.303 Y123.524
G0 X125.5 Y123.643
G0 X126.697 Y123.524
G0 X127.851 Y123.174
G0 X128.806 Y122.664
G0 X131.424 Y120.545
M204 S500
M205 X20 Y20
G1 F3600 X127.128 Y124.841 E538.08881
G1 X127.058 Y124.911
M204 S5000
M205 X30 Y30
G0 F7200 X127.058 Y124.902
G0 X124.841 Y124.841
M204 S500
M205 X20 Y20
G1 F3600 X123.367 Y123.367 E538.15814
M204 S5000
M205 X30 Y30
G0 F7200 X123.053 Y123.26
M204 S500
M205 X20 Y20
G1 F3600 X121.471 Y124.841 E538.23253
G1 X121.401 Y124.911
M204 S5000
M205 X30 Y30
G0 F7200 X121.401 Y124.902
G0 X119.184 Y124.841
M204 S500
M205 X20 Y20
G1 F3600 X114.921 Y120.578 E538.43305
G1 X114.851 Y120.508
M204 S5000
M205 X30 Y30
G0 F7200 X114.882 Y120.526
G0 X115.367 Y119.632
M204 S500
M205 X20 Y20
G1 F3600 X119.631 Y115.368 E538.63362
G1 X119.701 Y115.298
M204 S5000
M205 X30 Y30
G0 F7200 X120.077 Y114.42
M204 S500
M205 X20 Y20
G1 F3600 X115.814 Y110.158 E538.83411
G1 X115.744 Y110.088
M204 S5000
M205 X30 Y30
G0 F7200 X115.744 Y110.098
G0 X113.528 Y110.157
M204 S500
M205 X20 Y20
G1 F3600 X111.947 Y111.739 E538.9085
M204 S5000
M205 X30 Y30
G0 F7200 X111.631 Y111.631
M204 S500
M205 X20 Y20
G1 F3600 X110.158 Y110.158 E538.97778
G1 X110.088 Y110.088
M204 S5000
M205 X30 Y30
G0 F7200 X110.088 Y110.098
G0 X113.843 Y113.157
G0 X114.607 Y114.087
G0 X115.174 Y115.149
G0 X115.524 Y116.303
G0 X115.643 Y117.5
G0 X115.524 Y118.697
G0 X115.174 Y119.851
G0 X114.607 Y120.913
G0 X113.843 Y121.843
G0 X112.913 Y122.607
G0 X111.851 Y123.174
G0 X110.697 Y123.524
G0 X109.5 Y123.643
G0 X108.423 Y123.536
G0 X106.42 Y122.922
M204 S500
M205 X20 Y20
G1 F3600 X104.501 Y124.841 E539.06805
G1 X104.431 Y124.911
M204 S5000
M205 X30 Y30
G0 F7200 X104.431 Y124.902
G0 X125.5 Y123.643
G0 X126.577 Y123.536
G0 X128.579 Y122.922
M204 S500
M205 X20 Y20
G1 F3600 X130.497 Y124.841 E539.15829
G1 X130.567 Y124.911
M204 S5000
M205 X30 Y30
G0 F7200 X130.567 Y124.902
G0 X124.303 Y123.524
G0 X123.149 Y123.174
G0 X122.087 Y122.607
G0 X121.157 Y121.843
G0 X120.393 Y120.913
G0 X119.826 Y119.851
G0 X119.476 Y118.697
G0 X119.357 Y117.5
G0 X119.476 Y116.303
G0 X119.826 Y115.149
G0 X120.393 Y114.087
G0 X121.157 Y113.157
G0 X122.087 Y112.393
G0 X123.149 Y111.826
G0 X124.083 Y111.543
G0 X125.5 Y111.297
G0 X125.5 Y111.397
M204 S500
M205 X20 Y20
;TYPE:WALL-INNER
G1 F3600 X124.31 Y111.515 E539.19806
G1 X123.164 Y111.862 E539.23789
G1 X122.109 Y112.426 E539.27768
G1 X121.185 Y113.185 E539.31745
G1 X120.426 Y114.109 E539.35722
G1 X119.862 Y115.164 E539.39701
G1 X119.515 Y116.31 E539.43683
G1 X119.397 Y117.5 E539.47661
G1 X119.515 Y118.69 E539.51638
G1 X119.862 Y119.836 E539.55621
G1 X120.426 Y120.891 E539.59599
G1 X121.185 Y121.815 E539.63577
G1 X122.109 Y122.574 E539.67554
G1 X123.164 Y123.138 E539.71533
G1 X124.31 Y123.485 E539.75515
G1 X125.5 Y123.603 E539.79493
G1 X126.69 Y123.485 E539.8347
G1 X127.836 Y123.138 E539.87452
G1 X128.891 Y122.574 E539.91431
G1 X129.815 Y121.815 E539.95408
G1 X130.574 Y120.891 E539.99386
G1 X131.138 Y119.836 E540.03364
G1 X131.193 Y119.656 E540.0399
G1 X131.485 Y118.69 E540.07347
G1 X131.586 Y117.671 E540.10753
G1 X131.586 Y118.69 E540.11178
G1 X131.586 Y119.699 E540.13293
G1 X131.586 Y125.002 E540.30931
G1 X103.414 Y125.002 E541.24631
G1 X103.414 Y119.699 E541.42269
G1 X103.414 Y118.69 E541.45625
G1 X103.414 Y117.671 E541.49014
G1 X103.515 Y118.69 E541.49453
G1 X103.807 Y119.656 E541.51569
G1 X103.862 Y119.836 E541.52195
G1 X104.426 Y120.891 E541.56174
G1 X105.185 Y121.815 E541.60151
G1 X106.109 Y122.574 E541.64128
G1 X107.164 Y123.138 E541.68107
G1 X108.31 Y123.485 E541.72089
G1 X109.5 Y123.603 E541.76067
G1 X110.69 Y123.485 E541.80044
G1 X111.836 Y123.138 E541.84027
G1 X112.891 Y122.574 E541.88006
G1 X113.815 Y121.815 E541.91983
G1 X114.574 Y120.891 E541.9596
G1 X115.138 Y119.836 E541.99939
G1 X115.485 Y118.69 E542.03921
G1 X115.603 Y117.5 E542.07899
G1 X115.485 Y116.31 E542.11876
G1 X115.138 Y115.164 E542.15858
G1 X114.574 Y114.109 E542.19837
G1 X113.815 Y113.185 E542.23814
G1 X112.891 Y112.426 E542.27792
G1 X111.836 Y111.862 E542.3177
G1 X110.69 Y111.515 E542.35753
G1 X109.5 Y111.397 E542.3973
G1 X108.31 Y111.515 E542.43708
G1 X107.164 Y111.862 E542.4769
G1 X106.109 Y112.426 E542.51669
G1 X105.185 Y113.185 E542.55646
G1 X104.426 Y114.109 E542.59623
G1 X103.862 Y115.164 E542.63602
G1 X103.807 Y115.344 E542.64228
G1 X103.515 Y116.31 E542.67585
G1 X103.414 Y117.329 E542.70991
G1 X103.414 Y116.31 E542.71416
G1 X103.414 Y115.301 E542.73531
G1 X103.414 Y109.998 E542.91169
G1 X131.586 Y109.998 E543.84869
G1 X131.586 Y115.301 E544.02507
G1 X131.586 Y116.31 E544.05863
G1 X131.586 Y117.329 E544.09252
G1 X131.485 Y116.31 E544.09691
G1 X131.193 Y115.344 E544.11807
G1 X131.138 Y115.164 E544.12433
G1 X130.574 Y114.109 E544.16412
G1 X129.815 Y113.185 E544.20389
G1 X128.891 Y112.426 E544.24366
G1 X127.836 Y111.862 E544.28345
G1 X126.69 Y111.515 E544.32327
G1 X125.5 Y111.397 E544.36305
M204 S5000
M205 X30 Y30
G0 F7200 X125.5 Y111.297
G0 X131.516 Y110.068
G0 X131.873 Y109.667
M204 S500
M205 X20 Y20
;TYPE:WALL-OUTER
G1 F1800 X131.986 Y109.825 E544.36951
G1 X131.986 Y125.175 E544.88005
G1 X131.873 Y125.333 E544.88651
G1 X131.682 Y125.402 E544.89327
G1 X103.318 Y125.402 E545.83666
G1 X103.127 Y125.333 E545.84341
G1 X103.014 Y125.175 E545.84987
G1 X103.014 Y109.825 E546.36041
G1 X103.127 Y109.667 E546.36687
G1 X103.318 Y109.598 E546.37363
G1 X131.682 Y109.598 E547.31702
G1 X131.873 Y109.667 E547.32377
M204 S5000
M205 X30 Y30
G0 F7200 X131.986 Y109.825
G0 X131.986 Y109.831
G0 X131.516 Y110.068
G0 X124.303 Y111.476
G0 X123.149 Y111.826
G0 X122.087 Y112.393
G0 X121.157 Y113.157
G0 X120.393 Y114.087
G0 X119.826 Y115.149
G0 X119.543 Y116.083
G0 X119.302 Y117.452
G0 X119.799 Y117.5
M204 S500
M205 X20 Y20
G1 F1800 X119.909 Y118.612 E547.36094
G1 X120.233 Y119.682 E547.39812
G1 X120.76 Y120.668 E547.43531
G1 X121.469 Y121.531 E547.47246
G1 X122.332 Y122.24 E547.5096
G1 X123.318 Y122.767 E547.54679
G1 X124.388 Y123.091 E547.58397
G1 X125.5 Y123.201 E547.62114
G1 X126.612 Y123.091 E547.65831
G1 X127.682 Y122.767 E547.69549
G1 X128.668 Y122.24 E547.73267
G1 X129.531 Y121.531 E547.76982
G1 X130.24 Y120.668 E547.80697
G1 X130.767 Y119.682 E547.84416
G1 X131.091 Y118.612 E547.88134
G1 X131.201 Y117.5 E547.91851
G1 X131.091 Y116.388 E547.95567
G1 X130.767 Y115.318 E547.99286
G1 X130.24 Y114.332 E548.03004
G1 X129.531 Y113.469 E548.06719
G1 X128.668 Y112.76 E548.10434
G1 X127.682 Y112.233 E548.14152
G1 X126.612 Y111.909 E548.1787
G1 X125.5 Y111.799 E548.21587
G1 X124.388 Y111.909 E548.25304
G1 X123.318 Y112.233 E548.29022
G1 X122.332 Y112.76 E548.32741
G1 X121.469 Y113.469 E548.36455
G1 X120.76 Y114.332 E548.4017
G1 X120.233 Y115.318 E548.43889
G1 X119.909 Y116.388 E548.47607
G1 X119.799 Y117.5 E548.51324
M204 S5000
M205 X30 Y30
G0 F7200 X119.818 Y117.699
G0 X119.321 Y117.747
G0 X112.913 Y112.393
G0 X111.851 Y111.826
G0 X110.697 Y111.476
G0 X109.5 Y111.357
G0 X108.303 Y111.476
G0 X107.149 Y111.826
G0 X106.087 Y112.393
G0 X105.157 Y113.157
G0 X104.393 Y114.087
G0 X103.826 Y115.149
G0 X103.511 Y116.187
G0 X103.418 Y117.229
G0 X103.799 Y117.5
M204 S500
M205 X20 Y20
G1 F1800 X103.909 Y118.612 E548.5504
G1 X104.233 Y119.682 E548.58759
G1 X104.76 Y120.668 E548.62477
G1 X105.469 Y121.531 E548.66192
G1 X106.332 Y122.24 E548.69907
G1 X107.318 Y122.767 E548.73625
G1 X108.388 Y123.091 E548.77344
G1 X109.5 Y123.201 E548.8106
G1 X110.612 Y123.091 E548.84777
G1 X111.682 Y122.767 E548.88495
G1 X112.668 Y122.24 E548.92214
G1 X113.531 Y121.531 E548.95928
G1 X114.24 Y120.668 E548.99643
G1 X114.767 Y119.682 E549.03362
G1 X115.091 Y118.612 E549.0708
G1 X115.201 Y117.5 E549.10797
G1 X115.091 Y116.388 E549.14513
G1 X114.767 Y115.318 E549.18232
G1 X114.24 Y114.332 E549.2195
G1 X113.531 Y113.469 E549.25665
G1 X112.668 Y112.76 E549.2938
G1 X111.682 Y112.233 E549.33098
G1 X110.612 Y111.909 E549.36817
G1 X109.5 Y111.799 E549.40533
G1 X108.388 Y111.909 E549.4425
G1 X107.318 Y112.233 E549.47968
G1 X106.332 Y112.76 E549.51687
G1 X105.469 Y113.469 E549.55402
G1 X104.76 Y114.332 E549.59116
G1 X104.233 Y115.318 E549.62835
G1 X103.909 Y116.388 E549.66553
G1 X103.799 Y117.5 E549.7027
M204 S5000
M205 X30 Y30
G0 F7200 X103.818 Y117.699
G0 X103.464 Y118.68
G0 X103.646 Y119.799
G0 X103.627 Y119.817
M204 S500
M205 X20 Y20
;TYPE:SKIN
G1 F1800 X103.668 Y120.059 E549.70712
G1 X103.717 Y120.292 E549.7114
M204 S5000
M205 X30 Y30
G0 F7200 X103.609 Y120.401
G0 X105.157 Y121.843
G0 X106.087 Y122.607
G0 X107.149 Y123.174
G0 X108.303 Y123.524
G0 X109.5 Y123.643
G0 X110.697 Y123.524
G0 X111.851 Y123.174
G0 X112.913 Y122.607
G0 X113.843 Y121.843
G0 X114.607 Y120.913
G0 X115.174 Y119.851
G0 X115.524 Y118.697
G0 X115.643 Y117.5
G0 X115.524 Y116.303
G0 X115.174 Y115.149
G0 X114.607 Y114.087
G0 X113.843 Y113.157
G0 X112.913 Y112.393
G0 X111.851 Y111.826
G0 X110.697 Y111.476
G0 X109.5 Y111.357
G0 X108.303 Y111.476
G0 X107.149 Y111.826
G0 X106.087 Y112.393
G0 X105.25 Y113.08
G0 X103.608 Y115.028
G0 X103.719 Y114.917
M204 S500
M205 X20 Y20
G1 F1800 X103.691 Y114.662 E549.72052
M204 S5000
M205 X30 Y30
G0 F7200 X103.774 Y114.58
G0 X103.442 Y110.026
G0 X128.746 Y110.026
G0 X131.103 Y114.686
G0 X131.153 Y114.636
M204 S500
M205 X20 Y20
G1 F1800 X131.296 Y114.776 E549.72462
G1 X131.345 Y115.009 E549.72951
M204 S5000
M205 X30 Y30
G0 F7200 X131.39 Y114.965
G0 X129.843 Y113.157
G0 X128.913 Y112.393
G0 X127.851 Y111.826
G0 X126.697 Y111.476
G0 X125.5 Y111.357
G0 X124.303 Y111.476
G0 X123.149 Y111.826
G0 X122.087 Y112.393
G0 X121.157 Y113.157
G0 X120.393 Y114.087
G0 X119.826 Y115.149
G0 X119.476 Y116.303
G0 X119.357 Y117.5
G0 X119.476 Y118.697
G0 X119.826 Y119.851
G0 X120.393 Y120.913
G0 X121.157 Y121.843
G0 X122.087 Y122.607
G0 X123.149 Y123.174
G0 X124.303 Y123.524
G0 X125.5 Y123.643
G0 X126.697 Y123.524
G0 X127.851 Y123.174
G0 X128.913 Y122.607
G0 X129.666 Y121.989
G0 X131.39 Y120.056
M204 S500
M205 X20 Y20
G1 F1800 X131.067 Y120.379 E549.7371
M204 S5000
M205 X30 Y30
G0 F7200 X131.294 Y120.435
M204 S500
M205 X20 Y20
G1 F1800 X131.39 Y120.339 E549.73936
M204 S5000
M205 X30 Y30
G0 F7200 X131.291 Y120.396
;MESH:NONMESH
G0 X131.558 Y124.974
G0 X113.843 Y121.843
G0 X114.607 Y120.913
G0 X115.174 Y119.851
G0 X115.524 Y118.697
G0 X115.643 Y117.5
G0 X115.524 Y116.303
G0 X115.174 Y115.149
G0 X114.607 Y114.087
G0 X113.843 Y113.157
G0 X112.913 Y112.393
G0 X111.851 Y111.826
G0 X110.917 Y111.543
G0 X104.501 Y110.158
;TIME_ELAPSED:586.061634
;LAYER:32
;MESH:listwa_mocujaca.stl
G0 X104.501 Y110.158 Z6.6
M204 S500
M205 X20 Y20
;TYPE:FILL
G1 F3600 X106.419 Y112.076 E549.82958
G1 X106.489 Y112.146
M204 S5000
M205 X30 Y30
G0 F7200 X106.474 Y112.117
G0 X107.871 Y110.157
M204 S500
M205 X20 Y20
G1 F3600 X103.574 Y114.455 E550.03172
G1 X103.504 Y114.525
M204 S5000
M205 X30 Y30
G0 F7200 X103.514 Y114.525
G0 X106.087 Y112.393
G0 X107.149 Y111.826
G0 X108.303 Y111.476
G0 X109.5 Y111.357
G0 X110.697 Y111.476
G0 X111.851 Y111.826
G0 X112.913 Y112.393
G0 X113.843 Y113.157
G0 X114.607 Y114.087
G0 X115.174 Y115.149
G0 X115.524 Y116.303
G0 X115.643 Y117.5
G0 X115.524 Y118.697
G0 X115.174 Y119.851
G0 X114.607 Y120.913
G0 X113.843 Y121.843
G0 X112.913 Y122.607
G0 X111.851 Y123.174
G0 X110.697 Y123.524
G0 X109.5 Y123.643
G0 X108.303 Y123.524
G0 X107.149 Y123.174
G0 X106.194 Y122.664
G0 X103.574 Y120.544
M204 S500
M205 X20 Y20
G1 F3600 X107.87 Y124.841 E550.23381
G1 X107.94 Y124.911
M204 S5000
M205 X30 Y30
G0 F7200 X107.94 Y124.902
G0 X110.158 Y124.841
M204 S500
M205 X20 Y20
G1 F3600 X111.633 Y123.366 E550.30319
M204 S5000
M205 X30 Y30
G0 F7200 X111.947 Y123.26
M204 S500
M205 X20 Y20
G1 F3600 X113.527 Y124.841 E550.37753
G1 X113.597 Y124.911
M204 S5000
M205 X30 Y30
G0 F7200 X113.597 Y124.902
G0 X115.814 Y124.841
M204 S500
M205 X20 Y20
G1 F3600 X120.077 Y120.579 E550.57803
G1 X120.147 Y120.509
M204 S5000
M205 X30 Y30
G0 F7200 X120.117 Y120.525
G0 X119.632 Y119.632
M204 S500
M205 X20 Y20
G1 F3600 X115.366 Y115.366 E550.77869
G1 X115.296 Y115.296
M204 S5000
M205 X30 Y30
G0 F7200 X114.922 Y114.42
M204 S500
M205 X20 Y20
G1 F3600 X119.185 Y110.157 E550.97921
G1 X119.255 Y110.087
M204 S5000
M205 X30 Y30
G0 F7200 X119.255 Y110.098
G0 X121.471 Y110.158
M204 S500
M205 X20 Y20
G1 F3600 X123.052 Y111.738 E551.05355
M204 S5000
M205 X30 Y30
G0 F7200 X123.367 Y111.632
M204 S500
M205 X20 Y20
G1 F3600 X124.842 Y110.157 E551.12293
G1 X124.912 Y110.087
M204 S5000
M205 X30 Y30
G0 F7200 X124.912 Y110.098
G0 X127.128 Y110.158
M204 S500
M205 X20 Y20
G1 F3600 X131.424 Y114.454 E551.325
G1 X131.494 Y114.524
M204 S5000
M205 X30 Y30
G0 F7200 X131.486 Y114.524
G0 X128.578 Y112.077
M204 S500
M205 X20 Y20
G1 F3600 X130.499 Y110.157 E551.41533
G1 X130.569 Y110.087
M204 S5000
M205 X30 Y30
G0 F7200 X130.569 Y110.098
G0 X124.303 Y111.476
G0 X123.149 Y111.826
G0 X122.087 Y112.393
G0 X121.157 Y113.157
G0 X120.393 Y114.087
G0 X119.826 Y115.149
G0 X119.476 Y116.303
G0 X119.357 Y117.5
G0 X119.476 Y118.697
G0 X119.826 Y119.851
G0 X120.393 Y120.913
G0 X121.157 Y121.843
G0 X122.087 Y122.607
G0 X123.149 Y123.174
G0 X124.303 Y123.524
G0 X125.5 Y123.643
G0 X126.697 Y123.524
G0 X127.851 Y123.174
G0 X128.806 Y122.664
G0 X131.424 Y120.545
M204 S500
M205 X20 Y20
G1 F3600 X127.128 Y124.841 E551.6174
G1 X127.058 Y124.911
M204 S5000
M205 X30 Y30
G0 F7200 X127.058 Y124.902
G0 X124.841 Y124.841
M204 S500
M205 X20 Y20
G1 F3600 X123.367 Y123.367 E551.68674
M204 S5000
M205 X30 Y30
G0 F7200 X123.053 Y123.26
M204 S500
M205 X20 Y20
G1 F3600 X121.471 Y124.841 E551.76112
G1 X121.401 Y124.911
M204 S5000
M205 X30 Y30
G0 F7200 X121.401 Y124.902
G0 X119.184 Y124.841
M204 S500
M205 X20 Y20
G1 F3600 X114.921 Y120.578 E551.96164
G1 X114.851 Y120.508
M204 S5000
M205 X30 Y30
G0 F7200 X114.882 Y120.526
G0 X115.367 Y119.632
M204 S500
M205 X20 Y20
G1 F3600 X119.631 Y115.368 E552.16221
G1 X119.701 Y115.298
M204 S5000
M205 X30 Y30
G0 F7200 X120.077 Y114.42
M204 S500
M205 X20 Y20
G1 F3600 X115.814 Y110.158 E552.3627
G1 X115.744 Y110.088
M204 S5000
M205 X30 Y30
G0 F7200 X115.744 Y110.098
G0 X113.528 Y110.157
M204 S500
M205 X20 Y20
G1 F3600 X111.947 Y111.739 E552.43709
M204 S5000
M205 X30 Y30
G0 F7200 X111.631 Y111.631
M204 S500
M205 X20 Y20
G1 F3600 X110.158 Y110.158 E552.50638
G1 X110.088 Y110.088
M204 S5000
M205 X30 Y30
G0 F7200 X110.088 Y110.098
G0 X113.843 Y113.157
G0 X114.607 Y114.087
G0 X115.174 Y115.149
G0 X115.524 Y116.303
G0 X115.643 Y117.5
G0 X115.524 Y118.697
G0 X115.174 Y119.851
G0 X114.607 Y120.913
G0 X113.843 Y121.843
G0 X112.913 Y122.607
G0 X111.851 Y123.174
G0 X110.697 Y123.524
G0 X109.5 Y123.643
G0 X108.423 Y123.536
G0 X106.42 Y122.922
M204 S500
M205 X20 Y20
G1 F3600 X104.501 Y124.841 E552.59664
G1 X104.431 Y124.911
M204 S5000
M205 X30 Y30
G0 F7200 X104.431 Y124.902
G0 X125.5 Y123.643
G0 X126.577 Y123.536
G0 X128.579 Y122.922
M204 S500
M205 X20 Y20
G1 F3600 X130.497 Y124.841 E552.68688
G1 X130.567 Y124.911
M204 S5000
M205 X30 Y30
G0 F7200 X130.567 Y124.902
G0 X124.303 Y123.524
G0 X123.149 Y123.174
G0 X122.087 Y122.607
G0 X121.157 Y121.843
G0 X120.393 Y120.913
G0 X119.826 Y119.851
G0 X119.476 Y118.697
G0 X119.357 Y117.5
G0 X119.476 Y116.303
G0 X119.826 Y115.149
G0 X120.393 Y114.087
G0 X121.157 Y113.157
G0 X122.087 Y112.393
G0 X123.149 Y111.826
G0 X124.083 Y111.543
G0 X125.5 Y111.297
G0 X125.5 Y111.397
M204 S500
M205 X20 Y20
;TYPE:WALL-INNER
G1 F3600 X124.31 Y111.515 E552.72666
G1 X123.164 Y111.862 E552.76648
G1 X122.109 Y112.426 E552.80627
G1 X121.185 Y113.185 E552.84604
G1 X120.426 Y114.109 E552.88581
G1 X119.862 Y115.164 E552.9256
G1 X119.515 Y116.31 E552.96543
G1 X119.397 Y117.5 E553.0052
G1 X119.515 Y118.69 E553.04497
G1 X119.862 Y119.836 E553.0848
G1 X120.426 Y120.891 E553.12459
G1 X121.185 Y121.815 E553.16436
G1 X122.109 Y122.574 E553.20413
G1 X123.164 Y123.138 E553.24392
G1 X124.31 Y123.485 E553.28374
G1 X125.5 Y123.603 E553.32352
G1 X126.69 Y123.485 E553.36329
G1 X127.836 Y123.138 E553.40312
G1 X128.891 Y122.574 E553.44291
G1 X129.815 Y121.815 E553.48268
G1 X130.574 Y120.891 E553.52245
G1 X131.138 Y119.836 E553.56224
G1 X131.193 Y119.656 E553.5685
G1 X131.485 Y118.69 E553.60206
G1 X131.586 Y117.671 E553.63612
G1 X131.586 Y118.69 E553.64037
G1 X131.586 Y119.699 E553.66152
G1 X131.586 Y125.002 E553.8379
G1 X103.414 Y125.002 E554.77491
G1 X103.414 Y119.699 E554.95129
G1 X103.414 Y118.69 E554.98485
G1 X103.414 Y117.671 E555.01874
G1 X103.515 Y118.69 E555.02312
G1 X103.807 Y119.656 E555.04428
G1 X103.862 Y119.836 E555.05054
G1 X104.426 Y120.891 E555.09033
G1 X105.185 Y121.815 E555.1301
G1 X106.109 Y122.574 E555.16987
G1 X107.164 Y123.138 E555.20966
G1 X108.31 Y123.485 E555.24949
G1 X109.5 Y123.603 E555.28926
G1 X110.69 Y123.485 E555.32903
G1 X111.836 Y123.138 E555.36886
G1 X112.891 Y122.574 E555.40865
G1 X113.815 Y121.815 E555.44842
G1 X114.574 Y120.891 E555.48819
G1 X115.138 Y119.836 E555.52798
G1 X115.485 Y118.69 E555.5678
G1 X115.603 Y117.5 E555.60758
G1 X115.485 Y116.31 E555.64735
G1 X115.138 Y115.164 E555.68718
G1 X114.574 Y114.109 E555.72697
G1 X113.815 Y113.185 E555.76674
G1 X112.891 Y112.426 E555.80651
G1 X111.836 Y111.862 E555.8463
G1 X110.69 Y111.515 E555.88612
G1 X109.5 Y111.397 E555.9259
G1 X108.31 Y111.515 E555.96567
G1 X107.164 Y111.862 E556.0055
G1 X106.109 Y112.426 E556.04528
G1 X105.185 Y113.185 E556.08506
G1 X104.426 Y114.109 E556.12483
G1 X103.862 Y115.164 E556.16462
G1 X103.807 Y115.344 E556.17088
G1 X103.515 Y116.31 E556.20444
G1 X103.414 Y117.329 E556.2385
G1 X103.414 Y116.31 E556.24275
G1 X103.414 Y115.301 E556.2639
G1 X103.414 Y109.998 E556.44028
G1 X131.586 Y109.998 E557.37729
G1 X131.586 Y115.301 E557.55366
G1 X131.586 Y116.31 E557.58722
G1 X131.586 Y117.329 E557.62112
G1 X131.485 Y116.31 E557.6255
G1 X131.193 Y115.344 E557.64666
G1 X131.138 Y115.164 E557.65292
G1 X130.574 Y114.109 E557.69271
G1 X129.815 Y113.185 E557.73248
G1 X128.891 Y112.426 E557.77225
G1 X127.836 Y111.862 E557.81204
G1 X126.69 Y111.515 E557.85187
G1 X125.5 Y111.397 E557.89164
M204 S5000
M205 X30 Y30
G0 F7200 X125.5 Y111.297
G0 X131.516 Y110.068
G0 X131.873 Y109.667
M204 S500
M205 X20 Y20
;TYPE:WALL-OUTER
G1 F1800 X131.986 Y109.825 E557.8981
G1 X131.986 Y125.175 E558.40864
G1 X131.873 Y125.333 E558.4151
G1 X131.682 Y125.402 E558.42186
G1 X103.318 Y125.402 E559.36525
G1 X103.127 Y125.333 E559.372
G1 X103.014 Y125.175 E559.37846
G1 X103.014 Y109.825 E559.88901
G1 X103.127 Y109.667 E559.89547
G1 X103.318 Y109.598 E559.90222
G1 X131.682 Y109.598 E560.84561
G1 X131.873 Y109.667 E560.85237
M204 S5000
M205 X30 Y30
G0 F7200 X131.986 Y109.825
G0 X131.986 Y109.831
G0 X131.516 Y110.068
G0 X124.303 Y111.476
G0 X123.149 Y111.826
G0 X122.087 Y112.393
G0 X121.157 Y113.157
G0 X120.393 Y114.087
G0 X119.826 Y115.149
G0 X119.543 Y116.083
G0 X119.302 Y117.452
G0 X119.799 Y117.5
M204 S500
M205 X20 Y20
G1 F1800 X119.909 Y118.612 E560.88953
G1 X120.233 Y119.682 E560.92672
G1 X120.76 Y120.668 E560.9639
G1 X121.469 Y121.531 E561.00105
G1 X122.332 Y122.24 E561.0382
G1 X123.318 Y122.767 E561.07538
G1 X124.388 Y123.091 E561.11257
G1 X125.5 Y123.201 E561.14973
G1 X126.612 Y123.091 E561.1869
G1 X127.682 Y122.767 E561.22408
G1 X128.668 Y122.24 E561.26127
G1 X129.531 Y121.531 E561.29842
G1 X130.24 Y120.668 E561.33556
G1 X130.767 Y119.682 E561.37275
G1 X131.091 Y118.612 E561.40993
G1 X131.201 Y117.5 E561.4471
G1 X131.091 Y116.388 E561.48426
G1 X130.767 Y115.318 E561.52145
G1 X130.24 Y114.332 E561.55863
G1 X129.531 Y113.469 E561.59578
G1 X128.668 Y112.76 E561.63293
G1 X127.682 Y112.233 E561.67011
G1 X126.612 Y111.909 E561.7073
G1 X125.5 Y111.799 E561.74446
G1 X124.388 Y111.909 E561.78163
G1 X123.318 Y112.233 E561.81881
G1 X122.332 Y112.76 E561.856
G1 X121.469 Y113.469 E561.89315
G1 X120.76 Y114.332 E561.93029
G1 X120.233 Y115.318 E561.96748
G1 X119.909 Y116.388 E562.00466
G1 X119.799 Y117.5 E562.04183
M204 S5000
M205 X30 Y30
G0 F7200 X119.818 Y117.699
G0 X119.321 Y117.747
G0 X112.913 Y112.393
G0 X111.851 Y111.826
G0 X110.697 Y111.476
G0 X109.5 Y111.357
G0 X108.303 Y111.476
G0 X107.149 Y111.826
G0 X106.087 Y112.393
G0 X105.157 Y113.157
G0 X104.393 Y114.087
G0 X103.826 Y115.149
G0 X103.511 Y116.187
G0 X103.418 Y117.229
G0 X103.799 Y117.5
M204 S500
M205 X20 Y20
G1 F1800 X103.909 Y118.612 E562.079
G1 X104.233 Y119.682 E562.11618
G1 X104.76 Y120.668 E562.15336
G1 X105.469 Y121.531 E562.19051
G1 X106.332 Y122.24 E562.22766
G1 X107.318 Y122.767 E562.26484
G1 X108.388 Y123.091 E562.30203
G1 X109.5 Y123.201 E562.33919
G1 X110.612 Y123.091 E562.37636
G1 X111.682 Y122.767 E562.41354
G1 X112.668 Y122.24 E562.45073
G1 X113.531 Y121.531 E562.48788
G1 X114.24 Y120.668 E562.52503
G1 X114.767 Y119.682 E562.56221
G1 X115.091 Y118.612 E562.59939
G1 X115.201 Y117.5 E562.63656
G1 X115.091 Y116.388 E562.67373
G1 X114.767 Y115.318 E562.71091
G1 X114.24 Y114.332 E562.7481
G1 X113.531 Y113.469 E562.78524
G1 X112.668 Y112.76 E562.82239
G1 X111.682 Y112.233 E562.85958
G1 X110.612 Y111.909 E562.89676
G1 X109.5 Y111.799 E562.93393
G1 X108.388 Y111.909 E562.97109
G1 X107.318 Y112.233 E563.00828
G1 X106.332 Y112.76 E563.04546
G1 X105.469 Y113.469 E563.08261
G1 X104.76 Y114.332 E563.11976
G1 X104.233 Y115.318 E563.15694
G1 X103.909 Y116.388 E563.19413
G1 X103.799 Y117.5 E563.23129
M204 S5000
M205 X30 Y30
G0 F7200 X103.818 Y117.699
G0 X103.464 Y118.68
G0 X103.608 Y120.013
G0 X103.745 Y120.15
M204 S500
M205 X20 Y20
;TYPE:SKIN
G1 F1800 X103.673 Y120.361 E563.24081
M204 S5000
M205 X30 Y30
G0 F7200 X103.608 Y120.296
G0 X105.157 Y121.843
G0 X106.087 Y122.607
G0 X107.149 Y123.174
G0 X108.303 Y123.524
G0 X109.5 Y123.643
G0 X110.697 Y123.524
G0 X111.851 Y123.174
G0 X112.913 Y122.607
G0 X113.843 Y121.843
G0 X114.607 Y120.913
G0 X115.174 Y119.851
G0 X115.524 Y118.697
G0 X115.643 Y117.5
G0 X115.524 Y116.303
G0 X115.174 Y115.149
G0 X114.607 Y114.087
G0 X113.843 Y113.157
G0 X112.913 Y112.393
G0 X111.851 Y111.826
G0 X110.697 Y111.476
G0 X109.5 Y111.357
G0 X108.303 Y111.476
G0 X107.149 Y111.826
G0 X106.087 Y112.393
G0 X105.157 Y113.157
G0 X103.713 Y115.027
G0 X103.66 Y114.974
M204 S500
M205 X20 Y20
G1 F1800 X103.71 Y114.741 E563.2457
G1 X103.881 Y114.629 E563.2499
M204 S5000
M205 X30 Y30
G0 F7200 X103.91 Y114.658
G0 X103.442 Y110.026
G0 X128.746 Y110.026
G0 X131.117 Y114.712
G0 X131.253 Y114.848
M204 S500
M205 X20 Y20
G1 F1800 X131.325 Y114.637 E563.2594
M204 S5000
M205 X30 Y30
G0 F7200 X131.26 Y114.573
G0 X129.843 Y113.157
G0 X128.913 Y112.393
G0 X127.851 Y111.826
G0 X126.697 Y111.476
G0 X125.5 Y111.357
G0 X124.303 Y111.476
G0 X123.149 Y111.826
G0 X122.087 Y112.393
G0 X121.157 Y113.157
G0 X120.393 Y114.087
G0 X119.826 Y115.149
G0 X119.476 Y116.303
G0 X119.357 Y117.5
G0 X119.476 Y118.697
G0 X119.826 Y119.851
G0 X120.393 Y120.913
G0 X121.157 Y121.843
G0 X122.087 Y122.607
G0 X123.149 Y123.174
G0 X124.303 Y123.524
G0 X125.5 Y123.643
G0 X126.697 Y123.524
G0 X127.851 Y123.174
G0 X128.913 Y122.607
G0 X129.843 Y121.843
G0 X131.285 Y119.971
G0 X131.337 Y120.023
M204 S500
M205 X20 Y20
G1 F1800 X131.288 Y120.257 E563.2643
G1 X131.117 Y120.369 E563.2685
M204 S5000
M205 X30 Y30
G0 F7200 X131.186 Y120.437
;MESH:NONMESH
G0 X131.558 Y124.974
G0 X113.843 Y121.843
G0 X114.607 Y120.913
G0 X115.174 Y119.851
G0 X115.524 Y118.697
G0 X115.643 Y117.5
G0 X115.524 Y116.303
G0 X115.174 Y115.149
G0 X114.607 Y114.087
G0 X113.843 Y113.157
G0 X112.913 Y112.393
G0 X111.851 Y111.826
G0 X110.917 Y111.543
G0 X104.501 Y110.158
;TIME_ELAPSED:601.218440
;LAYER:33
;MESH:listwa_mocujaca.stl
G0 X104.501 Y110.158 Z6.8
M204 S500
M205 X20 Y20
;TYPE:FILL
G1 F3600 X106.419 Y112.076 E563.35871
G1 X106.489 Y112.146
M204 S5000
M205 X30 Y30
G0 F7200 X106.474 Y112.117
G0 X107.871 Y110.157
M204 S500
M205 X20 Y20
G1 F3600 X103.574 Y114.455 E563.56085
G1 X103.504 Y114.525
M204 S5000
M205 X30 Y30
G0 F7200 X103.514 Y114.525
G0 X106.087 Y112.393
G0 X107.149 Y111.826
G0 X108.303 Y111.476
G0 X109.5 Y111.357
G0 X110.697 Y111.476
G0 X111.851 Y111.826
G0 X112.913 Y112.393
G0 X113.843 Y113.157
G0 X114.607 Y114.087
G0 X115.174 Y115.149
G0 X115.524 Y116.303
G0 X115.643 Y117.5
G0 X115.524 Y118.697
G0 X115.174 Y119.851
G0 X114.607 Y120.913
G0 X113.843 Y121.843
G0 X112.913 Y122.607
G0 X111.851 Y123.174
G0 X110.697 Y123.524
G0 X109.5 Y123.643
G0 X108.303 Y123.524
G0 X107.149 Y123.174
G0 X106.194 Y122.664
G0 X103.574 Y120.544
M204 S500
M205 X20 Y20
G1 F3600 X107.87 Y124.841 E563.76295
G1 X107.94 Y124.911
M204 S5000
M205 X30 Y30
G0 F7200 X107.94 Y124.902
G0 X110.158 Y124.841
M204 S500
M205 X20 Y20
G1 F3600 X111.633 Y123.366 E563.83233
M204 S5000
M205 X30 Y30
G0 F7200 X111.947 Y123.26
M204 S500
M205 X20 Y20
G1 F3600 X113.527 Y124.841 E563.90667
G1 X113.597 Y124.911
M204 S5000
M205 X30 Y30
G0 F7200 X113.597 Y124.902
G0 X115.814 Y124.841
M204 S500
M205 X20 Y20
G1 F3600 X120.077 Y120.579 E564.10716
G1 X120.147 Y120.509
M204 S5000
M205 X30 Y30
G0 F7200 X120.117 Y120.525
G0 X119.632 Y119.632
M204 S500
M205 X20 Y20
G1 F3600 X115.366 Y115.366 E564.30782
G1 X115.296 Y115.296
M204 S5000
M205 X30 Y30
G0 F7200 X114.922 Y114.42
M204 S500
M205 X20 Y20
G1 F3600 X119.185 Y110.157 E564.50834
G1 X119.255 Y110.087
M204 S5000
M205 X30 Y30
G0 F7200 X119.255 Y110.098
G0 X121.471 Y110.158
M204 S500
M205 X20 Y20
G1 F3600 X123.052 Y111.738 E564.58268
M204 S5000
M205 X30 Y30
G0 F7200 X123.367 Y111.632
M204 S500
M205 X20 Y20
G1 F3600 X124.842 Y110.157 E564.65206
G1 X124.912 Y110.087
M204 S5000
M205 X30 Y30
G0 F7200 X124.912 Y110.098
G0 X127.128 Y110.158
M204 S500
M205 X20 Y20
G1 F3600 X131.424 Y114.454 E564.85413
G1 X131.494 Y114.524
M204 S5000
M205 X30 Y30
G0 F7200 X131.486 Y114.524
G0 X128.578 Y112.077
M204 S500
M205 X20 Y20
G1 F3600 X130.499 Y110.157 E564.94447
G1 X130.569 Y110.087
M204 S5000
M205 X30 Y30
G0 F7200 X130.569 Y110.098
G0 X124.303 Y111.476
G0 X123.149 Y111.826
G0 X122.087 Y112.393
G0 X121.157 Y113.157
G0 X120.393 Y114.087
G0 X119.826 Y115.149
G0 X119.476 Y116.303
G0 X119.357 Y117.5
G0 X119.476 Y118.697
G0 X119.826 Y119.851
G0 X120.393 Y120.913
G0 X121.157 Y121.843
G0 X122.087 Y122.607
G0 X123.149 Y123.174
G0 X124.303 Y123.524
G0 X125.5 Y123.643
G0 X126.697 Y123.524
G0 X127.851 Y123.174
G0 X128.806 Y122.664
G0 X131.424 Y120.545
M204 S500
M205 X20 Y20
G1 F3600 X127.128 Y124.841 E565.14654
G1 X127.058 Y124.911
M204 S5000
M205 X30 Y30
G0 F7200 X127.058 Y124.902
G0 X124.841 Y124.841
M204 S500
M205 X20 Y20
G1 F3600 X123.367 Y123.367 E565.21587
M204 S5000
M205 X30 Y30
G0 F7200 X123.053 Y123.26
M204 S500
M205 X20 Y20
G1 F3600 X121.471 Y124.841 E565.29026
G1 X121.401 Y124.911
M204 S5000
M205 X30 Y30
G0 F7200 X121.401 Y124.902
G0 X119.184 Y124.841
M204 S500
M205 X20 Y20
G1 F3600 X114.921 Y120.578 E565.49078
G1 X114.851 Y120.508
M204 S5000
M205 X30 Y30
G0 F7200 X114.882 Y120.526
G0 X115.367 Y119.632
M204 S500
M205 X20 Y20
G1 F3600 X119.631 Y115.368 E565.69134
G1 X119.701 Y115.298
M204 S5000
M205 X30 Y30
G0 F7200 X120.077 Y114.42
M204 S500
M205 X20 Y20
G1 F3600 X115.814 Y110.158 E565.89184
G1 X115.744 Y110.088
M204 S5000
M205 X30 Y30
G0 F7200 X115.744 Y110.098
G0 X113.528 Y110.157
M204 S500
M205 X20 Y20
G1 F3600 X111.947 Y111.739 E565.96623
M204 S5000
M205 X30 Y30
G0 F7200 X111.631 Y111.631
M204 S500
M205 X20 Y20
G1 F3600 X110.158 Y110.158 E566.03551
G1 X110.088 Y110.088
M204 S5000
M205 X30 Y30
G0 F7200 X110.088 Y110.098
G0 X113.843 Y113.157
G0 X114.607 Y114.087
G0 X115.174 Y115.149
G0 X115.524 Y116.303
G0 X115.643 Y117.5
G0 X115.524 Y118.697
G0 X115.174 Y119.851
G0 X114.607 Y120.913
G0 X113.843 Y121.843
G0 X112.913 Y122.607
G0 X111.851 Y123.174
G0 X110.697 Y123.524
G0 X109.5 Y123.643
G0 X108.423 Y123.536
G0 X106.42 Y122.922
M204 S500
M205 X20 Y20
G1 F3600 X104.501 Y124.841 E566.12578
G1 X104.431 Y124.911
M204 S5000
M205 X30 Y30
G0 F7200 X104.431 Y124.902
G0 X125.5 Y123.643
G0 X126.577 Y123.536
G0 X128.579 Y122.922
M204 S500
M205 X20 Y20
G1 F3600 X130.497 Y124.841 E566.21602
G1 X130.567 Y124.911
M204 S5000
M205 X30 Y30
G0 F7200 X130.567 Y124.902
G0 X124.303 Y123.524
G0 X123.149 Y123.174
G0 X122.087 Y122.607
G0 X121.157 Y121.843
G0 X120.393 Y120.913
G0 X119.826 Y119.851
G0 X119.476 Y118.697
G0 X119.357 Y117.5
G0 X119.476 Y116.303
G0 X119.826 Y115.149
G0 X120.393 Y114.087
G0 X121.157 Y113.157
G0 X122.087 Y112.393
G0 X123.149 Y111.826
G0 X124.083 Y111.543
G0 X125.5 Y111.297
G0 X125.5 Y111.397
M204 S500
M205 X20 Y20
;TYPE:WALL-INNER
G1 F3600 X124.31 Y111.515 E566.25579
G1 X123.164 Y111.862 E566.29562
G1 X122.109 Y112.426 E566.33541
G1 X121.185 Y113.185 E566.37518
G1 X120.426 Y114.109 E566.41495
G1 X119.862 Y115.164 E566.45474
G1 X119.515 Y116.31 E566.49456
G1 X119.397 Y117.5 E566.53434
G1 X119.515 Y118.69 E566.57411
G1 X119.862 Y119.836 E566.61393
G1 X120.426 Y120.891 E566.65372
G1 X121.185 Y121.815 E566.69349
G1 X122.109 Y122.574 E566.73327
G1 X123.164 Y123.138 E566.77306
G1 X124.31 Y123.485 E566.81288
G1 X125.5 Y123.603 E566.85265
G1 X126.69 Y123.485 E566.89243
G1 X127.836 Y123.138 E566.93225
G1 X128.891 Y122.574 E566.97204
G1 X129.815 Y121.815 E567.01181
G1 X130.574 Y120.891 E567.05158
G1 X131.138 Y119.836 E567.09137
G1 X131.193 Y119.656 E567.09763
G1 X131.485 Y118.69 E567.1312
G1 X131.586 Y117.671 E567.16526
G1 X131.586 Y118.69 E567.16951
G1 X131.586 Y119.699 E567.19066
G1 X131.586 Y125.002 E567.36704
G1 X103.414 Y125.002 E568.30404
G1 X103.414 Y119.699 E568.48042
G1 X103.414 Y118.69 E568.51398
G1 X103.414 Y117.671 E568.54787
G1 X103.515 Y118.69 E568.55226
G1 X103.807 Y119.656 E568.57342
G1 X103.862 Y119.836 E568.57968
G1 X104.426 Y120.891 E568.61947
G1 X105.185 Y121.815 E568.65924
G1 X106.109 Y122.574 E568.69901
G1 X107.164 Y123.138 E568.7388
G1 X108.31 Y123.485 E568.77862
G1 X109.5 Y123.603 E568.8184
G1 X110.69 Y123.485 E568.85817
G1 X111.836 Y123.138 E568.89799
G1 X112.891 Y122.574 E568.93778
G1 X113.815 Y121.815 E568.97756
G1 X114.574 Y120.891 E569.01733
G1 X115.138 Y119.836 E569.05712
G1 X115.485 Y118.69 E569.09694
G1 X115.603 Y117.5 E569.13671
G1 X115.485 Y116.31 E569.17649
G1 X115.138 Y115.164 E569.21631
G1 X114.574 Y114.109 E569.2561
G1 X113.815 Y113.185 E569.29587
G1 X112.891 Y112.426 E569.33564
G1 X111.836 Y111.862 E569.37543
G1 X110.69 Y111.515 E569.41526
G1 X109.5 Y111.397 E569.45503
G1 X108.31 Y111.515 E569.49481
G1 X107.164 Y111.862 E569.53463
G1 X106.109 Y112.426 E569.57442
G1 X105.185 Y113.185 E569.61419
G1 X104.426 Y114.109 E569.65396
G1 X103.862 Y115.164 E569.69375
G1 X103.807 Y115.344 E569.70001
G1 X103.515 Y116.31 E569.73358
G1 X103.414 Y117.329 E569.76763
G1 X103.414 Y116.31 E569.77188
G1 X103.414 Y115.301 E569.79304
G1 X103.414 Y109.998 E569.96942
G1 X131.586 Y109.998 E570.90642
G1 X131.586 Y115.301 E571.0828
G1 X131.586 Y116.31 E571.11636
G1 X131.586 Y117.329 E571.15025
G1 X131.485 Y116.31 E571.15464
G1 X131.193 Y115.344 E571.1758
G1 X131.138 Y115.164 E571.18206
G1 X130.574 Y114.109 E571.22184
G1 X129.815 Y113.185 E571.26162
G1 X128.891 Y112.426 E571.30139
G1 X127.836 Y111.862 E571.34118
G1 X126.69 Y111.515 E571.381
G1 X125.5 Y111.397 E571.42077
M204 S5000
M205 X30 Y30
G0 F7200 X125.5 Y111.297
G0 X131.516 Y110.068
G0 X131.873 Y109.667
M204 S500
M205 X20 Y20
;TYPE:WALL-OUTER
G1 F1800 X131.986 Y109.825 E571.42724
G1 X131.986 Y125.175 E571.93778
G1 X131.873 Y125.333 E571.94424
G1 X131.682 Y125.402 E571.95099
G1 X103.318 Y125.402 E572.89438
G1 X103.127 Y125.333 E572.90114
G1 X103.014 Y125.175 E572.9076
G1 X103.014 Y109.825 E573.41814
G1 X103.127 Y109.667 E573.4246
G1 X103.318 Y109.598 E573.43136
G1 X131.682 Y109.598 E574.37475
G1 X131.873 Y109.667 E574.3815
M204 S5000
M205 X30 Y30
G0 F7200 X131.986 Y109.825
G0 X131.986 Y109.831
G0 X131.516 Y110.068
G0 X124.303 Y111.476
G0 X123.149 Y111.826
G0 X122.087 Y112.393
G0 X121.157 Y113.157
G0 X120.393 Y114.087
G0 X119.826 Y115.149
G0 X119.543 Y116.083
G0 X119.302 Y117.452
G0 X119.799 Y117.5
M204 S500
M205 X20 Y20
G1 F1800 X119.909 Y118.612 E574.41867
G1 X120.233 Y119.682 E574.45585
G1 X120.76 Y120.668 E574.49304
G1 X121.469 Y121.531 E574.53019
G1 X122.332 Y122.24 E574.56733
G1 X123.318 Y122.767 E574.60452
G1 X124.388 Y123.091 E574.6417
G1 X125.5 Y123.201 E574.67887
G1 X126.612 Y123.091 E574.71603
G1 X127.682 Y122.767 E574.75322
G1 X128.668 Y122.24 E574.7904
G1 X129.531 Y121.531 E574.82755
G1 X130.24 Y120.668 E574.8647
G1 X130.767 Y119.682 E574.90188
G1 X131.091 Y118.612 E574.93907
G1 X131.201 Y117.5 E574.97623
G1 X131.091 Y116.388 E575.0134
G1 X130.767 Y115.318 E575.05058
G1 X130.24 Y114.332 E575.08777
G1 X129.531 Y113.469 E575.12492
G1 X128.668 Y112.76 E575.16206
G1 X127.682 Y112.233 E575.19925
G1 X126.612 Y111.909 E575.23643
G1 X125.5 Y111.799 E575.2736
G1 X124.388 Y111.909 E575.31077
G1 X123.318 Y112.233 E575.34795
G1 X122.332 Y112.76 E575.38513
G1 X121.469 Y113.469 E575.42228
G1 X120.76 Y114.332 E575.45943
G1 X120.233 Y115.318 E575.49661
G1 X119.909 Y116.388 E575.5338
G1 X119.799 Y117.5 E575.57096
M204 S5000
M205 X30 Y30
G0 F7200 X119.818 Y117.699
G0 X119.321 Y117.747
G0 X112.913 Y112.393
G0 X111.851 Y111.826
G0 X110.697 Y111.476
G0 X109.5 Y111.357
G0 X108.303 Y111.476
G0 X107.149 Y111.826
G0 X106.087 Y112.393
G0 X105.157 Y113.157
G0 X104.393 Y114.087
G0 X103.826 Y115.149
G0 X103.511 Y116.187
G0 X103.418 Y117.229
G0 X103.799 Y117.5
M204 S500
M205 X20 Y20
G1 F1800 X103.909 Y118.612 E575.60813
G1 X104.233 Y119.682 E575.64531
G1 X104.76 Y120.668 E575.6825
G1 X105.469 Y121.531 E575.71965
G1 X106.332 Y122.24 E575.7568
G1 X107.318 Y122.767 E575.79398
G1 X108.388 Y123.091 E575.83116
G1 X109.5 Y123.201 E575.86833
G1 X110.612 Y123.091 E575.9055
G1 X111.682 Y122.767 E575.94268
G1 X112.668 Y122.24 E575.97987
G1 X113.531 Y121.531 E576.01701
G1 X114.24 Y120.668 E576.05416
G1 X114.767 Y119.682 E576.09135
G1 X115.091 Y118.612 E576.12853
G1 X115.201 Y117.5 E576.1657
G1 X115.091 Y116.388 E576.20286
G1 X114.767 Y115.318 E576.24005
G1 X114.24 Y114.332 E576.27723
G1 X113.531 Y113.469 E576.31438
G1 X112.668 Y112.76 E576.35153
G1 X111.682 Y112.233 E576.38871
G1 X110.612 Y111.909 E576.4259
G1 X109.5 Y111.799 E576.46306
G1 X108.388 Y111.909 E576.50023
G1 X107.318 Y112.233 E576.53741
G1 X106.332 Y112.76 E576.5746
G1 X105.469 Y113.469 E576.61174
G1 X104.76 Y114.332 E576.64889
G1 X104.233 Y115.318 E576.68608
G1 X103.909 Y116.388 E576.72326
G1 X103.799 Y117.5 E576.76043
M204 S5000
M205 X30 Y30
G0 F7200 X103.818 Y117.699
G0 X103.464 Y118.68
G0 X103.646 Y119.799
G0 X103.627 Y119.817
M204 S500
M205 X20 Y20
;TYPE:SKIN
G1 F1800 X103.668 Y120.059 E576.76484
G1 X103.717 Y120.292 E576.76913
M204 S5000
M205 X30 Y30
G0 F7200 X103.609 Y120.401
G0 X105.157 Y121.843
G0 X106.087 Y122.607
G0 X107.149 Y123.174
G0 X108.303 Y123.524
G0 X109.5 Y123.643
G0 X110.697 Y123.524
G0 X111.851 Y123.174
G0 X112.913 Y122.607
G0 X113.843 Y121.843
G0 X114.607 Y120.913
G0 X115.174 Y119.851
G0 X115.524 Y118.697
G0 X115.643 Y117.5
G0 X115.524 Y116.303
G0 X115.174 Y115.149
G0 X114.607 Y114.087
G0 X113.843 Y113.157
G0 X112.913 Y112.393
G0 X111.851 Y111.826
G0 X110.697 Y111.476
G0 X109.5 Y111.357
G0 X108.303 Y111.476
G0 X107.149 Y111.826
G0 X106.087 Y112.393
G0 X105.25 Y113.08
G0 X103.608 Y115.028
G0 X103.719 Y114.917
M204 S500
M205 X20 Y20
G1 F1800 X103.691 Y114.662 E576.77825
M204 S5000
M205 X30 Y30
G0 F7200 X103.774 Y114.58
G0 X103.442 Y110.026
G0 X128.746 Y110.026
G0 X131.103 Y114.686
G0 X131.153 Y114.636
M204 S500
M205 X20 Y20
G1 F1800 X131.296 Y114.776 E576.78235
G1 X131.345 Y115.009 E576.78723
M204 S5000
M205 X30 Y30
G0 F7200 X131.39 Y114.965
G0 X129.843 Y113.157
G0 X128.913 Y112.393
G0 X127.851 Y111.826
G0 X126.697 Y111.476
G0 X125.5 Y111.357
G0 X124.303 Y111.476
G0 X123.149 Y111.826
G0 X122.087 Y112.393
G0 X121.157 Y113.157
G0 X120.393 Y114.087
G0 X119.826 Y115.149
G0 X119.476 Y116.303
G0 X119.357 Y117.5
G0 X119.476 Y118.697
G0 X119.826 Y119.851
G0 X120.393 Y120.913
G0 X121.157 Y121.843
G0 X122.087 Y122.607
G0 X123.149 Y123.174
G0 X124.303 Y123.524
G0 X125.5 Y123.643
G0 X126.697 Y123.524
G0 X127.851 Y123.174
G0 X128.913 Y122.607
G0 X129.666 Y121.989
G0 X131.39 Y120.056
M204 S500
M205 X20 Y20
G1 F1800 X131.067 Y120.379 E576.79483
M204 S5000
M205 X30 Y30
G0 F7200 X131.294 Y120.435
M204 S500
M205 X20 Y20
G1 F1800 X131.39 Y120.339 E576.79709
M204 S5000
M205 X30 Y30
G0 F7200 X131.291 Y120.396
;MESH:NONMESH
G0 X131.558 Y124.974
G0 X113.843 Y121.843
G0 X114.607 Y120.913
G0 X115.174 Y119.851
G0 X115.524 Y118.697
G0 X115.643 Y117.5
G0 X115.524 Y116.303
G0 X115.174 Y115.149
G0 X114.607 Y114.087
G0 X113.843 Y113.157
G0 X112.913 Y112.393
G0 X111.851 Y111.826
G0 X110.917 Y111.543
G0 X104.501 Y110.158
;TIME_ELAPSED:616.421693
;LAYER:34
;MESH:listwa_mocujaca.stl
G0 X104.501 Y110.158 Z7
M204 S500
M205 X20 Y20
;TYPE:FILL
G1 F3600 X106.419 Y112.076 E576.88731
G1 X106.489 Y112.146
M204 S5000
M205 X30 Y30
G0 F7200 X106.474 Y112.117
G0 X107.871 Y110.157
M204 S500
M205 X20 Y20
G1 F3600 X103.574 Y114.455 E577.08945
G1 X103.504 Y114.525
M204 S5000
M205 X30 Y30
G0 F7200 X103.514 Y114.525
G0 X106.087 Y112.393
G0 X107.149 Y111.826
G0 X108.303 Y111.476
G0 X109.5 Y111.357
G0 X110.697 Y111.476
G0 X111.851 Y111.826
G0 X112.913 Y112.393
G0 X113.843 Y113.157
G0 X114.607 Y114.087
G0 X115.174 Y115.149
G0 X115.524 Y116.303
G0 X115.643 Y117.5
G0 X115.524 Y118.697
G0 X115.174 Y119.851
G0 X114.607 Y120.913
G0 X113.843 Y121.843
G0 X112.913 Y122.607
G0 X111.851 Y123.174
G0 X110.697 Y123.524
G0 X109.5 Y123.643
G0 X108.303 Y123.524
G0 X107.149 Y123.174
G0 X106.194 Y122.664
G0 X103.574 Y120.544
M204 S500
M205 X20 Y20
G1 F3600 X107.87 Y124.841 E577.29154
G1 X107.94 Y124.911
M204 S5000
M205 X30 Y30
G0 F7200 X107.94 Y124.902
G0 X110.158 Y124.841
M204 S500
M205 X20 Y20
G1 F3600 X111.633 Y123.366 E577.36092
M204 S5000
M205 X30 Y30
G0 F7200 X111.947 Y123.26
M204 S500
M205 X20 Y20
G1 F3600 X113.527 Y124.841 E577.43526
G1 X113.597 Y124.911
M204 S5000
M205 X30 Y30
G0 F7200 X113.597 Y124.902
G0 X115.814 Y124.841
M204 S500
M205 X20 Y20
G1 F3600 X120.077 Y120.579 E577.63576
G1 X120.147 Y120.509
M204 S5000
M205 X30 Y30
G0 F7200 X120.117 Y120.525
G0 X119.632 Y119.632
M204 S500
M205 X20 Y20
G1 F3600 X115.366 Y115.366 E577.83642
G1 X115.296 Y115.296
M204 S5000
M205 X30 Y30
G0 F7200 X114.922 Y114.42
M204 S500
M205 X20 Y20
G1 F3600 X119.185 Y110.157 E578.03693
G1 X119.255 Y110.087
M204 S5000
M205 X30 Y30
G0 F7200 X119.255 Y110.098
G0 X121.471 Y110.158
M204 S500
M205 X20 Y20
G1 F3600 X123.052 Y111.738 E578.11128
M204 S5000
M205 X30 Y30
G0 F7200 X123.367 Y111.632
M204 S500
M205 X20 Y20
G1 F3600 X124.842 Y110.157 E578.18066
G1 X124.912 Y110.087
M204 S5000
M205 X30 Y30
G0 F7200 X124.912 Y110.098
G0 X127.128 Y110.158
M204 S500
M205 X20 Y20
G1 F3600 X131.424 Y114.454 E578.38273
G1 X131.494 Y114.524
M204 S5000
M205 X30 Y30
G0 F7200 X131.486 Y114.524
G0 X128.578 Y112.077
M204 S500
M205 X20 Y20
G1 F3600 X130.499 Y110.157 E578.47306
G1 X130.569 Y110.087
M204 S5000
M205 X30 Y30
G0 F7200 X130.569 Y110.098
G0 X124.303 Y111.476
G0 X123.149 Y111.826
G0 X122.087 Y112.393
G0 X121.157 Y113.157
G0 X120.393 Y114.087
G0 X119.826 Y115.149
G0 X119.476 Y116.303
G0 X119.357 Y117.5
G0 X119.476 Y118.697
G0 X119.826 Y119.851
G0 X120.393 Y120.913
G0 X121.157 Y121.843
G0 X122.087 Y122.607
G0 X123.149 Y123.174
G0 X124.303 Y123.524
G0 X125.5 Y123.643
G0 X126.697 Y123.524
G0 X127.851 Y123.174
G0 X128.806 Y122.664
G0 X131.424 Y120.545
M204 S500
M205 X20 Y20
G1 F3600 X127.128 Y124.841 E578.67513
G1 X127.058 Y124.911
M204 S5000
M205 X30 Y30
G0 F7200 X127.058 Y124.902
G0 X124.841 Y124.841
M204 S500
M205 X20 Y20
G1 F3600 X123.367 Y123.367 E578.74446
M204 S5000
M205 X30 Y30
G0 F7200 X123.053 Y123.26
M204 S500
M205 X20 Y20
G1 F3600 X121.471 Y124.841 E578.81885
G1 X121.401 Y124.911
M204 S5000
M205 X30 Y30
G0 F7200 X121.401 Y124.902
G0 X119.184 Y124.841
M204 S500
M205 X20 Y20
G1 F3600 X114.921 Y120.578 E579.01937
G1 X114.851 Y120.508
M204 S5000
M205 X30 Y30
G0 F7200 X114.882 Y120.526
G0 X115.367 Y119.632
M204 S500
M205 X20 Y20
G1 F3600 X119.631 Y115.368 E579.21994
G1 X119.701 Y115.298
M204 S5000
M205 X30 Y30
G0 F7200 X120.077 Y114.42
M204 S500
M205 X20 Y20
G1 F3600 X115.814 Y110.158 E579.42043
G1 X115.744 Y110.088
M204 S5000
M205 X30 Y30
G0 F7200 X115.744 Y110.098
G0 X113.528 Y110.157
M204 S500
M205 X20 Y20
G1 F3600 X111.947 Y111.739 E579.49482
M204 S5000
M205 X30 Y30
G0 F7200 X111.631 Y111.631
M204 S500
M205 X20 Y20
G1 F3600 X110.158 Y110.158 E579.56411
G1 X110.088 Y110.088
M204 S5000
M205 X30 Y30
G0 F7200 X110.088 Y110.098
G0 X113.843 Y113.157
G0 X114.607 Y114.087
G0 X115.174 Y115.149
G0 X115.524 Y116.303
G0 X115.643 Y117.5
G0 X115.524 Y118.697
G0 X115.174 Y119.851
G0 X114.607 Y120.913
G0 X113.843 Y121.843
G0 X112.913 Y122.607
G0 X111.851 Y123.174
G0 X110.697 Y123.524
G0 X109.5 Y123.643
G0 X108.423 Y123.536
G0 X106.42 Y122.922
M204 S500
M205 X20 Y20
G1 F3600 X104.501 Y124.841 E579.65437
G1 X104.431 Y124.911
M204 S5000
M205 X30 Y30
G0 F7200 X104.431 Y124.902
G0 X125.5 Y123.643
G0 X126.577 Y123.536
G0 X128.579 Y122.922
M204 S500
M205 X20 Y20
G1 F3600 X130.497 Y124.841 E579.74461
G1 X130.567 Y124.911
M204 S5000
M205 X30 Y30
G0 F7200 X130.567 Y124.902
G0 X124.303 Y123.524
G0 X123.149 Y123.174
G0 X122.087 Y122.607
G0 X121.157 Y121.843
G0 X120.393 Y120.913
G0 X119.826 Y119.851
G0 X119.476 Y118.697
G0 X119.357 Y117.5
G0 X119.476 Y116.303
G0 X119.826 Y115.149
G0 X120.393 Y114.087
G0 X121.157 Y113.157
G0 X122.087 Y112.393
G0 X123.149 Y111.826
G0 X124.083 Y111.543
G0 X125.5 Y111.297
G0 X125.5 Y111.397
M204 S500
M205 X20 Y20
;TYPE:WALL-INNER
G1 F3600 X124.31 Y111.515 E579.78438
G1 X123.164 Y111.862 E579.82421
G1 X122.109 Y112.426 E579.864
G1 X121.185 Y113.185 E579.90377
G1 X120.426 Y114.109 E579.94354
G1 X119.862 Y115.164 E579.98333
G1 X119.515 Y116.31 E580.02316
G1 X119.397 Y117.5 E580.06293
G1 X119.515 Y118.69 E580.1027
G1 X119.862 Y119.836 E580.14253
G1 X120.426 Y120.891 E580.18232
G1 X121.185 Y121.815 E580.22209
G1 X122.109 Y122.574 E580.26186
G1 X123.164 Y123.138 E580.30165
G1 X124.31 Y123.485 E580.34147
G1 X125.5 Y123.603 E580.38125
G1 X126.69 Y123.485 E580.42102
G1 X127.836 Y123.138 E580.46085
G1 X128.891 Y122.574 E580.50063
G1 X129.815 Y121.815 E580.54041
G1 X130.574 Y120.891 E580.58018
G1 X131.138 Y119.836 E580.61997
G1 X131.193 Y119.656 E580.62623
G1 X131.485 Y118.69 E580.65979
G1 X131.586 Y117.671 E580.69385
G1 X131.586 Y118.69 E580.6981
G1 X131.586 Y119.699 E580.71925
G1 X131.586 Y125.002 E580.89563
G1 X103.414 Y125.002 E581.83264
G1 X103.414 Y119.699 E582.00901
G1 X103.414 Y118.69 E582.04257
G1 X103.414 Y117.671 E582.07647
G1 X103.515 Y118.69 E582.08085
G1 X103.807 Y119.656 E582.10201
G1 X103.862 Y119.836 E582.10827
G1 X104.426 Y120.891 E582.14806
G1 X105.185 Y121.815 E582.18783
G1 X106.109 Y122.574 E582.2276
G1 X107.164 Y123.138 E582.26739
G1 X108.31 Y123.485 E582.30722
G1 X109.5 Y123.603 E582.34699
G1 X110.69 Y123.485 E582.38676
G1 X111.836 Y123.138 E582.42659
G1 X112.891 Y122.574 E582.46638
G1 X113.815 Y121.815 E582.50615
G1 X114.574 Y120.891 E582.54592
G1 X115.138 Y119.836 E582.58571
G1 X115.485 Y118.69 E582.62553
G1 X115.603 Y117.5 E582.66531
G1 X115.485 Y116.31 E582.70508
G1 X115.138 Y115.164 E582.74491
G1 X114.574 Y114.109 E582.78469
G1 X113.815 Y113.185 E582.82447
G1 X112.891 Y112.426 E582.86424
G1 X111.836 Y111.862 E582.90403
G1 X110.69 Y111.515 E582.94385
G1 X109.5 Y111.397 E582.98363
G1 X108.31 Y111.515 E583.0234
G1 X107.164 Y111.862 E583.06322
G1 X106.109 Y112.426 E583.10301
G1 X105.185 Y113.185 E583.14278
G1 X104.426 Y114.109 E583.18256
G1 X103.862 Y115.164 E583.22234
G1 X103.807 Y115.344 E583.2286
G1 X103.515 Y116.31 E583.26217
G1 X103.414 Y117.329 E583.29623
G1 X103.414 Y116.31 E583.30048
G1 X103.414 Y115.301 E583.32163
G1 X103.414 Y109.998 E583.49801
G1 X131.586 Y109.998 E584.43501
G1 X131.586 Y115.301 E584.61139
G1 X131.586 Y116.31 E584.64495
G1 X131.586 Y117.329 E584.67884
G1 X131.485 Y116.31 E584.68323
G1 X131.193 Y115.344 E584.70439
G1 X131.138 Y115.164 E584.71065
G1 X130.574 Y114.109 E584.75044
G1 X129.815 Y113.185 E584.79021
G1 X128.891 Y112.426 E584.82998
G1 X127.836 Y111.862 E584.86977
G1 X126.69 Y111.515 E584.90959
G1 X125.5 Y111.397 E584.94937
M204 S5000
M205 X30 Y30
G0 F7200 X125.5 Y111.297
G0 X131.516 Y110.068
G0 X131.873 Y109.667
M204 S500
M205 X20 Y20
;TYPE:WALL-OUTER
G1 F1800 X131.986 Y109.825 E584.95583
G1 X131.986 Y125.175 E585.46637
G1 X131.873 Y125.333 E585.47283
G1 X131.682 Y125.402 E585.47959
G1 X103.318 Y125.402 E586.42298
G1 X103.127 Y125.333 E586.42973
G1 X103.014 Y125.175 E586.43619
G1 X103.014 Y109.825 E586.94674
G1 X103.127 Y109.667 E586.9532
G1 X103.318 Y109.598 E586.95995
G1 X131.682 Y109.598 E587.90334
G1 X131.873 Y109.667 E587.9101
M204 S5000
M205 X30 Y30
G0 F7200 X131.986 Y109.825
G0 X131.986 Y109.831
G0 X131.516 Y110.068
G0 X124.303 Y111.476
G0 X123.149 Y111.826
G0 X122.087 Y112.393
G0 X121.157 Y113.157
G0 X120.393 Y114.087
G0 X119.826 Y115.149
G0 X119.543 Y116.083
G0 X119.302 Y117.452
G0 X119.799 Y117.5
M204 S500
M205 X20 Y20
G1 F1800 X119.909 Y118.612 E587.94726
G1 X120.233 Y119.682 E587.98445
G1 X120.76 Y120.668 E588.02163
G1 X121.469 Y121.531 E588.05878
G1 X122.332 Y122.24 E588.09593
G1 X123.318 Y122.767 E588.13311
G1 X124.388 Y123.091 E588.1703
G1 X125.5 Y123.201 E588.20746
G1 X126.612 Y123.091 E588.24463
G1 X127.682 Y122.767 E588.28181
G1 X128.668 Y122.24 E588.319
G1 X129.531 Y121.531 E588.35614
G1 X130.24 Y120.668 E588.39329
G1 X130.767 Y119.682 E588.43048
G1 X131.091 Y118.612 E588.46766
G1 X131.201 Y117.5 E588.50483
G1 X131.091 Y116.388 E588.54199
G1 X130.767 Y115.318 E588.57918
G1 X130.24 Y114.332 E588.61636
G1 X129.531 Y113.469 E588.65351
G1 X128.668 Y112.76 E588.69066
G1 X127.682 Y112.233 E588.72784
G1 X126.612 Y111.909 E588.76503
G1 X125.5 Y111.799 E588.80219
G1 X124.388 Y111.909 E588.83936
G1 X123.318 Y112.233 E588.87654
G1 X122.332 Y112.76 E588.91373
G1 X121.469 Y113.469 E588.95088
G1 X120.76 Y114.332 E588.98802
G1 X120.233 Y115.318 E589.02521
G1 X119.909 Y116.388 E589.06239
G1 X119.799 Y117.5 E589.09956
M204 S5000
M205 X30 Y30
G0 F7200 X119.818 Y117.699
G0 X119.321 Y117.747
G0 X112.913 Y112.393
G0 X111.851 Y111.826
G0 X110.697 Y111.476
G0 X109.5 Y111.357
G0 X108.303 Y111.476
G0 X107.149 Y111.826
G0 X106.087 Y112.393
G0 X105.157 Y113.157
G0 X104.393 Y114.087
G0 X103.826 Y115.149
G0 X103.511 Y116.187
G0 X103.418 Y117.229
G0 X103.799 Y117.5
M204 S500
M205 X20 Y20
G1 F1800 X103.909 Y118.612 E589.13672
G1 X104.233 Y119.682 E589.17391
G1 X104.76 Y120.668 E589.21109
G1 X105.469 Y121.531 E589.24824
G1 X106.332 Y122.24 E589.28539
G1 X107.318 Y122.767 E589.32257
G1 X108.388 Y123.091 E589.35976
G1 X109.5 Y123.201 E589.39692
G1 X110.612 Y123.091 E589.43409
G1 X111.682 Y122.767 E589.47127
G1 X112.668 Y122.24 E589.50846
G1 X113.531 Y121.531 E589.54561
G1 X114.24 Y120.668 E589.58275
G1 X114.767 Y119.682 E589.61994
G1 X115.091 Y118.612 E589.65712
G1 X115.201 Y117.5 E589.69429
G1 X115.091 Y116.388 E589.73145
G1 X114.767 Y115.318 E589.76864
G1 X114.24 Y114.332 E589.80582
G1 X113.531 Y113.469 E589.84297
G1 X112.668 Y112.76 E589.88012
G1 X111.682 Y112.233 E589.9173
G1 X110.612 Y111.909 E589.95449
G1 X109.5 Y111.799 E589.99165
G1 X108.388 Y111.909 E590.02882
G1 X107.318 Y112.233 E590.066
G1 X106.332 Y112.76 E590.10319
G1 X105.469 Y113.469 E590.14034
G1 X104.76 Y114.332 E590.17749
G1 X104.233 Y115.318 E590.21467
G1 X103.909 Y116.388 E590.25185
G1 X103.799 Y117.5 E590.28902
M204 S5000
M205 X30 Y30
G0 F7200 X103.818 Y117.699
G0 X103.464 Y118.68
G0 X103.608 Y120.013
G0 X103.745 Y120.15
M204 S500
M205 X20 Y20
;TYPE:SKIN
G1 F1800 X103.673 Y120.361 E590.29854
M204 S5000
M205 X30 Y30
G0 F7200 X103.608 Y120.296
G0 X105.157 Y121.843
G0 X106.087 Y122.607
G0 X107.149 Y123.174
G0 X108.303 Y123.524
G0 X109.5 Y123.643
G0 X110.697 Y123.524
G0 X111.851 Y123.174
G0 X112.913 Y122.607
G0 X113.843 Y121.843
G0 X114.607 Y120.913
G0 X115.174 Y119.851
G0 X115.524 Y118.697
G0 X115.643 Y117.5
G0 X115.524 Y116.303
G0 X115.174 Y115.149
G0 X114.607 Y114.087
G0 X113.843 Y113.157
G0 X112.913 Y112.393
G0 X111.851 Y111.826
G0 X110.697 Y111.476
G0 X109.5 Y111.357
G0 X108.303 Y111.476
G0 X107.149 Y111.826
G0 X106.087 Y112.393
G0 X105.157 Y113.157
G0 X103.713 Y115.027
G0 X103.66 Y114.974
M204 S500
M205 X20 Y20
G1 F1800 X103.71 Y114.741 E590.30343
G1 X103.881 Y114.629 E590.30763
M204 S5000
M205 X30 Y30
G0 F7200 X103.91 Y114.658
G0 X103.442 Y110.026
G0 X128.746 Y110.026
G0 X131.117 Y114.712
G0 X131.253 Y114.848
M204 S500
M205 X20 Y20
G1 F1800 X131.325 Y114.637 E590.31713
M204 S5000
M205 X30 Y30
G0 F7200 X131.26 Y114.573
G0 X129.843 Y113.157
G0 X128.913 Y112.393
G0 X127.851 Y111.826
G0 X126.697 Y111.476
G0 X125.5 Y111.357
G0 X124.303 Y111.476
G0 X123.149 Y111.826
G0 X122.087 Y112.393
G0 X121.157 Y113.157
G0 X120.393 Y114.087
G0 X119.826 Y115.149
G0 X119.476 Y116.303
G0 X119.357 Y117.5
G0 X119.476 Y118.697
G0 X119.826 Y119.851
G0 X120.393 Y120.913
G0 X121.157 Y121.843
G0 X122.087 Y122.607
G0 X123.149 Y123.174
G0 X124.303 Y123.524
G0 X125.5 Y123.643
G0 X126.697 Y123.524
G0 X127.851 Y123.174
G0 X128.913 Y122.607
G0 X129.843 Y121.843
G0 X131.285 Y119.971
G0 X131.337 Y120.023
M204 S500
M205 X20 Y20
G1 F1800 X131.288 Y120.257 E590.32203
G1 X131.117 Y120.369 E590.32622
M204 S5000
M205 X30 Y30
G0 F7200 X131.186 Y120.437
;MESH:NONMESH
G0 X131.558 Y124.974
G0 X113.843 Y121.843
G0 X114.607 Y120.913
G0 X115.174 Y119.851
G0 X115.524 Y118.697
G0 X115.643 Y117.5
G0 X115.524 Y116.303
G0 X115.174 Y115.149
G0 X114.607 Y114.087
G0 X113.843 Y113.157
G0 X112.913 Y112.393
G0 X111.851 Y111.826
G0 X110.917 Y111.543
G0 X104.501 Y110.158
;TIME_ELAPSED:631.578499
;LAYER:35
;MESH:listwa_mocujaca.stl
G0 X104.501 Y110.158 Z7.2
M204 S500
M205 X20 Y20
;TYPE:FILL
G1 F3600 X106.419 Y112.076 E590.41644
G1 X106.489 Y112.146
M204 S5000
M205 X30 Y30
G0 F7200 X106.474 Y112.117
G0 X107.871 Y110.157
M204 S500
M205 X20 Y20
G1 F3600 X103.574 Y114.455 E590.61858
G1 X103.504 Y114.525
M204 S5000
M205 X30 Y30
G0 F7200 X103.514 Y114.525
G0 X106.087 Y112.393
G0 X107.149 Y111.826
G0 X108.303 Y111.476
G0 X109.5 Y111.357
G0 X110.697 Y111.476
G0 X111.851 Y111.826
G0 X112.913 Y112.393
G0 X113.843 Y113.157
G0 X114.607 Y114.087
G0 X115.174 Y115.149
G0 X115.524 Y116.303
G0 X115.643 Y117.5
G0 X115.524 Y118.697
G0 X115.174 Y119.851
G0 X114.607 Y120.913
G0 X113.843 Y121.843
G0 X112.913 Y122.607
G0 X111.851 Y123.174
G0 X110.697 Y123.524
G0 X109.5 Y123.643
G0 X108.303 Y123.524
G0 X107.149 Y123.174
G0 X106.194 Y122.664
G0 X103.574 Y120.544
M204 S500
M205 X20 Y20
G1 F3600 X107.87 Y124.841 E590.82068
G1 X107.94 Y124.911
M204 S5000
M205 X30 Y30
G0 F7200 X107.94 Y124.902
G0 X110.158 Y124.841
M204 S500
M205 X20 Y20
G1 F3600 X111.633 Y123.366 E590.89006
M204 S5000
M205 X30 Y30
G0 F7200 X111.947 Y123.26
M204 S500
M205 X20 Y20
G1 F3600 X113.527 Y124.841 E590.9644
G1 X113.597 Y124.911
M204 S5000
M205 X30 Y30
G0 F7200 X113.597 Y124.902
G0 X115.814 Y124.841
M204 S500
M205 X20 Y20
G1 F3600 X120.077 Y120.579 E591.16489
G1 X120.147 Y120.509
M204 S5000
M205 X30 Y30
G0 F7200 X120.117 Y120.525
G0 X119.632 Y119.632
M204 S500
M205 X20 Y20
G1 F3600 X115.366 Y115.366 E591.36555
G1 X115.296 Y115.296
M204 S5000
M205 X30 Y30
G0 F7200 X114.922 Y114.42
M204 S500
M205 X20 Y20
G1 F3600 X119.185 Y110.157 E591.56607
G1 X119.255 Y110.087
M204 S5000
M205 X30 Y30
G0 F7200 X119.255 Y110.098
G0 X121.471 Y110.158
M204 S500
M205 X20 Y20
G1 F3600 X123.052 Y111.738 E591.64041
M204 S5000
M205 X30 Y30
G0 F7200 X123.367 Y111.632
M204 S500
M205 X20 Y20
G1 F3600 X124.842 Y110.157 E591.70979
G1 X124.912 Y110.087
M204 S5000
M205 X30 Y30
G0 F7200 X124.912 Y110.098
G0 X127.128 Y110.158
M204 S500
M205 X20 Y20
G1 F3600 X131.424 Y114.454 E591.91186
G1 X131.494 Y114.524
M204 S5000
M205 X30 Y30
G0 F7200 X131.486 Y114.524
G0 X128.578 Y112.077
M204 S500
M205 X20 Y20
G1 F3600 X130.499 Y110.157 E592.0022
G1 X130.569 Y110.087
M204 S5000
M205 X30 Y30
G0 F7200 X130.569 Y110.098
G0 X124.303 Y111.476
G0 X123.149 Y111.826
G0 X122.087 Y112.393
G0 X121.157 Y113.157
G0 X120.393 Y114.087
G0 X119.826 Y115.149
G0 X119.476 Y116.303
G0 X119.357 Y117.5
G0 X119.476 Y118.697
G0 X119.826 Y119.851
G0 X120.393 Y120.913
G0 X121.157 Y121.843
G0 X122.087 Y122.607
G0 X123.149 Y123.174
G0 X124.303 Y123.524
G0 X125.5 Y123.643
G0 X126.697 Y123.524
G0 X127.851 Y123.174
G0 X128.806 Y122.664
G0 X131.424 Y120.545
M204 S500
M205 X20 Y20
G1 F3600 X127.128 Y124.841 E592.20427
G1 X127.058 Y124.911
M204 S5000
M205 X30 Y30
G0 F7200 X127.058 Y124.902
G0 X124.841 Y124.841
M204 S500
M205 X20 Y20
G1 F3600 X123.367 Y123.367 E592.2736
M204 S5000
M205 X30 Y30
G0 F7200 X123.053 Y123.26
M204 S500
M205 X20 Y20
G1 F3600 X121.471 Y124.841 E592.34799
G1 X121.401 Y124.911
M204 S5000
M205 X30 Y30
G0 F7200 X121.401 Y124.902
G0 X119.184 Y124.841
M204 S500
M205 X20 Y20
G1 F3600 X114.921 Y120.578 E592.54851
G1 X114.851 Y120.508
M204 S5000
M205 X30 Y30
G0 F7200 X114.882 Y120.526
G0 X115.367 Y119.632
M204 S500
M205 X20 Y20
G1 F3600 X119.631 Y115.368 E592.74907
G1 X119.701 Y115.298
M204 S5000
M205 X30 Y30
G0 F7200 X120.077 Y114.42
M204 S500
M205 X20 Y20
G1 F3600 X115.814 Y110.158 E592.94957
G1 X115.744 Y110.088
M204 S5000
M205 X30 Y30
G0 F7200 X115.744 Y110.098
G0 X113.528 Y110.157
M204 S500
M205 X20 Y20
G1 F3600 X111.947 Y111.739 E593.02396
M204 S5000
M205 X30 Y30
G0 F7200 X111.631 Y111.631
M204 S500
M205 X20 Y20
G1 F3600 X110.158 Y110.158 E593.09324
G1 X110.088 Y110.088
M204 S5000
M205 X30 Y30
G0 F7200 X110.088 Y110.098
G0 X113.843 Y113.157
G0 X114.607 Y114.087
G0 X115.174 Y115.149
G0 X115.524 Y116.303
G0 X115.643 Y117.5
G0 X115.524 Y118.697
G0 X115.174 Y119.851
G0 X114.607 Y120.913
G0 X113.843 Y121.843
G0 X112.913 Y122.607
G0 X111.851 Y123.174
G0 X110.697 Y123.524
G0 X109.5 Y123.643
G0 X108.423 Y123.536
G0 X106.42 Y122.922
M204 S500
M205 X20 Y20
G1 F3600 X104.501 Y124.841 E593.18351
G1 X104.431 Y124.911
M204 S5000
M205 X30 Y30
G0 F7200 X104.431 Y124.902
G0 X125.5 Y123.643
G0 X126.577 Y123.536
G0 X128.579 Y122.922
M204 S500
M205 X20 Y20
G1 F3600 X130.497 Y124.841 E593.27375
G1 X130.567 Y124.911
M204 S5000
M205 X30 Y30
G0 F7200 X130.567 Y124.902
G0 X124.303 Y123.524
G0 X123.149 Y123.174
G0 X122.087 Y122.607
G0 X121.157 Y121.843
G0 X120.393 Y120.913
G0 X119.826 Y119.851
G0 X119.476 Y118.697
G0 X119.357 Y117.5
G0 X119.476 Y116.303
G0 X119.826 Y115.149
G0 X120.393 Y114.087
G0 X121.157 Y113.157
G0 X122.087 Y112.393
G0 X123.149 Y111.826
G0 X124.083 Y111.543
G0 X125.5 Y111.297
G0 X125.5 Y111.397
M204 S500
M205 X20 Y20
;TYPE:WALL-INNER
G1 F3600 X124.31 Y111.515 E593.31352
G1 X123.164 Y111.862 E593.35335
G1 X122.109 Y112.426 E593.39313
G1 X121.185 Y113.185 E593.43291
G1 X120.426 Y114.109 E593.47268
G1 X119.862 Y115.164 E593.51247
G1 X119.515 Y116.31 E593.55229
G1 X119.397 Y117.5 E593.59206
G1 X119.515 Y118.69 E593.63184
G1 X119.862 Y119.836 E593.67166
G1 X120.426 Y120.891 E593.71145
G1 X121.185 Y121.815 E593.75122
G1 X122.109 Y122.574 E593.79099
G1 X123.164 Y123.138 E593.83078
G1 X124.31 Y123.485 E593.87061
G1 X125.5 Y123.603 E593.91038
G1 X126.69 Y123.485 E593.95016
G1 X127.836 Y123.138 E593.98998
G1 X128.891 Y122.574 E594.02977
G1 X129.815 Y121.815 E594.06954
G1 X130.574 Y120.891 E594.10931
G1 X131.138 Y119.836 E594.1491
G1 X131.193 Y119.656 E594.15536
G1 X131.485 Y118.69 E594.18893
G1 X131.586 Y117.671 E594.22299
G1 X131.586 Y118.69 E594.22723
G1 X131.586 Y119.699 E594.24839
G1 X131.586 Y125.002 E594.42477
G1 X103.414 Y125.002 E595.36177
G1 X103.414 Y119.699 E595.53815
G1 X103.414 Y118.69 E595.57171
G1 X103.414 Y117.671 E595.6056
G1 X103.515 Y118.69 E595.60999
G1 X103.807 Y119.656 E595.63115
G1 X103.862 Y119.836 E595.63741
G1 X104.426 Y120.891 E595.67719
G1 X105.185 Y121.815 E595.71697
G1 X106.109 Y122.574 E595.75674
G1 X107.164 Y123.138 E595.79653
G1 X108.31 Y123.485 E595.83635
G1 X109.5 Y123.603 E595.87612
G1 X110.69 Y123.485 E595.9159
G1 X111.836 Y123.138 E595.95572
G1 X112.891 Y122.574 E595.99551
G1 X113.815 Y121.815 E596.03528
G1 X114.574 Y120.891 E596.07506
G1 X115.138 Y119.836 E596.11484
G1 X115.485 Y118.69 E596.15467
G1 X115.603 Y117.5 E596.19444
G1 X115.485 Y116.31 E596.23422
G1 X115.138 Y115.164 E596.27404
G1 X114.574 Y114.109 E596.31383
G1 X113.815 Y113.185 E596.3536
G1 X112.891 Y112.426 E596.39337
G1 X111.836 Y111.862 E596.43316
G1 X110.69 Y111.515 E596.47299
G1 X109.5 Y111.397 E596.51276
G1 X108.31 Y111.515 E596.55253
G1 X107.164 Y111.862 E596.59236
G1 X106.109 Y112.426 E596.63215
G1 X105.185 Y113.185 E596.67192
G1 X104.426 Y114.109 E596.71169
G1 X103.862 Y115.164 E596.75148
G1 X103.807 Y115.344 E596.75774
G1 X103.515 Y116.31 E596.79131
G1 X103.414 Y117.329 E596.82536
G1 X103.414 Y116.31 E596.82961
G1 X103.414 Y115.301 E596.85077
G1 X103.414 Y109.998 E597.02715
G1 X131.586 Y109.998 E597.96415
G1 X131.586 Y115.301 E598.14053
G1 X131.586 Y116.31 E598.17409
G1 X131.586 Y117.329 E598.20798
G1 X131.485 Y116.31 E598.21237
G1 X131.193 Y115.344 E598.23352
G1 X131.138 Y115.164 E598.23978
G1 X130.574 Y114.109 E598.27957
G1 X129.815 Y113.185 E598.31934
G1 X128.891 Y112.426 E598.35912
G1 X127.836 Y111.862 E598.3989
G1 X126.69 Y111.515 E598.43873
G1 X125.5 Y111.397 E598.4785
M204 S5000
M205 X30 Y30
G0 F7200 X125.5 Y111.297
G0 X131.516 Y110.068
G0 X131.873 Y109.667
M204 S500
M205 X20 Y20
;TYPE:WALL-OUTER
G1 F1800 X131.986 Y109.825 E598.48496
G1 X131.986 Y125.175 E598.99551
G1 X131.873 Y125.333 E599.00197
G1 X131.682 Y125.402 E599.00872
G1 X103.318 Y125.402 E599.95211
G1 X103.127 Y125.333 E599.95887
G1 X103.014 Y125.175 E599.96533
G1 X103.014 Y109.825 E600.47587
G1 X103.127 Y109.667 E600.48233
G1 X103.318 Y109.598 E600.48909
G1 X131.682 Y109.598 E601.43248
G1 X131.873 Y109.667 E601.43923
M204 S5000
M205 X30 Y30
G0 F7200 X131.986 Y109.825
G0 X131.986 Y109.831
G0 X131.516 Y110.068
G0 X124.303 Y111.476
G0 X123.149 Y111.826
G0 X122.087 Y112.393
G0 X121.157 Y113.157
G0 X120.393 Y114.087
G0 X119.826 Y115.149
G0 X119.543 Y116.083
G0 X119.302 Y117.452
G0 X119.799 Y117.5
M204 S500
M205 X20 Y20
G1 F1800 X119.909 Y118.612 E601.4764
G1 X120.233 Y119.682 E601.51358
G1 X120.76 Y120.668 E601.55077
G1 X121.469 Y121.531 E601.58791
G1 X122.332 Y122.24 E601.62506
G1 X123.318 Y122.767 E601.66225
G1 X124.388 Y123.091 E601.69943
G1 X125.5 Y123.201 E601.7366
G1 X126.612 Y123.091 E601.77376
G1 X127.682 Y122.767 E601.81095
G1 X128.668 Y122.24 E601.84813
G1 X129.531 Y121.531 E601.88528
G1 X130.24 Y120.668 E601.92243
G1 X130.767 Y119.682 E601.95961
G1 X131.091 Y118.612 E601.9968
G1 X131.201 Y117.5 E602.03396
G1 X131.091 Y116.388 E602.07113
G1 X130.767 Y115.318 E602.10831
G1 X130.24 Y114.332 E602.1455
G1 X129.531 Y113.469 E602.18265
G1 X128.668 Y112.76 E602.21979
G1 X127.682 Y112.233 E602.25698
G1 X126.612 Y111.909 E602.29416
G1 X125.5 Y111.799 E602.33133
G1 X124.388 Y111.909 E602.36849
G1 X123.318 Y112.233 E602.40568
G1 X122.332 Y112.76 E602.44286
G1 X121.469 Y113.469 E602.48001
G1 X120.76 Y114.332 E602.51716
G1 X120.233 Y115.318 E602.55434
G1 X119.909 Y116.388 E602.59153
G1 X119.799 Y117.5 E602.62869
M204 S5000
M205 X30 Y30
G0 F7200 X119.818 Y117.699
G0 X119.321 Y117.747
G0 X112.913 Y112.393
G0 X111.851 Y111.826
G0 X110.697 Y111.476
G0 X109.5 Y111.357
G0 X108.303 Y111.476
G0 X107.149 Y111.826
G0 X106.087 Y112.393
G0 X105.157 Y113.157
G0 X104.393 Y114.087
G0 X103.826 Y115.149
G0 X103.511 Y116.187
G0 X103.418 Y117.229
G0 X103.799 Y117.5
M204 S500
M205 X20 Y20
G1 F1800 X103.909 Y118.612 E602.66586
G1 X104.233 Y119.682 E602.70304
G1 X104.76 Y120.668 E602.74023
G1 X105.469 Y121.531 E602.77738
G1 X106.332 Y122.24 E602.81452
G1 X107.318 Y122.767 E602.85171
G1 X108.388 Y123.091 E602.88889
G1 X109.5 Y123.201 E602.92606
G1 X110.612 Y123.091 E602.96322
G1 X111.682 Y122.767 E603.00041
G1 X112.668 Y122.24 E603.03759
G1 X113.531 Y121.531 E603.07474
G1 X114.24 Y120.668 E603.11189
G1 X114.767 Y119.682 E603.14907
G1 X115.091 Y118.612 E603.18626
G1 X115.201 Y117.5 E603.22342
G1 X115.091 Y116.388 E603.26059
G1 X114.767 Y115.318 E603.29777
G1 X114.24 Y114.332 E603.33496
G1 X113.531 Y113.469 E603.37211
G1 X112.668 Y112.76 E603.40926
G1 X111.682 Y112.233 E603.44644
G1 X110.612 Y111.909 E603.48362
G1 X109.5 Y111.799 E603.52079
G1 X108.388 Y111.909 E603.55796
G1 X107.318 Y112.233 E603.59514
G1 X106.332 Y112.76 E603.63232
G1 X105.469 Y113.469 E603.66947
G1 X104.76 Y114.332 E603.70662
G1 X104.233 Y115.318 E603.74381
G1 X103.909 Y116.388 E603.78099
G1 X103.799 Y117.5 E603.81816
M204 S5000
M205 X30 Y30
G0 F7200 X103.818 Y117.699
G0 X103.464 Y118.68
G0 X103.646 Y119.799
G0 X103.627 Y119.817
M204 S500
M205 X20 Y20
;TYPE:SKIN
G1 F1800 X103.668 Y120.059 E603.82257
G1 X103.717 Y120.292 E603.82686
M204 S5000
M205 X30 Y30
G0 F7200 X103.609 Y120.401
G0 X105.157 Y121.843
G0 X106.087 Y122.607
G0 X107.149 Y123.174
G0 X108.303 Y123.524
G0 X109.5 Y123.643
G0 X110.697 Y123.524
G0 X111.851 Y123.174
G0 X112.913 Y122.607
G0 X113.843 Y121.843
G0 X114.607 Y120.913
G0 X115.174 Y119.851
G0 X115.524 Y118.697
G0 X115.643 Y117.5
G0 X115.524 Y116.303
G0 X115.174 Y115.149
G0 X114.607 Y114.087
G0 X113.843 Y113.157
G0 X112.913 Y112.393
G0 X111.851 Y111.826
G0 X110.697 Y111.476
G0 X109.5 Y111.357
G0 X108.303 Y111.476
G0 X107.149 Y111.826
G0 X106.087 Y112.393
G0 X105.25 Y113.08
G0 X103.608 Y115.028
G0 X103.719 Y114.917
M204 S500
M205 X20 Y20
G1 F1800 X103.691 Y114.662 E603.83597
M204 S5000
M205 X30 Y30
G0 F7200 X103.774 Y114.58
G0 X103.442 Y110.026
G0 X128.746 Y110.026
G0 X131.103 Y114.686
G0 X131.153 Y114.636
M204 S500
M205 X20 Y20
G1 F1800 X131.296 Y114.776 E603.84008
G1 X131.345 Y115.009 E603.84496
M204 S5000
M205 X30 Y30
G0 F7200 X131.39 Y114.965
G0 X129.843 Y113.157
G0 X128.913 Y112.393
G0 X127.851 Y111.826
G0 X126.697 Y111.476
G0 X125.5 Y111.357
G0 X124.303 Y111.476
G0 X123.149 Y111.826
G0 X122.087 Y112.393
G0 X121.157 Y113.157
G0 X120.393 Y114.087
G0 X119.826 Y115.149
G0 X119.476 Y116.303
G0 X119.357 Y117.5
G0 X119.476 Y118.697
G0 X119.826 Y119.851
G0 X120.393 Y120.913
G0 X121.157 Y121.843
G0 X122.087 Y122.607
G0 X123.149 Y123.174
G0 X124.303 Y123.524
G0 X125.5 Y123.643
G0 X126.697 Y123.524
G0 X127.851 Y123.174
G0 X128.913 Y122.607
G0 X129.666 Y121.989
G0 X131.39 Y120.056
M204 S500
M205 X20 Y20
G1 F1800 X131.067 Y120.379 E603.85256
M204 S5000
M205 X30 Y30
G0 F7200 X131.294 Y120.435
M204 S500
M205 X20 Y20
G1 F1800 X131.39 Y120.339 E603.85482
M204 S5000
M205 X30 Y30
G0 F7200 X131.291 Y120.396
;MESH:NONMESH
G0 X131.558 Y124.974
G0 X113.843 Y121.843
G0 X114.607 Y120.913
G0 X115.174 Y119.851
G0 X115.524 Y118.697
G0 X115.643 Y117.5
G0 X115.524 Y116.303
G0 X115.174 Y115.149
G0 X114.607 Y114.087
G0 X113.843 Y113.157
G0 X112.913 Y112.393
G0 X111.851 Y111.826
G0 X110.917 Y111.543
G0 X104.501 Y110.158
;TIME_ELAPSED:646.781752
;LAYER:36
;MESH:listwa_mocujaca.stl
G0 X104.501 Y110.158 Z7.4
M204 S500
M205 X20 Y20
;TYPE:FILL
G1 F3600 X106.419 Y112.076 E603.94503
G1 X106.489 Y112.146
M204 S5000
M205 X30 Y30
G0 F7200 X106.474 Y112.117
G0 X107.871 Y110.157
M204 S500
M205 X20 Y20
G1 F3600 X103.574 Y114.455 E604.14717
G1 X103.504 Y114.525
M204 S5000
M205 X30 Y30
G0 F7200 X103.514 Y114.525
G0 X106.087 Y112.393
G0 X107.149 Y111.826
G0 X108.303 Y111.476
G0 X109.5 Y111.357
G0 X110.697 Y111.476
G0 X111.851 Y111.826
G0 X112.913 Y112.393
G0 X113.843 Y113.157
G0 X114.607 Y114.087
G0 X115.174 Y115.149
G0 X115.524 Y116.303
G0 X115.643 Y117.5
G0 X115.524 Y118.697
G0 X115.174 Y119.851
G0 X114.607 Y120.913
G0 X113.843 Y121.843
G0 X112.913 Y122.607
G0 X111.851 Y123.174
G0 X110.697 Y123.524
G0 X109.5 Y123.643
G0 X108.303 Y123.524
G0 X107.149 Y123.174
G0 X106.194 Y122.664
G0 X103.574 Y120.544
M204 S500
M205 X20 Y20
G1 F3600 X107.87 Y124.841 E604.34927
G1 X107.94 Y124.911
M204 S5000
M205 X30 Y30
G0 F7200 X107.94 Y124.902
G0 X110.158 Y124.841
M204 S500
M205 X20 Y20
G1 F3600 X111.633 Y123.366 E604.41865
M204 S5000
M205 X30 Y30
G0 F7200 X111.947 Y123.26
M204 S500
M205 X20 Y20
G1 F3600 X113.527 Y124.841 E604.49299
G1 X113.597 Y124.911
M204 S5000
M205 X30 Y30
G0 F7200 X113.597 Y124.902
G0 X115.814 Y124.841
M204 S500
M205 X20 Y20
G1 F3600 X120.077 Y120.579 E604.69349
G1 X120.147 Y120.509
M204 S5000
M205 X30 Y30
G0 F7200 X120.117 Y120.525
G0 X119.632 Y119.632
M204 S500
M205 X20 Y20
G1 F3600 X115.366 Y115.366 E604.89414
G1 X115.296 Y115.296
M204 S5000
M205 X30 Y30
G0 F7200 X114.922 Y114.42
M204 S500
M205 X20 Y20
G1 F3600 X119.185 Y110.157 E605.09466
G1 X119.255 Y110.087
M204 S5000
M205 X30 Y30
G0 F7200 X119.255 Y110.098
G0 X121.471 Y110.158
M204 S500
M205 X20 Y20
G1 F3600 X123.052 Y111.738 E605.16901
M204 S5000
M205 X30 Y30
G0 F7200 X123.367 Y111.632
M204 S500
M205 X20 Y20
G1 F3600 X124.842 Y110.157 E605.23838
G1 X124.912 Y110.087
M204 S5000
M205 X30 Y30
G0 F7200 X124.912 Y110.098
G0 X127.128 Y110.158
M204 S500
M205 X20 Y20
G1 F3600 X131.424 Y114.454 E605.44046
G1 X131.494 Y114.524
M204 S5000
M205 X30 Y30
G0 F7200 X131.486 Y114.524
G0 X128.578 Y112.077
M204 S500
M205 X20 Y20
G1 F3600 X130.499 Y110.157 E605.53079
G1 X130.569 Y110.087
M204 S5000
M205 X30 Y30
G0 F7200 X130.569 Y110.098
G0 X124.303 Y111.476
G0 X123.149 Y111.826
G0 X122.087 Y112.393
G0 X121.157 Y113.157
G0 X120.393 Y114.087
G0 X119.826 Y115.149
G0 X119.476 Y116.303
G0 X119.357 Y117.5
G0 X119.476 Y118.697
G0 X119.826 Y119.851
G0 X120.393 Y120.913
G0 X121.157 Y121.843
G0 X122.087 Y122.607
G0 X123.149 Y123.174
G0 X124.303 Y123.524
G0 X125.5 Y123.643
G0 X126.697 Y123.524
G0 X127.851 Y123.174
G0 X128.806 Y122.664
G0 X131.424 Y120.545
M204 S500
M205 X20 Y20
G1 F3600 X127.128 Y124.841 E605.73286
G1 X127.058 Y124.911
M204 S5000
M205 X30 Y30
G0 F7200 X127.058 Y124.902
G0 X124.841 Y124.841
M204 S500
M205 X20 Y20
G1 F3600 X123.367 Y123.367 E605.80219
M204 S5000
M205 X30 Y30
G0 F7200 X123.053 Y123.26
M204 S500
M205 X20 Y20
G1 F3600 X121.471 Y124.841 E605.87658
G1 X121.401 Y124.911
M204 S5000
M205 X30 Y30
G0 F7200 X121.401 Y124.902
G0 X119.184 Y124.841
M204 S500
M205 X20 Y20
G1 F3600 X114.921 Y120.578 E606.0771
G1 X114.851 Y120.508
M204 S5000
M205 X30 Y30
G0 F7200 X114.882 Y120.526
G0 X115.367 Y119.632
M204 S500
M205 X20 Y20
G1 F3600 X119.631 Y115.368 E606.27767
G1 X119.701 Y115.298
M204 S5000
M205 X30 Y30
G0 F7200 X120.077 Y114.42
M204 S500
M205 X20 Y20
G1 F3600 X115.814 Y110.158 E606.47816
G1 X115.744 Y110.088
M204 S5000
M205 X30 Y30
G0 F7200 X115.744 Y110.098
G0 X113.528 Y110.157
M204 S500
M205 X20 Y20
G1 F3600 X111.947 Y111.739 E606.55255
M204 S5000
M205 X30 Y30
G0 F7200 X111.631 Y111.631
M204 S500
M205 X20 Y20
G1 F3600 X110.158 Y110.158 E606.62184
G1 X110.088 Y110.088
M204 S5000
M205 X30 Y30
G0 F7200 X110.088 Y110.098
G0 X113.843 Y113.157
G0 X114.607 Y114.087
G0 X115.174 Y115.149
G0 X115.524 Y116.303
G0 X115.643 Y117.5
G0 X115.524 Y118.697
G0 X115.174 Y119.851
G0 X114.607 Y120.913
G0 X113.843 Y121.843
G0 X112.913 Y122.607
G0 X111.851 Y123.174
G0 X110.697 Y123.524
G0 X109.5 Y123.643
G0 X108.423 Y123.536
G0 X106.42 Y122.922
M204 S500
M205 X20 Y20
G1 F3600 X104.501 Y124.841 E606.7121
G1 X104.431 Y124.911
M204 S5000
M205 X30 Y30
G0 F7200 X104.431 Y124.902
G0 X125.5 Y123.643
G0 X126.577 Y123.536
G0 X128.579 Y122.922
M204 S500
M205 X20 Y20
G1 F3600 X130.497 Y124.841 E606.80234
G1 X130.567 Y124.911
M204 S5000
M205 X30 Y30
G0 F7200 X130.567 Y124.902
G0 X124.303 Y123.524
G0 X123.149 Y123.174
G0 X122.087 Y122.607
G0 X121.157 Y121.843
G0 X120.393 Y120.913
G0 X119.826 Y119.851
G0 X119.476 Y118.697
G0 X119.357 Y117.5
G0 X119.476 Y116.303
G0 X119.826 Y115.149
G0 X120.393 Y114.087
G0 X121.157 Y113.157
G0 X122.087 Y112.393
G0 X123.149 Y111.826
G0 X124.083 Y111.543
G0 X125.5 Y111.297
G0 X125.5 Y111.397
M204 S500
M205 X20 Y20
;TYPE:WALL-INNER
G1 F3600 X124.31 Y111.515 E606.84211
G1 X123.164 Y111.862 E606.88194
G1 X122.109 Y112.426 E606.92173
G1 X121.185 Y113.185 E606.9615
G1 X120.426 Y114.109 E607.00127
G1 X119.862 Y115.164 E607.04106
G1 X119.515 Y116.31 E607.08088
G1 X119.397 Y117.5 E607.12066
G1 X119.515 Y118.69 E607.16043
G1 X119.862 Y119.836 E607.20026
G1 X120.426 Y120.891 E607.24005
G1 X121.185 Y121.815 E607.27982
G1 X122.109 Y122.574 E607.31959
G1 X123.164 Y123.138 E607.35938
G1 X124.31 Y123.485 E607.3992
G1 X125.5 Y123.603 E607.43898
G1 X126.69 Y123.485 E607.47875
G1 X127.836 Y123.138 E607.51857
G1 X128.891 Y122.574 E607.55836
G1 X129.815 Y121.815 E607.59813
G1 X130.574 Y120.891 E607.63791
G1 X131.138 Y119.836 E607.67769
G1 X131.193 Y119.656 E607.68395
G1 X131.485 Y118.69 E607.71752
G1 X131.586 Y117.671 E607.75158
G1 X131.586 Y118.69 E607.75583
G1 X131.586 Y119.699 E607.77698
G1 X131.586 Y125.002 E607.95336
G1 X103.414 Y125.002 E608.89036
G1 X103.414 Y119.699 E609.06674
G1 X103.414 Y118.69 E609.1003
G1 X103.414 Y117.671 E609.13419
G1 X103.515 Y118.69 E609.13858
G1 X103.807 Y119.656 E609.15974
G1 X103.862 Y119.836 E609.166
G1 X104.426 Y120.891 E609.20579
G1 X105.185 Y121.815 E609.24556
G1 X106.109 Y122.574 E609.28533
G1 X107.164 Y123.138 E609.32512
G1 X108.31 Y123.485 E609.36494
G1 X109.5 Y123.603 E609.40472
G1 X110.69 Y123.485 E609.44449
G1 X111.836 Y123.138 E609.48432
G1 X112.891 Y122.574 E609.52411
G1 X113.815 Y121.815 E609.56388
G1 X114.574 Y120.891 E609.60365
G1 X115.138 Y119.836 E609.64344
G1 X115.485 Y118.69 E609.68326
G1 X115.603 Y117.5 E609.72304
G1 X115.485 Y116.31 E609.76281
G1 X115.138 Y115.164 E609.80263
G1 X114.574 Y114.109 E609.84242
G1 X113.815 Y113.185 E609.88219
G1 X112.891 Y112.426 E609.92197
G1 X111.836 Y111.862 E609.96176
G1 X110.69 Y111.515 E610.00158
G1 X109.5 Y111.397 E610.04135
G1 X108.31 Y111.515 E610.08113
G1 X107.164 Y111.862 E610.12095
G1 X106.109 Y112.426 E610.16074
G1 X105.185 Y113.185 E610.20051
G1 X104.426 Y114.109 E610.24028
G1 X103.862 Y115.164 E610.28007
G1 X103.807 Y115.344 E610.28633
G1 X103.515 Y116.31 E610.3199
G1 X103.414 Y117.329 E610.35396
G1 X103.414 Y116.31 E610.35821
G1 X103.414 Y115.301 E610.37936
G1 X103.414 Y109.998 E610.55574
G1 X131.586 Y109.998 E611.49274
G1 X131.586 Y115.301 E611.66912
G1 X131.586 Y116.31 E611.70268
G1 X131.586 Y117.329 E611.73657
G1 X131.485 Y116.31 E611.74096
G1 X131.193 Y115.344 E611.76212
G1 X131.138 Y115.164 E611.76838
G1 X130.574 Y114.109 E611.80817
G1 X129.815 Y113.185 E611.84794
G1 X128.891 Y112.426 E611.88771
G1 X127.836 Y111.862 E611.9275
G1 X126.69 Y111.515 E611.96732
G1 X125.5 Y111.397 E612.0071
M204 S5000
M205 X30 Y30
G0 F7200 X125.5 Y111.297
G0 X131.516 Y110.068
G0 X131.873 Y109.667
M204 S500
M205 X20 Y20
;TYPE:WALL-OUTER
G1 F1800 X131.986 Y109.825 E612.01356
G1 X131.986 Y125.175 E612.5241
G1 X131.873 Y125.333 E612.53056
G1 X131.682 Y125.402 E612.53732
G1 X103.318 Y125.402 E613.48071
G1 X103.127 Y125.333 E613.48746
G1 X103.014 Y125.175 E613.49392
G1 X103.014 Y109.825 E614.00446
G1 X103.127 Y109.667 E614.01092
G1 X103.318 Y109.598 E614.01768
G1 X131.682 Y109.598 E614.96107
G1 X131.873 Y109.667 E614.96782
M204 S5000
M205 X30 Y30
G0 F7200 X131.986 Y109.825
G0 X131.986 Y109.831
G0 X131.516 Y110.068
G0 X124.303 Y111.476
G0 X123.149 Y111.826
G0 X122.087 Y112.393
G0 X121.157 Y113.157
G0 X120.393 Y114.087
G0 X119.826 Y115.149
G0 X119.543 Y116.083
G0 X119.302 Y117.452
G0 X119.799 Y117.5
M204 S500
M205 X20 Y20
G1 F1800 X119.909 Y118.612 E615.00499
G1 X120.233 Y119.682 E615.04217
G1 X120.76 Y120.668 E615.07936
G1 X121.469 Y121.531 E615.11651
G1 X122.332 Y122.24 E615.15366
G1 X123.318 Y122.767 E615.19084
G1 X124.388 Y123.091 E615.22802
G1 X125.5 Y123.201 E615.26519
G1 X126.612 Y123.091 E615.30236
G1 X127.682 Y122.767 E615.33954
G1 X128.668 Y122.24 E615.37672
G1 X129.531 Y121.531 E615.41387
G1 X130.24 Y120.668 E615.45102
G1 X130.767 Y119.682 E615.48821
G1 X131.091 Y118.612 E615.52539
G1 X131.201 Y117.5 E615.56256
G1 X131.091 Y116.388 E615.59972
G1 X130.767 Y115.318 E615.63691
G1 X130.24 Y114.332 E615.67409
G1 X129.531 Y113.469 E615.71124
G1 X128.668 Y112.76 E615.74839
G1 X127.682 Y112.233 E615.78557
G1 X126.612 Y111.909 E615.82276
G1 X125.5 Y111.799 E615.85992
G1 X124.388 Y111.909 E615.89709
G1 X123.318 Y112.233 E615.93427
G1 X122.332 Y112.76 E615.97146
G1 X121.469 Y113.469 E616.0086
G1 X120.76 Y114.332 E616.04575
G1 X120.233 Y115.318 E616.08294
G1 X119.909 Y116.388 E616.12012
G1 X119.799 Y117.5 E616.15729
M204 S5000
M205 X30 Y30
G0 F7200 X119.818 Y117.699
G0 X119.321 Y117.747
G0 X112.913 Y112.393
G0 X111.851 Y111.826
G0 X110.697 Y111.476
G0 X109.5 Y111.357
G0 X108.303 Y111.476
G0 X107.149 Y111.826
G0 X106.087 Y112.393
G0 X105.157 Y113.157
G0 X104.393 Y114.087
G0 X103.826 Y115.149
G0 X103.511 Y116.187
G0 X103.418 Y117.229
G0 X103.799 Y117.5
M204 S500
M205 X20 Y20
G1 F1800 X103.909 Y118.612 E616.19445
G1 X104.233 Y119.682 E616.23164
G1 X104.76 Y120.668 E616.26882
G1 X105.469 Y121.531 E616.30597
G1 X106.332 Y122.24 E616.34312
G1 X107.318 Y122.767 E616.3803
G1 X108.388 Y123.091 E616.41749
G1 X109.5 Y123.201 E616.45465
G1 X110.612 Y123.091 E616.49182
G1 X111.682 Y122.767 E616.529
G1 X112.668 Y122.24 E616.56619
G1 X113.531 Y121.531 E616.60333
G1 X114.24 Y120.668 E616.64048
G1 X114.767 Y119.682 E616.67767
G1 X115.091 Y118.612 E616.71485
G1 X115.201 Y117.5 E616.75202
G1 X115.091 Y116.388 E616.78918
G1 X114.767 Y115.318 E616.82637
G1 X114.24 Y114.332 E616.86355
G1 X113.531 Y113.469 E616.9007
G1 X112.668 Y112.76 E616.93785
G1 X111.682 Y112.233 E616.97503
G1 X110.612 Y111.909 E617.01222
G1 X109.5 Y111.799 E617.04938
G1 X108.388 Y111.909 E617.08655
G1 X107.318 Y112.233 E617.12373
G1 X106.332 Y112.76 E617.16092
G1 X105.469 Y113.469 E617.19807
G1 X104.76 Y114.332 E617.23521
G1 X104.233 Y115.318 E617.2724
G1 X103.909 Y116.388 E617.30958
G1 X103.799 Y117.5 E617.34675
M204 S5000
M205 X30 Y30
G0 F7200 X103.818 Y117.699
G0 X103.464 Y118.68
G0 X103.608 Y120.013
G0 X103.745 Y120.15
M204 S500
M205 X20 Y20
;TYPE:SKIN
G1 F1800 X103.673 Y120.361 E617.35627
M204 S5000
M205 X30 Y30
G0 F7200 X103.608 Y120.296
G0 X105.157 Y121.843
G0 X106.087 Y122.607
G0 X107.149 Y123.174
G0 X108.303 Y123.524
G0 X109.5 Y123.643
G0 X110.697 Y123.524
G0 X111.851 Y123.174
G0 X112.913 Y122.607
G0 X113.843 Y121.843
G0 X114.607 Y120.913
G0 X115.174 Y119.851
G0 X115.524 Y118.697
G0 X115.643 Y117.5
G0 X115.524 Y116.303
G0 X115.174 Y115.149
G0 X114.607 Y114.087
G0 X113.843 Y113.157
G0 X112.913 Y112.393
G0 X111.851 Y111.826
G0 X110.697 Y111.476
G0 X109.5 Y111.357
G0 X108.303 Y111.476
G0 X107.149 Y111.826
G0 X106.087 Y112.393
G0 X105.157 Y113.157
G0 X103.713 Y115.027
G0 X103.66 Y114.974
M204 S500
M205 X20 Y20
G1 F1800 X103.71 Y114.741 E617.36116
G1 X103.881 Y114.629 E617.36536
M204 S5000
M205 X30 Y30
G0 F7200 X103.91 Y114.658
G0 X103.442 Y110.026
G0 X128.746 Y110.026
G0 X131.117 Y114.712
G0 X131.253 Y114.848
M204 S500
M205 X20 Y20
G1 F1800 X131.325 Y114.637 E617.37486
M204 S5000
M205 X30 Y30
G0 F7200 X131.26 Y114.573
G0 X129.843 Y113.157
G0 X128.913 Y112.393
G0 X127.851 Y111.826
G0 X126.697 Y111.476
G0 X125.5 Y111.357
G0 X124.303 Y111.476
G0 X123.149 Y111.826
G0 X122.087 Y112.393
G0 X121.157 Y113.157
G0 X120.393 Y114.087
G0 X119.826 Y115.149
G0 X119.476 Y116.303
G0 X119.357 Y117.5
G0 X119.476 Y118.697
G0 X119.826 Y119.851
G0 X120.393 Y120.913
G0 X121.157 Y121.843
G0 X122.087 Y122.607
G0 X123.149 Y123.174
G0 X124.303 Y123.524
G0 X125.5 Y123.643
G0 X126.697 Y123.524
G0 X127.851 Y123.174
G0 X128.913 Y122.607
G0 X129.843 Y121.843
G0 X131.285 Y119.971
G0 X131.337 Y120.023
M204 S500
M205 X20 Y20
G1 F1800 X131.288 Y120.257 E617.37976
G1 X131.117 Y120.369 E617.38395
M204 S5000
M205 X30 Y30
G0 F7200 X131.186 Y120.437
;MESH:NONMESH
G0 X131.558 Y124.974
G0 X113.843 Y121.843
G0 X114.607 Y120.913
G0 X115.174 Y119.851
G0 X115.524 Y118.697
G0 X115.643 Y117.5
G0 X115.524 Y116.303
G0 X115.174 Y115.149
G0 X114.607 Y114.087
G0 X113.843 Y113.157
G0 X112.913 Y112.393
G0 X111.851 Y111.826
G0 X110.917 Y111.543
G0 X104.501 Y110.158
;TIME_ELAPSED:661.938558
;LAYER:37
;MESH:listwa_mocujaca.stl
G0 X104.501 Y110.158 Z7.6
M204 S500
M205 X20 Y20
;TYPE:FILL
G1 F3600 X106.419 Y112.076 E617.47417
G1 X106.489 Y112.146
M204 S5000
M205 X30 Y30
G0 F7200 X106.474 Y112.117
G0 X107.871 Y110.157
M204 S500
M205 X20 Y20
G1 F3600 X103.574 Y114.455 E617.67631
G1 X103.504 Y114.525
M204 S5000
M205 X30 Y30
G0 F7200 X103.514 Y114.525
G0 X106.087 Y112.393
G0 X107.149 Y111.826
G0 X108.303 Y111.476
G0 X109.5 Y111.357
G0 X110.697 Y111.476
G0 X111.851 Y111.826
G0 X112.913 Y112.393
G0 X113.843 Y113.157
G0 X114.607 Y114.087
G0 X115.174 Y115.149
G0 X115.524 Y116.303
G0 X115.643 Y117.5
G0 X115.524 Y118.697
G0 X115.174 Y119.851
G0 X114.607 Y120.913
G0 X113.843 Y121.843
G0 X112.913 Y122.607
G0 X111.851 Y123.174
G0 X110.697 Y123.524
G0 X109.5 Y123.643
G0 X108.303 Y123.524
G0 X107.149 Y123.174
G0 X106.194 Y122.664
G0 X103.574 Y120.544
M204 S500
M205 X20 Y20
G1 F3600 X107.87 Y124.841 E617.8784
G1 X107.94 Y124.911
M204 S5000
M205 X30 Y30
G0 F7200 X107.94 Y124.902
G0 X110.158 Y124.841
M204 S500
M205 X20 Y20
G1 F3600 X111.633 Y123.366 E617.94778
M204 S5000
M205 X30 Y30
G0 F7200 X111.947 Y123.26
M204 S500
M205 X20 Y20
G1 F3600 X113.527 Y124.841 E618.02213
G1 X113.597 Y124.911
M204 S5000
M205 X30 Y30
G0 F7200 X113.597 Y124.902
G0 X115.814 Y124.841
M204 S500
M205 X20 Y20
G1 F3600 X120.077 Y120.579 E618.22262
G1 X120.147 Y120.509
M204 S5000
M205 X30 Y30
G0 F7200 X120.117 Y120.525
G0 X119.632 Y119.632
M204 S500
M205 X20 Y20
G1 F3600 X115.366 Y115.366 E618.42328
G1 X115.296 Y115.296
M204 S5000
M205 X30 Y30
G0 F7200 X114.922 Y114.42
M204 S500
M205 X20 Y20
G1 F3600 X119.185 Y110.157 E618.6238
G1 X119.255 Y110.087
M204 S5000
M205 X30 Y30
G0 F7200 X119.255 Y110.098
G0 X121.471 Y110.158
M204 S500
M205 X20 Y20
G1 F3600 X123.052 Y111.738 E618.69814
M204 S5000
M205 X30 Y30
G0 F7200 X123.367 Y111.632
M204 S500
M205 X20 Y20
G1 F3600 X124.842 Y110.157 E618.76752
G1 X124.912 Y110.087
M204 S5000
M205 X30 Y30
G0 F7200 X124.912 Y110.098
G0 X127.128 Y110.158
M204 S500
M205 X20 Y20
G1 F3600 X131.424 Y114.454 E618.96959
G1 X131.494 Y114.524
M204 S5000
M205 X30 Y30
G0 F7200 X131.486 Y114.524
G0 X128.578 Y112.077
M204 S500
M205 X20 Y20
G1 F3600 X130.499 Y110.157 E619.05993
G1 X130.569 Y110.087
M204 S5000
M205 X30 Y30
G0 F7200 X130.569 Y110.098
G0 X124.303 Y111.476
G0 X123.149 Y111.826
G0 X122.087 Y112.393
G0 X121.157 Y113.157
G0 X120.393 Y114.087
G0 X119.826 Y115.149
G0 X119.476 Y116.303
G0 X119.357 Y117.5
G0 X119.476 Y118.697
G0 X119.826 Y119.851
G0 X120.393 Y120.913
G0 X121.157 Y121.843
G0 X122.087 Y122.607
G0 X123.149 Y123.174
G0 X124.303 Y123.524
G0 X125.5 Y123.643
G0 X126.697 Y123.524
G0 X127.851 Y123.174
G0 X128.806 Y122.664
G0 X131.424 Y120.545
M204 S500
M205 X20 Y20
G1 F3600 X127.128 Y124.841 E619.262
G1 X127.058 Y124.911
M204 S5000
M205 X30 Y30
G0 F7200 X127.058 Y124.902
G0 X124.841 Y124.841
M204 S500
M205 X20 Y20
G1 F3600 X123.367 Y123.367 E619.33133
M204 S5000
M205 X30 Y30
G0 F7200 X123.053 Y123.26
M204 S500
M205 X20 Y20
G1 F3600 X121.471 Y124.841 E619.40572
G1 X121.401 Y124.911
M204 S5000
M205 X30 Y30
G0 F7200 X121.401 Y124.902
G0 X119.184 Y124.841
M204 S500
M205 X20 Y20
G1 F3600 X114.921 Y120.578 E619.60624
G1 X114.851 Y120.508
M204 S5000
M205 X30 Y30
G0 F7200 X114.882 Y120.526
G0 X115.367 Y119.632
M204 S500
M205 X20 Y20
G1 F3600 X119.631 Y115.368 E619.8068
G1 X119.701 Y115.298
M204 S5000
M205 X30 Y30
G0 F7200 X120.077 Y114.42
M204 S500
M205 X20 Y20
G1 F3600 X115.814 Y110.158 E620.0073
G1 X115.744 Y110.088
M204 S5000
M205 X30 Y30
G0 F7200 X115.744 Y110.098
G0 X113.528 Y110.157
M204 S500
M205 X20 Y20
G1 F3600 X111.947 Y111.739 E620.08169
M204 S5000
M205 X30 Y30
G0 F7200 X111.631 Y111.631
M204 S500
M205 X20 Y20
G1 F3600 X110.158 Y110.158 E620.15097
G1 X110.088 Y110.088
M204 S5000
M205 X30 Y30
G0 F7200 X110.088 Y110.098
G0 X113.843 Y113.157
G0 X114.607 Y114.087
G0 X115.174 Y115.149
G0 X115.524 Y116.303
G0 X115.643 Y117.5
G0 X115.524 Y118.697
G0 X115.174 Y119.851
G0 X114.607 Y120.913
G0 X113.843 Y121.843
G0 X112.913 Y122.607
G0 X111.851 Y123.174
G0 X110.697 Y123.524
G0 X109.5 Y123.643
G0 X108.423 Y123.536
G0 X106.42 Y122.922
M204 S500
M205 X20 Y20
G1 F3600 X104.501 Y124.841 E620.24123
G1 X104.431 Y124.911
M204 S5000
M205 X30 Y30
G0 F7200 X104.431 Y124.902
G0 X125.5 Y123.643
G0 X126.577 Y123.536
G0 X128.579 Y122.922
M204 S500
M205 X20 Y20
G1 F3600 X130.497 Y124.841 E620.33147
G1 X130.567 Y124.911
M204 S5000
M205 X30 Y30
G0 F7200 X130.567 Y124.902
G0 X124.303 Y123.524
G0 X123.149 Y123.174
G0 X122.087 Y122.607
G0 X121.157 Y121.843
G0 X120.393 Y120.913
G0 X119.826 Y119.851
G0 X119.476 Y118.697
G0 X119.357 Y117.5
G0 X119.476 Y116.303
G0 X119.826 Y115.149
G0 X120.393 Y114.087
G0 X121.157 Y113.157
G0 X122.087 Y112.393
G0 X123.149 Y111.826
G0 X124.083 Y111.543
G0 X125.5 Y111.297
G0 X125.5 Y111.397
M204 S500
M205 X20 Y20
;TYPE:WALL-INNER
G1 F3600 X124.31 Y111.515 E620.37125
G1 X123.164 Y111.862 E620.41107
G1 X122.109 Y112.426 E620.45086
G1 X121.185 Y113.185 E620.49063
G1 X120.426 Y114.109 E620.53041
G1 X119.862 Y115.164 E620.57019
G1 X119.515 Y116.31 E620.61002
G1 X119.397 Y117.5 E620.64979
G1 X119.515 Y118.69 E620.68957
G1 X119.862 Y119.836 E620.72939
G1 X120.426 Y120.891 E620.76918
G1 X121.185 Y121.815 E620.80895
G1 X122.109 Y122.574 E620.84872
G1 X123.164 Y123.138 E620.88851
G1 X124.31 Y123.485 E620.92834
G1 X125.5 Y123.603 E620.96811
G1 X126.69 Y123.485 E621.00788
G1 X127.836 Y123.138 E621.04771
G1 X128.891 Y122.574 E621.0875
G1 X129.815 Y121.815 E621.12727
G1 X130.574 Y120.891 E621.16704
G1 X131.138 Y119.836 E621.20683
G1 X131.193 Y119.656 E621.21309
G1 X131.485 Y118.69 E621.24666
G1 X131.586 Y117.671 E621.28071
G1 X131.586 Y118.69 E621.28496
G1 X131.586 Y119.699 E621.30612
G1 X131.586 Y125.002 E621.4825
G1 X103.414 Y125.002 E622.4195
G1 X103.414 Y119.699 E622.59588
G1 X103.414 Y118.69 E622.62944
G1 X103.414 Y117.671 E622.66333
G1 X103.515 Y118.69 E622.66772
G1 X103.807 Y119.656 E622.68887
G1 X103.862 Y119.836 E622.69513
G1 X104.426 Y120.891 E622.73492
G1 X105.185 Y121.815 E622.77469
G1 X106.109 Y122.574 E622.81447
G1 X107.164 Y123.138 E622.85425
G1 X108.31 Y123.485 E622.89408
G1 X109.5 Y123.603 E622.93385
G1 X110.69 Y123.485 E622.97363
G1 X111.836 Y123.138 E623.01345
G1 X112.891 Y122.574 E623.05324
G1 X113.815 Y121.815 E623.09301
G1 X114.574 Y120.891 E623.13278
G1 X115.138 Y119.836 E623.17257
G1 X115.485 Y118.69 E623.2124
G1 X115.603 Y117.5 E623.25217
G1 X115.485 Y116.31 E623.29195
G1 X115.138 Y115.164 E623.33177
G1 X114.574 Y114.109 E623.37156
G1 X113.815 Y113.185 E623.41133
G1 X112.891 Y112.426 E623.4511
G1 X111.836 Y111.862 E623.49089
G1 X110.69 Y111.515 E623.53072
G1 X109.5 Y111.397 E623.57049
G1 X108.31 Y111.515 E623.61026
G1 X107.164 Y111.862 E623.65009
G1 X106.109 Y112.426 E623.68988
G1 X105.185 Y113.185 E623.72965
G1 X104.426 Y114.109 E623.76942
G1 X103.862 Y115.164 E623.80921
G1 X103.807 Y115.344 E623.81547
G1 X103.515 Y116.31 E623.84903
G1 X103.414 Y117.329 E623.88309
G1 X103.414 Y116.31 E623.88734
G1 X103.414 Y115.301 E623.9085
G1 X103.414 Y109.998 E624.08487
G1 X131.586 Y109.998 E625.02188
G1 X131.586 Y115.301 E625.19826
G1 X131.586 Y116.31 E625.23182
G1 X131.586 Y117.329 E625.26571
G1 X131.485 Y116.31 E625.2701
G1 X131.193 Y115.344 E625.29125
G1 X131.138 Y115.164 E625.29751
G1 X130.574 Y114.109 E625.3373
G1 X129.815 Y113.185 E625.37707
G1 X128.891 Y112.426 E625.41684
G1 X127.836 Y111.862 E625.45663
G1 X126.69 Y111.515 E625.49646
G1 X125.5 Y111.397 E625.53623
M204 S5000
M205 X30 Y30
G0 F7200 X125.5 Y111.297
G0 X131.516 Y110.068
G0 X131.873 Y109.667
M204 S500
M205 X20 Y20
;TYPE:WALL-OUTER
G1 F1800 X131.986 Y109.825 E625.54269
G1 X131.986 Y125.175 E626.05324
G1 X131.873 Y125.333 E626.0597
G1 X131.682 Y125.402 E626.06645
G1 X103.318 Y125.402 E627.00984
G1 X103.127 Y125.333 E627.0166
G1 X103.014 Y125.175 E627.02306
G1 X103.014 Y109.825 E627.5336
G1 X103.127 Y109.667 E627.54006
G1 X103.318 Y109.598 E627.54681
G1 X131.682 Y109.598 E628.49021
G1 X131.873 Y109.667 E628.49696
M204 S5000
M205 X30 Y30
G0 F7200 X131.986 Y109.825
G0 X131.986 Y109.831
G0 X131.516 Y110.068
G0 X124.303 Y111.476
G0 X123.149 Y111.826
G0 X122.087 Y112.393
G0 X121.157 Y113.157
G0 X120.393 Y114.087
G0 X119.826 Y115.149
G0 X119.543 Y116.083
G0 X119.302 Y117.452
G0 X119.799 Y117.5
M204 S500
M205 X20 Y20
G1 F1800 X119.909 Y118.612 E628.53413
G1 X120.233 Y119.682 E628.57131
G1 X120.76 Y120.668 E628.60849
G1 X121.469 Y121.531 E628.64564
G1 X122.332 Y122.24 E628.68279
G1 X123.318 Y122.767 E628.71998
G1 X124.388 Y123.091 E628.75716
G1 X125.5 Y123.201 E628.79433
G1 X126.612 Y123.091 E628.83149
G1 X127.682 Y122.767 E628.86868
G1 X128.668 Y122.24 E628.90586
G1 X129.531 Y121.531 E628.94301
G1 X130.24 Y120.668 E628.98016
G1 X130.767 Y119.682 E629.01734
G1 X131.091 Y118.612 E629.05453
G1 X131.201 Y117.5 E629.09169
G1 X131.091 Y116.388 E629.12886
G1 X130.767 Y115.318 E629.16604
G1 X130.24 Y114.332 E629.20323
G1 X129.531 Y113.469 E629.24037
G1 X128.668 Y112.76 E629.27752
G1 X127.682 Y112.233 E629.31471
G1 X126.612 Y111.909 E629.35189
G1 X125.5 Y111.799 E629.38906
G1 X124.388 Y111.909 E629.42622
G1 X123.318 Y112.233 E629.46341
G1 X122.332 Y112.76 E629.50059
G1 X121.469 Y113.469 E629.53774
G1 X120.76 Y114.332 E629.57489
G1 X120.233 Y115.318 E629.61207
G1 X119.909 Y116.388 E629.64926
G1 X119.799 Y117.5 E629.68642
M204 S5000
M205 X30 Y30
G0 F7200 X119.818 Y117.699
G0 X119.321 Y117.747
G0 X112.913 Y112.393
G0 X111.851 Y111.826
G0 X110.697 Y111.476
G0 X109.5 Y111.357
G0 X108.303 Y111.476
G0 X107.149 Y111.826
G0 X106.087 Y112.393
G0 X105.157 Y113.157
G0 X104.393 Y114.087
G0 X103.826 Y115.149
G0 X103.511 Y116.187
G0 X103.418 Y117.229
G0 X103.799 Y117.5
M204 S500
M205 X20 Y20
G1 F1800 X103.909 Y118.612 E629.72359
G1 X104.233 Y119.682 E629.76077
G1 X104.76 Y120.668 E629.79796
G1 X105.469 Y121.531 E629.8351
G1 X106.332 Y122.24 E629.87225
G1 X107.318 Y122.767 E629.90944
G1 X108.388 Y123.091 E629.94662
G1 X109.5 Y123.201 E629.98379
G1 X110.612 Y123.091 E630.02095
G1 X111.682 Y122.767 E630.05814
G1 X112.668 Y122.24 E630.09532
G1 X113.531 Y121.531 E630.13247
G1 X114.24 Y120.668 E630.16962
G1 X114.767 Y119.682 E630.2068
G1 X115.091 Y118.612 E630.24399
G1 X115.201 Y117.5 E630.28115
G1 X115.091 Y116.388 E630.31832
G1 X114.767 Y115.318 E630.3555
G1 X114.24 Y114.332 E630.39269
G1 X113.531 Y113.469 E630.42984
G1 X112.668 Y112.76 E630.46698
G1 X111.682 Y112.233 E630.50417
G1 X110.612 Y111.909 E630.54135
G1 X109.5 Y111.799 E630.57852
G1 X108.388 Y111.909 E630.61568
G1 X107.318 Y112.233 E630.65287
G1 X106.332 Y112.76 E630.69005
G1 X105.469 Y113.469 E630.7272
G1 X104.76 Y114.332 E630.76435
G1 X104.233 Y115.318 E630.80153
G1 X103.909 Y116.388 E630.83872
G1 X103.799 Y117.5 E630.87588
M204 S5000
M205 X30 Y30
G0 F7200 X103.818 Y117.699
G0 X103.464 Y118.68
G0 X103.646 Y119.799
G0 X103.627 Y119.817
M204 S500
M205 X20 Y20
;TYPE:SKIN
G1 F1800 X103.668 Y120.059 E630.8803
G1 X103.717 Y120.292 E630.88459
M204 S5000
M205 X30 Y30
G0 F7200 X103.609 Y120.401
G0 X105.157 Y121.843
G0 X106.087 Y122.607
G0 X107.149 Y123.174
G0 X108.303 Y123.524
G0 X109.5 Y123.643
G0 X110.697 Y123.524
G0 X111.851 Y123.174
G0 X112.913 Y122.607
G0 X113.843 Y121.843
G0 X114.607 Y120.913
G0 X115.174 Y119.851
G0 X115.524 Y118.697
G0 X115.643 Y117.5
G0 X115.524 Y116.303
G0 X115.174 Y115.149
G0 X114.607 Y114.087
G0 X113.843 Y113.157
G0 X112.913 Y112.393
G0 X111.851 Y111.826
G0 X110.697 Y111.476
G0 X109.5 Y111.357
G0 X108.303 Y111.476
G0 X107.149 Y111.826
G0 X106.087 Y112.393
G0 X105.25 Y113.08
G0 X103.608 Y115.028
G0 X103.719 Y114.917
M204 S500
M205 X20 Y20
G1 F1800 X103.691 Y114.662 E630.8937
M204 S5000
M205 X30 Y30
G0 F7200 X103.774 Y114.58
G0 X103.442 Y110.026
G0 X128.746 Y110.026
G0 X131.103 Y114.686
G0 X131.153 Y114.636
M204 S500
M205 X20 Y20
G1 F1800 X131.296 Y114.776 E630.89781
G1 X131.345 Y115.009 E630.90269
M204 S5000
M205 X30 Y30
G0 F7200 X131.39 Y114.965
G0 X129.843 Y113.157
G0 X128.913 Y112.393
G0 X127.851 Y111.826
G0 X126.697 Y111.476
G0 X125.5 Y111.357
G0 X124.303 Y111.476
G0 X123.149 Y111.826
G0 X122.087 Y112.393
G0 X121.157 Y113.157
G0 X120.393 Y114.087
G0 X119.826 Y115.149
G0 X119.476 Y116.303
G0 X119.357 Y117.5
G0 X119.476 Y118.697
G0 X119.826 Y119.851
G0 X120.393 Y120.913
G0 X121.157 Y121.843
G0 X122.087 Y122.607
G0 X123.149 Y123.174
G0 X124.303 Y123.524
G0 X125.5 Y123.643
G0 X126.697 Y123.524
G0 X127.851 Y123.174
G0 X128.913 Y122.607
G0 X129.666 Y121.989
G0 X131.39 Y120.056
M204 S500
M205 X20 Y20
G1 F1800 X131.067 Y120.379 E630.91029
M204 S5000
M205 X30 Y30
G0 F7200 X131.294 Y120.435
M204 S500
M205 X20 Y20
G1 F1800 X131.39 Y120.339 E630.91255
M204 S5000
M205 X30 Y30
G0 F7200 X131.291 Y120.396
;MESH:NONMESH
G0 X131.558 Y124.974
G0 X113.843 Y121.843
G0 X114.607 Y120.913
G0 X115.174 Y119.851
G0 X115.524 Y118.697
G0 X115.643 Y117.5
G0 X115.524 Y116.303
G0 X115.174 Y115.149
G0 X114.607 Y114.087
G0 X113.843 Y113.157
G0 X112.913 Y112.393
G0 X111.851 Y111.826
G0 X110.917 Y111.543
G0 X104.501 Y110.158
;TIME_ELAPSED:677.141811
;LAYER:38
;MESH:listwa_mocujaca.stl
G0 X104.501 Y110.158 Z7.8
M204 S500
M205 X20 Y20
;TYPE:FILL
G1 F3600 X106.419 Y112.076 E631.00276
G1 X106.489 Y112.146
M204 S5000
M205 X30 Y30
G0 F7200 X106.474 Y112.117
G0 X107.871 Y110.157
M204 S500
M205 X20 Y20
G1 F3600 X103.574 Y114.455 E631.2049
G1 X103.504 Y114.525
M204 S5000
M205 X30 Y30
G0 F7200 X103.514 Y114.525
G0 X106.087 Y112.393
G0 X107.149 Y111.826
G0 X108.303 Y111.476
G0 X109.5 Y111.357
G0 X110.697 Y111.476
G0 X111.851 Y111.826
G0 X112.913 Y112.393
G0 X113.843 Y113.157
G0 X114.607 Y114.087
G0 X115.174 Y115.149
G0 X115.524 Y116.303
G0 X115.643 Y117.5
G0 X115.524 Y118.697
G0 X115.174 Y119.851
G0 X114.607 Y120.913
G0 X113.843 Y121.843
G0 X112.913 Y122.607
G0 X111.851 Y123.174
G0 X110.697 Y123.524
G0 X109.5 Y123.643
G0 X108.303 Y123.524
G0 X107.149 Y123.174
G0 X106.194 Y122.664
G0 X103.574 Y120.544
M204 S500
M205 X20 Y20
G1 F3600 X107.87 Y124.841 E631.407
G1 X107.94 Y124.911
M204 S5000
M205 X30 Y30
G0 F7200 X107.94 Y124.902
G0 X110.158 Y124.841
M204 S500
M205 X20 Y20
G1 F3600 X111.633 Y123.366 E631.47638
M204 S5000
M205 X30 Y30
G0 F7200 X111.947 Y123.26
M204 S500
M205 X20 Y20
G1 F3600 X113.527 Y124.841 E631.55072
G1 X113.597 Y124.911
M204 S5000
M205 X30 Y30
G0 F7200 X113.597 Y124.902
G0 X115.814 Y124.841
M204 S500
M205 X20 Y20
G1 F3600 X120.077 Y120.579 E631.75121
G1 X120.147 Y120.509
M204 S5000
M205 X30 Y30
G0 F7200 X120.117 Y120.525
G0 X119.632 Y119.632
M204 S500
M205 X20 Y20
G1 F3600 X115.366 Y115.366 E631.95187
G1 X115.296 Y115.296
M204 S5000
M205 X30 Y30
G0 F7200 X114.922 Y114.42
M204 S500
M205 X20 Y20
G1 F3600 X119.185 Y110.157 E632.15239
G1 X119.255 Y110.087
M204 S5000
M205 X30 Y30
G0 F7200 X119.255 Y110.098
G0 X121.471 Y110.158
M204 S500
M205 X20 Y20
G1 F3600 X123.052 Y111.738 E632.22673
M204 S5000
M205 X30 Y30
G0 F7200 X123.367 Y111.632
M204 S500
M205 X20 Y20
G1 F3600 X124.842 Y110.157 E632.29611
G1 X124.912 Y110.087
M204 S5000
M205 X30 Y30
G0 F7200 X124.912 Y110.098
G0 X127.128 Y110.158
M204 S500
M205 X20 Y20
G1 F3600 X131.424 Y114.454 E632.49818
G1 X131.494 Y114.524
M204 S5000
M205 X30 Y30
G0 F7200 X131.486 Y114.524
G0 X128.578 Y112.077
M204 S500
M205 X20 Y20
G1 F3600 X130.499 Y110.157 E632.58852
G1 X130.569 Y110.087
M204 S5000
M205 X30 Y30
G0 F7200 X130.569 Y110.098
G0 X124.303 Y111.476
G0 X123.149 Y111.826
G0 X122.087 Y112.393
G0 X121.157 Y113.157
G0 X120.393 Y114.087
G0 X119.826 Y115.149
G0 X119.476 Y116.303
G0 X119.357 Y117.5
G0 X119.476 Y118.697
G0 X119.826 Y119.851
G0 X120.393 Y120.913
G0 X121.157 Y121.843
G0 X122.087 Y122.607
G0 X123.149 Y123.174
G0 X124.303 Y123.524
G0 X125.5 Y123.643
G0 X126.697 Y123.524
G0 X127.851 Y123.174
G0 X128.806 Y122.664
G0 X131.424 Y120.545
M204 S500
M205 X20 Y20
G1 F3600 X127.128 Y124.841 E632.79059
G1 X127.058 Y124.911
M204 S5000
M205 X30 Y30
G0 F7200 X127.058 Y124.902
G0 X124.841 Y124.841
M204 S500
M205 X20 Y20
G1 F3600 X123.367 Y123.367 E632.85992
M204 S5000
M205 X30 Y30
G0 F7200 X123.053 Y123.26
M204 S500
M205 X20 Y20
G1 F3600 X121.471 Y124.841 E632.93431
G1 X121.401 Y124.911
M204 S5000
M205 X30 Y30
G0 F7200 X121.401 Y124.902
G0 X119.184 Y124.841
M204 S500
M205 X20 Y20
G1 F3600 X114.921 Y120.578 E633.13483
G1 X114.851 Y120.508
M204 S5000
M205 X30 Y30
G0 F7200 X114.882 Y120.526
G0 X115.367 Y119.632
M204 S500
M205 X20 Y20
G1 F3600 X119.631 Y115.368 E633.33539
G1 X119.701 Y115.298
M204 S5000
M205 X30 Y30
G0 F7200 X120.077 Y114.42
M204 S500
M205 X20 Y20
G1 F3600 X115.814 Y110.158 E633.53589
G1 X115.744 Y110.088
M204 S5000
M205 X30 Y30
G0 F7200 X115.744 Y110.098
G0 X113.528 Y110.157
M204 S500
M205 X20 Y20
G1 F3600 X111.947 Y111.739 E633.61028
M204 S5000
M205 X30 Y30
G0 F7200 X111.631 Y111.631
M204 S500
M205 X20 Y20
G1 F3600 X110.158 Y110.158 E633.67956
G1 X110.088 Y110.088
M204 S5000
M205 X30 Y30
G0 F7200 X110.088 Y110.098
G0 X113.843 Y113.157
G0 X114.607 Y114.087
G0 X115.174 Y115.149
G0 X115.524 Y116.303
G0 X115.643 Y117.5
G0 X115.524 Y118.697
G0 X115.174 Y119.851
G0 X114.607 Y120.913
G0 X113.843 Y121.843
G0 X112.913 Y122.607
G0 X111.851 Y123.174
G0 X110.697 Y123.524
G0 X109.5 Y123.643
G0 X108.423 Y123.536
G0 X106.42 Y122.922
M204 S500
M205 X20 Y20
G1 F3600 X104.501 Y124.841 E633.76983
G1 X104.431 Y124.911
M204 S5000
M205 X30 Y30
G0 F7200 X104.431 Y124.902
G0 X125.5 Y123.643
G0 X126.577 Y123.536
G0 X128.579 Y122.922
M204 S500
M205 X20 Y20
G1 F3600 X130.497 Y124.841 E633.86007
G1 X130.567 Y124.911
M204 S5000
M205 X30 Y30
G0 F7200 X130.567 Y124.902
G0 X124.303 Y123.524
G0 X123.149 Y123.174
G0 X122.087 Y122.607
G0 X121.157 Y121.843
G0 X120.393 Y120.913
G0 X119.826 Y119.851
G0 X119.476 Y118.697
G0 X119.357 Y117.5
G0 X119.476 Y116.303
G0 X119.826 Y115.149
G0 X120.393 Y114.087
G0 X121.157 Y113.157
G0 X122.087 Y112.393
G0 X123.149 Y111.826
G0 X124.083 Y111.543
G0 X125.5 Y111.297
G0 X125.5 Y111.397
M204 S500
M205 X20 Y20
;TYPE:WALL-INNER
G1 F3600 X124.31 Y111.515 E633.89984
G1 X123.164 Y111.862 E633.93967
G1 X122.109 Y112.426 E633.97946
G1 X121.185 Y113.185 E634.01923
G1 X120.426 Y114.109 E634.059
G1 X119.862 Y115.164 E634.09879
G1 X119.515 Y116.31 E634.13861
G1 X119.397 Y117.5 E634.17839
G1 X119.515 Y118.69 E634.21816
G1 X119.862 Y119.836 E634.25798
G1 X120.426 Y120.891 E634.29777
G1 X121.185 Y121.815 E634.33754
G1 X122.109 Y122.574 E634.37732
G1 X123.164 Y123.138 E634.41711
G1 X124.31 Y123.485 E634.45693
G1 X125.5 Y123.603 E634.4967
G1 X126.69 Y123.485 E634.53648
G1 X127.836 Y123.138 E634.5763
G1 X128.891 Y122.574 E634.61609
G1 X129.815 Y121.815 E634.65586
G1 X130.574 Y120.891 E634.69563
G1 X131.138 Y119.836 E634.73542
G1 X131.193 Y119.656 E634.74168
G1 X131.485 Y118.69 E634.77525
G1 X131.586 Y117.671 E634.80931
G1 X131.586 Y118.69 E634.81356
G1 X131.586 Y119.699 E634.83471
G1 X131.586 Y125.002 E635.01109
G1 X103.414 Y125.002 E635.94809
G1 X103.414 Y119.699 E636.12447
G1 X103.414 Y118.69 E636.15803
G1 X103.414 Y117.671 E636.19192
G1 X103.515 Y118.69 E636.19631
G1 X103.807 Y119.656 E636.21747
G1 X103.862 Y119.836 E636.22373
G1 X104.426 Y120.891 E636.26352
G1 X105.185 Y121.815 E636.30329
G1 X106.109 Y122.574 E636.34306
G1 X107.164 Y123.138 E636.38285
G1 X108.31 Y123.485 E636.42267
G1 X109.5 Y123.603 E636.46245
G1 X110.69 Y123.485 E636.50222
G1 X111.836 Y123.138 E636.54205
G1 X112.891 Y122.574 E636.58183
G1 X113.815 Y121.815 E636.62161
G1 X114.574 Y120.891 E636.66138
G1 X115.138 Y119.836 E636.70117
G1 X115.485 Y118.69 E636.74099
G1 X115.603 Y117.5 E636.78076
G1 X115.485 Y116.31 E636.82054
G1 X115.138 Y115.164 E636.86036
G1 X114.574 Y114.109 E636.90015
G1 X113.815 Y113.185 E636.93992
G1 X112.891 Y112.426 E636.97969
G1 X111.836 Y111.862 E637.01948
G1 X110.69 Y111.515 E637.05931
G1 X109.5 Y111.397 E637.09908
G1 X108.31 Y111.515 E637.13886
G1 X107.164 Y111.862 E637.17868
G1 X106.109 Y112.426 E637.21847
G1 X105.185 Y113.185 E637.25824
G1 X104.426 Y114.109 E637.29801
G1 X103.862 Y115.164 E637.3378
G1 X103.807 Y115.344 E637.34406
G1 X103.515 Y116.31 E637.37763
G1 X103.414 Y117.329 E637.41169
G1 X103.414 Y116.31 E637.41593
G1 X103.414 Y115.301 E637.43709
G1 X103.414 Y109.998 E637.61347
G1 X131.586 Y109.998 E638.55047
G1 X131.586 Y115.301 E638.72685
G1 X131.586 Y116.31 E638.76041
G1 X131.586 Y117.329 E638.7943
G1 X131.485 Y116.31 E638.79869
G1 X131.193 Y115.344 E638.81985
G1 X131.138 Y115.164 E638.82611
G1 X130.574 Y114.109 E638.86589
G1 X129.815 Y113.185 E638.90567
G1 X128.891 Y112.426 E638.94544
G1 X127.836 Y111.862 E638.98523
G1 X126.69 Y111.515 E639.02505
G1 X125.5 Y111.397 E639.06482
M204 S5000
M205 X30 Y30
G0 F7200 X125.5 Y111.297
G0 X131.516 Y110.068
G0 X131.873 Y109.667
M204 S500
M205 X20 Y20
;TYPE:WALL-OUTER
G1 F1800 X131.986 Y109.825 E639.07129
G1 X131.986 Y125.175 E639.58183
G1 X131.873 Y125.333 E639.58829
G1 X131.682 Y125.402 E639.59504
G1 X103.318 Y125.402 E640.53843
G1 X103.127 Y125.333 E640.54519
G1 X103.014 Y125.175 E640.55165
G1 X103.014 Y109.825 E641.06219
G1 X103.127 Y109.667 E641.06865
G1 X103.318 Y109.598 E641.07541
G1 X131.682 Y109.598 E642.0188
G1 X131.873 Y109.667 E642.02555
M204 S5000
M205 X30 Y30
G0 F7200 X131.986 Y109.825
G0 X131.986 Y109.831
G0 X131.516 Y110.068
G0 X124.303 Y111.476
G0 X123.149 Y111.826
G0 X122.087 Y112.393
G0 X121.157 Y113.157
G0 X120.393 Y114.087
G0 X119.826 Y115.149
G0 X119.543 Y116.083
G0 X119.302 Y117.452
G0 X119.799 Y117.5
M204 S500
M205 X20 Y20
G1 F1800 X119.909 Y118.612 E642.06272
G1 X120.233 Y119.682 E642.0999
G1 X120.76 Y120.668 E642.13709
G1 X121.469 Y121.531 E642.17424
G1 X122.332 Y122.24 E642.21138
G1 X123.318 Y122.767 E642.24857
G1 X124.388 Y123.091 E642.28575
G1 X125.5 Y123.201 E642.32292
G1 X126.612 Y123.091 E642.36008
G1 X127.682 Y122.767 E642.39727
G1 X128.668 Y122.24 E642.43445
G1 X129.531 Y121.531 E642.4716
G1 X130.24 Y120.668 E642.50875
G1 X130.767 Y119.682 E642.54593
G1 X131.091 Y118.612 E642.58312
G1 X131.201 Y117.5 E642.62028
G1 X131.091 Y116.388 E642.65745
G1 X130.767 Y115.318 E642.69463
G1 X130.24 Y114.332 E642.73182
G1 X129.531 Y113.469 E642.76897
G1 X128.668 Y112.76 E642.80611
G1 X127.682 Y112.233 E642.8433
G1 X126.612 Y111.909 E642.88048
G1 X125.5 Y111.799 E642.91765
G1 X124.388 Y111.909 E642.95482
G1 X123.318 Y112.233 E642.992
G1 X122.332 Y112.76 E643.02918
G1 X121.469 Y113.469 E643.06633
G1 X120.76 Y114.332 E643.10348
G1 X120.233 Y115.318 E643.14067
G1 X119.909 Y116.388 E643.17785
G1 X119.799 Y117.5 E643.21502
M204 S5000
M205 X30 Y30
G0 F7200 X119.818 Y117.699
G0 X119.321 Y117.747
G0 X112.913 Y112.393
G0 X111.851 Y111.826
G0 X110.697 Y111.476
G0 X109.5 Y111.357
G0 X108.303 Y111.476
G0 X107.149 Y111.826
G0 X106.087 Y112.393
G0 X105.157 Y113.157
G0 X104.393 Y114.087
G0 X103.826 Y115.149
G0 X103.511 Y116.187
G0 X103.418 Y117.229
G0 X103.799 Y117.5
M204 S500
M205 X20 Y20
G1 F1800 X103.909 Y118.612 E643.25218
G1 X104.233 Y119.682 E643.28936
G1 X104.76 Y120.668 E643.32655
G1 X105.469 Y121.531 E643.3637
G1 X106.332 Y122.24 E643.40085
G1 X107.318 Y122.767 E643.43803
G1 X108.388 Y123.091 E643.47521
G1 X109.5 Y123.201 E643.51238
G1 X110.612 Y123.091 E643.54955
G1 X111.682 Y122.767 E643.58673
G1 X112.668 Y122.24 E643.62392
G1 X113.531 Y121.531 E643.66106
G1 X114.24 Y120.668 E643.69821
G1 X114.767 Y119.682 E643.7354
G1 X115.091 Y118.612 E643.77258
G1 X115.201 Y117.5 E643.80975
G1 X115.091 Y116.388 E643.84691
G1 X114.767 Y115.318 E643.8841
G1 X114.24 Y114.332 E643.92128
G1 X113.531 Y113.469 E643.95843
G1 X112.668 Y112.76 E643.99558
G1 X111.682 Y112.233 E644.03276
G1 X110.612 Y111.909 E644.06995
G1 X109.5 Y111.799 E644.10711
G1 X108.388 Y111.909 E644.14428
G1 X107.318 Y112.233 E644.18146
G1 X106.332 Y112.76 E644.21865
G1 X105.469 Y113.469 E644.25579
G1 X104.76 Y114.332 E644.29294
G1 X104.233 Y115.318 E644.33013
G1 X103.909 Y116.388 E644.36731
G1 X103.799 Y117.5 E644.40448
M204 S5000
M205 X30 Y30
G0 F7200 X103.818 Y117.699
G0 X103.464 Y118.68
G0 X103.608 Y120.013
G0 X103.745 Y120.15
M204 S500
M205 X20 Y20
;TYPE:SKIN
G1 F1800 X103.673 Y120.361 E644.414
M204 S5000
M205 X30 Y30
G0 F7200 X103.608 Y120.296
G0 X105.157 Y121.843
G0 X106.087 Y122.607
G0 X107.149 Y123.174
G0 X108.303 Y123.524
G0 X109.5 Y123.643
G0 X110.697 Y123.524
G0 X111.851 Y123.174
G0 X112.913 Y122.607
G0 X113.843 Y121.843
G0 X114.607 Y120.913
G0 X115.174 Y119.851
G0 X115.524 Y118.697
G0 X115.643 Y117.5
G0 X115.524 Y116.303
G0 X115.174 Y115.149
G0 X114.607 Y114.087
G0 X113.843 Y113.157
G0 X112.913 Y112.393
G0 X111.851 Y111.826
G0 X110.697 Y111.476
G0 X109.5 Y111.357
G0 X108.303 Y111.476
G0 X107.149 Y111.826
G0 X106.087 Y112.393
G0 X105.157 Y113.157
G0 X103.713 Y115.027
G0 X103.66 Y114.974
M204 S500
M205 X20 Y20
G1 F1800 X103.71 Y114.741 E644.41889
G1 X103.881 Y114.629 E644.42309
M204 S5000
M205 X30 Y30
G0 F7200 X103.91 Y114.658
G0 X103.442 Y110.026
G0 X128.746 Y110.026
G0 X131.117 Y114.712
G0 X131.253 Y114.848
M204 S500
M205 X20 Y20
G1 F1800 X131.325 Y114.637 E644.43259
M204 S5000
M205 X30 Y30
G0 F7200 X131.26 Y114.573
G0 X129.843 Y113.157
G0 X128.913 Y112.393
G0 X127.851 Y111.826
G0 X126.697 Y111.476
G0 X125.5 Y111.357
G0 X124.303 Y111.476
G0 X123.149 Y111.826
G0 X122.087 Y112.393
G0 X121.157 Y113.157
G0 X120.393 Y114.087
G0 X119.826 Y115.149
G0 X119.476 Y116.303
G0 X119.357 Y117.5
G0 X119.476 Y118.697
G0 X119.826 Y119.851
G0 X120.393 Y120.913
G0 X121.157 Y121.843
G0 X122.087 Y122.607
G0 X123.149 Y123.174
G0 X124.303 Y123.524
G0 X125.5 Y123.643
G0 X126.697 Y123.524
G0 X127.851 Y123.174
G0 X128.913 Y122.607
G0 X129.843 Y121.843
G0 X131.285 Y119.971
G0 X131.337 Y120.023
M204 S500
M205 X20 Y20
G1 F1800 X131.288 Y120.257 E644.43749
G1 X131.117 Y120.369 E644.44168
M204 S5000
M205 X30 Y30
G0 F7200 X131.186 Y120.437
;MESH:NONMESH
G0 X131.558 Y124.974
G0 X113.843 Y121.843
G0 X114.607 Y120.913
G0 X115.174 Y119.851
G0 X115.524 Y118.697
G0 X115.643 Y117.5
G0 X115.524 Y116.303
G0 X115.174 Y115.149
G0 X114.607 Y114.087
G0 X113.843 Y113.157
G0 X112.913 Y112.393
G0 X111.851 Y111.826
G0 X110.917 Y111.543
G0 X104.501 Y110.158
;TIME_ELAPSED:692.298617
;LAYER:39
;MESH:listwa_mocujaca.stl
G0 X104.501 Y110.158 Z8
M204 S500
M205 X20 Y20
;TYPE:FILL
G1 F3600 X106.419 Y112.076 E644.5319
G1 X106.489 Y112.146
M204 S5000
M205 X30 Y30
G0 F7200 X106.474 Y112.117
G0 X107.871 Y110.157
M204 S500
M205 X20 Y20
G1 F3600 X103.574 Y114.455 E644.73404
G1 X103.504 Y114.525
M204 S5000
M205 X30 Y30
G0 F7200 X103.514 Y114.525
G0 X106.087 Y112.393
G0 X107.149 Y111.826
G0 X108.303 Y111.476
G0 X109.5 Y111.357
G0 X110.697 Y111.476
G0 X111.851 Y111.826
G0 X112.913 Y112.393
G0 X113.843 Y113.157
G0 X114.607 Y114.087
G0 X115.174 Y115.149
G0 X115.524 Y116.303
G0 X115.643 Y117.5
G0 X115.524 Y118.697
G0 X115.174 Y119.851
G0 X114.607 Y120.913
G0 X113.843 Y121.843
G0 X112.913 Y122.607
G0 X111.851 Y123.174
G0 X110.697 Y123.524
G0 X109.5 Y123.643
G0 X108.303 Y123.524
G0 X107.149 Y123.174
G0 X106.194 Y122.664
G0 X103.574 Y120.544
M204 S500
M205 X20 Y20
G1 F3600 X107.87 Y124.841 E644.93613
G1 X107.94 Y124.911
M204 S5000
M205 X30 Y30
G0 F7200 X107.94 Y124.902
G0 X110.158 Y124.841
M204 S500
M205 X20 Y20
G1 F3600 X111.633 Y123.366 E645.00551
M204 S5000
M205 X30 Y30
G0 F7200 X111.947 Y123.26
M204 S500
M205 X20 Y20
G1 F3600 X113.527 Y124.841 E645.07985
G1 X113.597 Y124.911
M204 S5000
M205 X30 Y30
G0 F7200 X113.597 Y124.902
G0 X115.814 Y124.841
M204 S500
M205 X20 Y20
G1 F3600 X120.077 Y120.579 E645.28035
G1 X120.147 Y120.509
M204 S5000
M205 X30 Y30
G0 F7200 X120.117 Y120.525
G0 X119.632 Y119.632
M204 S500
M205 X20 Y20
G1 F3600 X115.366 Y115.366 E645.48101
G1 X115.296 Y115.296
M204 S5000
M205 X30 Y30
G0 F7200 X114.922 Y114.42
M204 S500
M205 X20 Y20
G1 F3600 X119.185 Y110.157 E645.68153
G1 X119.255 Y110.087
M204 S5000
M205 X30 Y30
G0 F7200 X119.255 Y110.098
G0 X121.471 Y110.158
M204 S500
M205 X20 Y20
G1 F3600 X123.052 Y111.738 E645.75587
M204 S5000
M205 X30 Y30
G0 F7200 X123.367 Y111.632
M204 S500
M205 X20 Y20
G1 F3600 X124.842 Y110.157 E645.82525
G1 X124.912 Y110.087
M204 S5000
M205 X30 Y30
G0 F7200 X124.912 Y110.098
G0 X127.128 Y110.158
M204 S500
M205 X20 Y20
G1 F3600 X131.424 Y114.454 E646.02732
G1 X131.494 Y114.524
M204 S5000
M205 X30 Y30
G0 F7200 X131.486 Y114.524
G0 X128.578 Y112.077
M204 S500
M205 X20 Y20
G1 F3600 X130.499 Y110.157 E646.11765
G1 X130.569 Y110.087
M204 S5000
M205 X30 Y30
G0 F7200 X130.569 Y110.098
G0 X124.303 Y111.476
G0 X123.149 Y111.826
G0 X122.087 Y112.393
G0 X121.157 Y113.157
G0 X120.393 Y114.087
G0 X119.826 Y115.149
G0 X119.476 Y116.303
G0 X119.357 Y117.5
G0 X119.476 Y118.697
G0 X119.826 Y119.851
G0 X120.393 Y120.913
G0 X121.157 Y121.843
G0 X122.087 Y122.607
G0 X123.149 Y123.174
G0 X124.303 Y123.524
G0 X125.5 Y123.643
G0 X126.697 Y123.524
G0 X127.851 Y123.174
G0 X128.806 Y122.664
G0 X131.424 Y120.545
M204 S500
M205 X20 Y20
G1 F3600 X127.128 Y124.841 E646.31972
G1 X127.058 Y124.911
M204 S5000
M205 X30 Y30
G0 F7200 X127.058 Y124.902
G0 X124.841 Y124.841
M204 S500
M205 X20 Y20
G1 F3600 X123.367 Y123.367 E646.38906
M204 S5000
M205 X30 Y30
G0 F7200 X123.053 Y123.26
M204 S500
M205 X20 Y20
G1 F3600 X121.471 Y124.841 E646.46345
G1 X121.401 Y124.911
M204 S5000
M205 X30 Y30
G0 F7200 X121.401 Y124.902
G0 X119.184 Y124.841
M204 S500
M205 X20 Y20
G1 F3600 X114.921 Y120.578 E646.66396
G1 X114.851 Y120.508
M204 S5000
M205 X30 Y30
G0 F7200 X114.882 Y120.526
G0 X115.367 Y119.632
M204 S500
M205 X20 Y20
G1 F3600 X119.631 Y115.368 E646.86453
G1 X119.701 Y115.298
M204 S5000
M205 X30 Y30
G0 F7200 X120.077 Y114.42
M204 S500
M205 X20 Y20
G1 F3600 X115.814 Y110.158 E647.06502
G1 X115.744 Y110.088
M204 S5000
M205 X30 Y30
G0 F7200 X115.744 Y110.098
G0 X113.528 Y110.157
M204 S500
M205 X20 Y20
G1 F3600 X111.947 Y111.739 E647.13941
M204 S5000
M205 X30 Y30
G0 F7200 X111.631 Y111.631
M204 S500
M205 X20 Y20
G1 F3600 X110.158 Y110.158 E647.2087
G1 X110.088 Y110.088
M204 S5000
M205 X30 Y30
G0 F7200 X110.088 Y110.098
G0 X113.843 Y113.157
G0 X114.607 Y114.087
G0 X115.174 Y115.149
G0 X115.524 Y116.303
G0 X115.643 Y117.5
G0 X115.524 Y118.697
G0 X115.174 Y119.851
G0 X114.607 Y120.913
G0 X113.843 Y121.843
G0 X112.913 Y122.607
G0 X111.851 Y123.174
G0 X110.697 Y123.524
G0 X109.5 Y123.643
G0 X108.423 Y123.536
G0 X106.42 Y122.922
M204 S500
M205 X20 Y20
G1 F3600 X104.501 Y124.841 E647.29896
G1 X104.431 Y124.911
M204 S5000
M205 X30 Y30
G0 F7200 X104.431 Y124.902
G0 X125.5 Y123.643
G0 X126.577 Y123.536
G0 X128.579 Y122.922
M204 S500
M205 X20 Y20
G1 F3600 X130.497 Y124.841 E647.3892
G1 X130.567 Y124.911
M204 S5000
M205 X30 Y30
G0 F7200 X130.567 Y124.902
G0 X124.303 Y123.524
G0 X123.149 Y123.174
G0 X122.087 Y122.607
G0 X121.157 Y121.843
G0 X120.393 Y120.913
G0 X119.826 Y119.851
G0 X119.476 Y118.697
G0 X119.357 Y117.5
G0 X119.476 Y116.303
G0 X119.826 Y115.149
G0 X120.393 Y114.087
G0 X121.157 Y113.157
G0 X122.087 Y112.393
G0 X123.149 Y111.826
G0 X124.083 Y111.543
G0 X125.5 Y111.297
G0 X125.5 Y111.397
M204 S500
M205 X20 Y20
;TYPE:WALL-INNER
G1 F3600 X124.31 Y111.515 E647.42898
G1 X123.164 Y111.862 E647.4688
G1 X122.109 Y112.426 E647.50859
G1 X121.185 Y113.185 E647.54836
G1 X120.426 Y114.109 E647.58813
G1 X119.862 Y115.164 E647.62792
G1 X119.515 Y116.31 E647.66775
G1 X119.397 Y117.5 E647.70752
G1 X119.515 Y118.69 E647.7473
G1 X119.862 Y119.836 E647.78712
G1 X120.426 Y120.891 E647.82691
G1 X121.185 Y121.815 E647.86668
G1 X122.109 Y122.574 E647.90645
G1 X123.164 Y123.138 E647.94624
G1 X124.31 Y123.485 E647.98607
G1 X125.5 Y123.603 E648.02584
G1 X126.69 Y123.485 E648.06561
G1 X127.836 Y123.138 E648.10544
G1 X128.891 Y122.574 E648.14523
G1 X129.815 Y121.815 E648.185
G1 X130.574 Y120.891 E648.22477
G1 X131.138 Y119.836 E648.26456
G1 X131.193 Y119.656 E648.27082
G1 X131.485 Y118.69 E648.30438
G1 X131.586 Y117.671 E648.33844
G1 X131.586 Y118.69 E648.34269
G1 X131.586 Y119.699 E648.36385
G1 X131.586 Y125.002 E648.54022
G1 X103.414 Y125.002 E649.47723
G1 X103.414 Y119.699 E649.65361
G1 X103.414 Y118.69 E649.68717
G1 X103.414 Y117.671 E649.72106
G1 X103.515 Y118.69 E649.72545
G1 X103.807 Y119.656 E649.7466
G1 X103.862 Y119.836 E649.75286
G1 X104.426 Y120.891 E649.79265
G1 X105.185 Y121.815 E649.83242
G1 X106.109 Y122.574 E649.87219
G1 X107.164 Y123.138 E649.91198
G1 X108.31 Y123.485 E649.95181
G1 X109.5 Y123.603 E649.99158
G1 X110.69 Y123.485 E650.03136
G1 X111.836 Y123.138 E650.07118
G1 X112.891 Y122.574 E650.11097
G1 X113.815 Y121.815 E650.15074
G1 X114.574 Y120.891 E650.19051
G1 X115.138 Y119.836 E650.2303
G1 X115.485 Y118.69 E650.27013
G1 X115.603 Y117.5 E650.3099
G1 X115.485 Y116.31 E650.34967
G1 X115.138 Y115.164 E650.3895
G1 X114.574 Y114.109 E650.42929
G1 X113.815 Y113.185 E650.46906
G1 X112.891 Y112.426 E650.50883
G1 X111.836 Y111.862 E650.54862
G1 X110.69 Y111.515 E650.58844
G1 X109.5 Y111.397 E650.62822
G1 X108.31 Y111.515 E650.66799
G1 X107.164 Y111.862 E650.70782
G1 X106.109 Y112.426 E650.74761
G1 X105.185 Y113.185 E650.78738
G1 X104.426 Y114.109 E650.82715
G1 X103.862 Y115.164 E650.86694
G1 X103.807 Y115.344 E650.8732
G1 X103.515 Y116.31 E650.90676
G1 X103.414 Y117.329 E650.94082
G1 X103.414 Y116.31 E650.94507
G1 X103.414 Y115.301 E650.96622
G1 X103.414 Y109.998 E651.1426
G1 X131.586 Y109.998 E652.07961
G1 X131.586 Y115.301 E652.25599
G1 X131.586 Y116.31 E652.28954
G1 X131.586 Y117.329 E652.32344
G1 X131.485 Y116.31 E652.32782
G1 X131.193 Y115.344 E652.34898
G1 X131.138 Y115.164 E652.35524
G1 X130.574 Y114.109 E652.39503
G1 X129.815 Y113.185 E652.4348
G1 X128.891 Y112.426 E652.47457
G1 X127.836 Y111.862 E652.51436
G1 X126.69 Y111.515 E652.55419
G1 X125.5 Y111.397 E652.59396
M204 S5000
M205 X30 Y30
G0 F7200 X125.5 Y111.297
G0 X131.516 Y110.068
G0 X131.873 Y109.667
M204 S500
M205 X20 Y20
;TYPE:WALL-OUTER
G1 F1800 X131.986 Y109.825 E652.60042
G1 X131.986 Y125.175 E653.11096
G1 X131.873 Y125.333 E653.11742
G1 X131.682 Y125.402 E653.12418
G1 X103.318 Y125.402 E654.06757
G1 X103.127 Y125.333 E654.07432
G1 X103.014 Y125.175 E654.08079
G1 X103.014 Y109.825 E654.59133
G1 X103.127 Y109.667 E654.59779
G1 X103.318 Y109.598 E654.60454
G1 X131.682 Y109.598 E655.54793
G1 X131.873 Y109.667 E655.55469
M204 S5000
M205 X30 Y30
G0 F7200 X131.986 Y109.825
G0 X131.986 Y109.831
G0 X131.516 Y110.068
G0 X124.303 Y111.476
G0 X123.149 Y111.826
G0 X122.087 Y112.393
G0 X121.157 Y113.157
G0 X120.393 Y114.087
G0 X119.826 Y115.149
G0 X119.543 Y116.083
G0 X119.302 Y117.452
G0 X119.799 Y117.5
M204 S500
M205 X20 Y20
G1 F1800 X119.909 Y118.612 E655.59185
G1 X120.233 Y119.682 E655.62904
G1 X120.76 Y120.668 E655.66622
G1 X121.469 Y121.531 E655.70337
G1 X122.332 Y122.24 E655.74052
G1 X123.318 Y122.767 E655.7777
G1 X124.388 Y123.091 E655.81489
G1 X125.5 Y123.201 E655.85205
G1 X126.612 Y123.091 E655.88922
G1 X127.682 Y122.767 E655.9264
G1 X128.668 Y122.24 E655.96359
G1 X129.531 Y121.531 E656.00074
G1 X130.24 Y120.668 E656.03788
G1 X130.767 Y119.682 E656.07507
G1 X131.091 Y118.612 E656.11225
G1 X131.201 Y117.5 E656.14942
G1 X131.091 Y116.388 E656.18659
G1 X130.767 Y115.318 E656.22377
G1 X130.24 Y114.332 E656.26095
G1 X129.531 Y113.469 E656.2981
G1 X128.668 Y112.76 E656.33525
G1 X127.682 Y112.233 E656.37244
G1 X126.612 Y111.909 E656.40962
G1 X125.5 Y111.799 E656.44679
G1 X124.388 Y111.909 E656.48395
G1 X123.318 Y112.233 E656.52113
G1 X122.332 Y112.76 E656.55832
G1 X121.469 Y113.469 E656.59547
G1 X120.76 Y114.332 E656.63262
G1 X120.233 Y115.318 E656.6698
G1 X119.909 Y116.388 E656.70698
G1 X119.799 Y117.5 E656.74415
M204 S5000
M205 X30 Y30
G0 F7200 X119.818 Y117.699
G0 X119.321 Y117.747
G0 X112.913 Y112.393
G0 X111.851 Y111.826
G0 X110.697 Y111.476
G0 X109.5 Y111.357
G0 X108.303 Y111.476
G0 X107.149 Y111.826
G0 X106.087 Y112.393
G0 X105.157 Y113.157
G0 X104.393 Y114.087
G0 X103.826 Y115.149
G0 X103.511 Y116.187
G0 X103.418 Y117.229
G0 X103.799 Y117.5
M204 S500
M205 X20 Y20
G1 F1800 X103.909 Y118.612 E656.78132
G1 X104.233 Y119.682 E656.8185
G1 X104.76 Y120.668 E656.85569
G1 X105.469 Y121.531 E656.89283
G1 X106.332 Y122.24 E656.92998
G1 X107.318 Y122.767 E656.96717
G1 X108.388 Y123.091 E657.00435
G1 X109.5 Y123.201 E657.04152
G1 X110.612 Y123.091 E657.07868
G1 X111.682 Y122.767 E657.11587
G1 X112.668 Y122.24 E657.15305
G1 X113.531 Y121.531 E657.1902
G1 X114.24 Y120.668 E657.22735
G1 X114.767 Y119.682 E657.26453
G1 X115.091 Y118.612 E657.30172
G1 X115.201 Y117.5 E657.33888
G1 X115.091 Y116.388 E657.37605
G1 X114.767 Y115.318 E657.41323
G1 X114.24 Y114.332 E657.45042
G1 X113.531 Y113.469 E657.48756
G1 X112.668 Y112.76 E657.52471
G1 X111.682 Y112.233 E657.5619
G1 X110.612 Y111.909 E657.59908
G1 X109.5 Y111.799 E657.63625
G1 X108.388 Y111.909 E657.67341
G1 X107.318 Y112.233 E657.7106
G1 X106.332 Y112.76 E657.74778
G1 X105.469 Y113.469 E657.78493
G1 X104.76 Y114.332 E657.82208
G1 X104.233 Y115.318 E657.85926
G1 X103.909 Y116.388 E657.89645
G1 X103.799 Y117.5 E657.93361
M204 S5000
M205 X30 Y30
G0 F7200 X103.818 Y117.699
G0 X103.464 Y118.68
G0 X103.646 Y119.799
G0 X103.627 Y119.817
M204 S500
M205 X20 Y20
;TYPE:SKIN
G1 F1800 X103.668 Y120.059 E657.93803
G1 X103.717 Y120.292 E657.94232
M204 S5000
M205 X30 Y30
G0 F7200 X103.609 Y120.401
G0 X105.157 Y121.843
G0 X106.087 Y122.607
G0 X107.149 Y123.174
G0 X108.303 Y123.524
G0 X109.5 Y123.643
G0 X110.697 Y123.524
G0 X111.851 Y123.174
G0 X112.913 Y122.607
G0 X113.843 Y121.843
G0 X114.607 Y120.913
G0 X115.174 Y119.851
G0 X115.524 Y118.697
G0 X115.643 Y117.5
G0 X115.524 Y116.303
G0 X115.174 Y115.149
G0 X114.607 Y114.087
G0 X113.843 Y113.157
G0 X112.913 Y112.393
G0 X111.851 Y111.826
G0 X110.697 Y111.476
G0 X109.5 Y111.357
G0 X108.303 Y111.476
G0 X107.149 Y111.826
G0 X106.087 Y112.393
G0 X105.25 Y113.08
G0 X103.608 Y115.028
G0 X103.719 Y114.917
M204 S500
M205 X20 Y20
G1 F1800 X103.691 Y114.662 E657.95143
M204 S5000
M205 X30 Y30
G0 F7200 X103.774 Y114.58
G0 X103.442 Y110.026
G0 X128.746 Y110.026
G0 X131.103 Y114.686
G0 X131.153 Y114.636
M204 S500
M205 X20 Y20
G1 F1800 X131.296 Y114.776 E657.95554
G1 X131.345 Y115.009 E657.96042
M204 S5000
M205 X30 Y30
G0 F7200 X131.39 Y114.965
G0 X129.843 Y113.157
G0 X128.913 Y112.393
G0 X127.851 Y111.826
G0 X126.697 Y111.476
G0 X125.5 Y111.357
G0 X124.303 Y111.476
G0 X123.149 Y111.826
G0 X122.087 Y112.393
G0 X121.157 Y113.157
G0 X120.393 Y114.087
G0 X119.826 Y115.149
G0 X119.476 Y116.303
G0 X119.357 Y117.5
G0 X119.476 Y118.697
G0 X119.826 Y119.851
G0 X120.393 Y120.913
G0 X121.157 Y121.843
G0 X122.087 Y122.607
G0 X123.149 Y123.174
G0 X124.303 Y123.524
G0 X125.5 Y123.643
G0 X126.697 Y123.524
G0 X127.851 Y123.174
G0 X128.913 Y122.607
G0 X129.666 Y121.989
G0 X131.39 Y120.056
M204 S500
M205 X20 Y20
G1 F1800 X131.067 Y120.379 E657.96802
M204 S5000
M205 X30 Y30
G0 F7200 X131.294 Y120.435
M204 S500
M205 X20 Y20
G1 F1800 X131.39 Y120.339 E657.97027
M204 S5000
M205 X30 Y30
G0 F7200 X131.291 Y120.396
;MESH:NONMESH
G0 X131.558 Y124.974
G0 X113.843 Y121.843
G0 X114.607 Y120.913
G0 X115.174 Y119.851
G0 X115.524 Y118.697
G0 X115.643 Y117.5
G0 X115.524 Y116.303
G0 X115.174 Y115.149
G0 X114.607 Y114.087
G0 X113.843 Y113.157
G0 X112.913 Y112.393
G0 X111.851 Y111.826
G0 X110.917 Y111.543
G0 X104.501 Y110.158
;TIME_ELAPSED:707.501870
;LAYER:40
;MESH:listwa_mocujaca.stl
G0 X104.501 Y110.158 Z8.2
M204 S500
M205 X20 Y20
;TYPE:FILL
G1 F3600 X106.419 Y112.076 E658.06049
G1 X106.489 Y112.146
M204 S5000
M205 X30 Y30
G0 F7200 X106.474 Y112.117
G0 X107.871 Y110.157
M204 S500
M205 X20 Y20
G1 F3600 X103.574 Y114.455 E658.26263
G1 X103.504 Y114.525
M204 S5000
M205 X30 Y30
G0 F7200 X103.514 Y114.525
G0 X106.087 Y112.393
G0 X107.149 Y111.826
G0 X108.303 Y111.476
G0 X109.5 Y111.357
G0 X110.697 Y111.476
G0 X111.851 Y111.826
G0 X112.913 Y112.393
G0 X113.843 Y113.157
G0 X114.607 Y114.087
G0 X115.174 Y115.149
G0 X115.524 Y116.303
G0 X115.643 Y117.5
G0 X115.524 Y118.697
G0 X115.174 Y119.851
G0 X114.607 Y120.913
G0 X113.843 Y121.843
G0 X112.913 Y122.607
G0 X111.851 Y123.174
G0 X110.697 Y123.524
G0 X109.5 Y123.643
G0 X108.303 Y123.524
G0 X107.149 Y123.174
G0 X106.194 Y122.664
G0 X103.574 Y120.544
M204 S500
M205 X20 Y20
G1 F3600 X107.87 Y124.841 E658.46473
G1 X107.94 Y124.911
M204 S5000
M205 X30 Y30
G0 F7200 X107.94 Y124.902
G0 X110.158 Y124.841
M204 S500
M205 X20 Y20
G1 F3600 X111.633 Y123.366 E658.53411
M204 S5000
M205 X30 Y30
G0 F7200 X111.947 Y123.26
M204 S500
M205 X20 Y20
G1 F3600 X113.527 Y124.841 E658.60845
G1 X113.597 Y124.911
M204 S5000
M205 X30 Y30
G0 F7200 X113.597 Y124.902
G0 X115.814 Y124.841
M204 S500
M205 X20 Y20
G1 F3600 X120.077 Y120.579 E658.80894
G1 X120.147 Y120.509
M204 S5000
M205 X30 Y30
G0 F7200 X120.117 Y120.525
G0 X119.632 Y119.632
M204 S500
M205 X20 Y20
G1 F3600 X115.366 Y115.366 E659.0096
G1 X115.296 Y115.296
M204 S5000
M205 X30 Y30
G0 F7200 X114.922 Y114.42
M204 S500
M205 X20 Y20
G1 F3600 X119.185 Y110.157 E659.21012
G1 X119.255 Y110.087
M204 S5000
M205 X30 Y30
G0 F7200 X119.255 Y110.098
G0 X121.471 Y110.158
M204 S500
M205 X20 Y20
G1 F3600 X123.052 Y111.738 E659.28446
M204 S5000
M205 X30 Y30
G0 F7200 X123.367 Y111.632
M204 S500
M205 X20 Y20
G1 F3600 X124.842 Y110.157 E659.35384
G1 X124.912 Y110.087
M204 S5000
M205 X30 Y30
G0 F7200 X124.912 Y110.098
G0 X127.128 Y110.158
M204 S500
M205 X20 Y20
G1 F3600 X131.424 Y114.454 E659.55591
G1 X131.494 Y114.524
M204 S5000
M205 X30 Y30
G0 F7200 X131.486 Y114.524
G0 X128.578 Y112.077
M204 S500
M205 X20 Y20
G1 F3600 X130.499 Y110.157 E659.64625
G1 X130.569 Y110.087
M204 S5000
M205 X30 Y30
G0 F7200 X130.569 Y110.098
G0 X124.303 Y111.476
G0 X123.149 Y111.826
G0 X122.087 Y112.393
G0 X121.157 Y113.157
G0 X120.393 Y114.087
G0 X119.826 Y115.149
G0 X119.476 Y116.303
G0 X119.357 Y117.5
G0 X119.476 Y118.697
G0 X119.826 Y119.851
G0 X120.393 Y120.913
G0 X121.157 Y121.843
G0 X122.087 Y122.607
G0 X123.149 Y123.174
G0 X124.303 Y123.524
G0 X125.5 Y123.643
G0 X126.697 Y123.524
G0 X127.851 Y123.174
G0 X128.806 Y122.664
G0 X131.424 Y120.545
M204 S500
M205 X20 Y20
G1 F3600 X127.128 Y124.841 E659.84832
G1 X127.058 Y124.911
M204 S5000
M205 X30 Y30
G0 F7200 X127.058 Y124.902
G0 X124.841 Y124.841
M204 S500
M205 X20 Y20
G1 F3600 X123.367 Y123.367 E659.91765
M204 S5000
M205 X30 Y30
G0 F7200 X123.053 Y123.26
M204 S500
M205 X20 Y20
G1 F3600 X121.471 Y124.841 E659.99204
G1 X121.401 Y124.911
M204 S5000
M205 X30 Y30
G0 F7200 X121.401 Y124.902
G0 X119.184 Y124.841
M204 S500
M205 X20 Y20
G1 F3600 X114.921 Y120.578 E660.19256
G1 X114.851 Y120.508
M204 S5000
M205 X30 Y30
G0 F7200 X114.882 Y120.526
G0 X115.367 Y119.632
M204 S500
M205 X20 Y20
G1 F3600 X119.631 Y115.368 E660.39312
G1 X119.701 Y115.298
M204 S5000
M205 X30 Y30
G0 F7200 X120.077 Y114.42
M204 S500
M205 X20 Y20
G1 F3600 X115.814 Y110.158 E660.59362
G1 X115.744 Y110.088
M204 S5000
M205 X30 Y30
G0 F7200 X115.744 Y110.098
G0 X113.528 Y110.157
M204 S500
M205 X20 Y20
G1 F3600 X111.947 Y111.739 E660.66801
M204 S5000
M205 X30 Y30
G0 F7200 X111.631 Y111.631
M204 S500
M205 X20 Y20
G1 F3600 X110.158 Y110.158 E660.73729
G1 X110.088 Y110.088
M204 S5000
M205 X30 Y30
G0 F7200 X110.088 Y110.098
G0 X113.843 Y113.157
G0 X114.607 Y114.087
G0 X115.174 Y115.149
G0 X115.524 Y116.303
G0 X115.643 Y117.5
G0 X115.524 Y118.697
G0 X115.174 Y119.851
G0 X114.607 Y120.913
G0 X113.843 Y121.843
G0 X112.913 Y122.607
G0 X111.851 Y123.174
G0 X110.697 Y123.524
G0 X109.5 Y123.643
G0 X108.423 Y123.536
G0 X106.42 Y122.922
M204 S500
M205 X20 Y20
G1 F3600 X104.501 Y124.841 E660.82756
G1 X104.431 Y124.911
M204 S5000
M205 X30 Y30
G0 F7200 X104.431 Y124.902
G0 X125.5 Y123.643
G0 X126.577 Y123.536
G0 X128.579 Y122.922
M204 S500
M205 X20 Y20
G1 F3600 X130.497 Y124.841 E660.9178
G1 X130.567 Y124.911
M204 S5000
M205 X30 Y30
G0 F7200 X130.567 Y124.902
G0 X124.303 Y123.524
G0 X123.149 Y123.174
G0 X122.087 Y122.607
G0 X121.157 Y121.843
G0 X120.393 Y120.913
G0 X119.826 Y119.851
G0 X119.476 Y118.697
G0 X119.357 Y117.5
G0 X119.476 Y116.303
G0 X119.826 Y115.149
G0 X120.393 Y114.087
G0 X121.157 Y113.157
G0 X122.087 Y112.393
G0 X123.149 Y111.826
G0 X124.083 Y111.543
G0 X125.5 Y111.297
G0 X125.5 Y111.397
M204 S500
M205 X20 Y20
;TYPE:WALL-INNER
G1 F3600 X124.31 Y111.515 E660.95757
G1 X123.164 Y111.862 E660.9974
G1 X122.109 Y112.426 E661.03718
G1 X121.185 Y113.185 E661.07696
G1 X120.426 Y114.109 E661.11673
G1 X119.862 Y115.164 E661.15652
G1 X119.515 Y116.31 E661.19634
G1 X119.397 Y117.5 E661.23611
G1 X119.515 Y118.69 E661.27589
G1 X119.862 Y119.836 E661.31571
G1 X120.426 Y120.891 E661.3555
G1 X121.185 Y121.815 E661.39527
G1 X122.109 Y122.574 E661.43504
G1 X123.164 Y123.138 E661.47483
G1 X124.31 Y123.485 E661.51466
G1 X125.5 Y123.603 E661.55443
G1 X126.69 Y123.485 E661.59421
G1 X127.836 Y123.138 E661.63403
G1 X128.891 Y122.574 E661.67382
G1 X129.815 Y121.815 E661.71359
G1 X130.574 Y120.891 E661.75336
G1 X131.138 Y119.836 E661.79315
G1 X131.193 Y119.656 E661.79941
G1 X131.485 Y118.69 E661.83298
G1 X131.586 Y117.671 E661.86704
G1 X131.586 Y118.69 E661.87129
G1 X131.586 Y119.699 E661.89244
G1 X131.586 Y125.002 E662.06882
G1 X103.414 Y125.002 E663.00582
G1 X103.414 Y119.699 E663.1822
G1 X103.414 Y118.69 E663.21576
G1 X103.414 Y117.671 E663.24965
G1 X103.515 Y118.69 E663.25404
G1 X103.807 Y119.656 E663.2752
G1 X103.862 Y119.836 E663.28146
G1 X104.426 Y120.891 E663.32124
G1 X105.185 Y121.815 E663.36102
G1 X106.109 Y122.574 E663.40079
G1 X107.164 Y123.138 E663.44058
G1 X108.31 Y123.485 E663.4804
G1 X109.5 Y123.603 E663.52017
G1 X110.69 Y123.485 E663.55995
G1 X111.836 Y123.138 E663.59977
G1 X112.891 Y122.574 E663.63956
G1 X113.815 Y121.815 E663.67933
G1 X114.574 Y120.891 E663.71911
G1 X115.138 Y119.836 E663.75889
G1 X115.485 Y118.69 E663.79872
G1 X115.603 Y117.5 E663.83849
G1 X115.485 Y116.31 E663.87827
G1 X115.138 Y115.164 E663.91809
G1 X114.574 Y114.109 E663.95788
G1 X113.815 Y113.185 E663.99765
G1 X112.891 Y112.426 E664.03742
G1 X111.836 Y111.862 E664.07721
G1 X110.69 Y111.515 E664.11704
G1 X109.5 Y111.397 E664.15681
G1 X108.31 Y111.515 E664.19658
G1 X107.164 Y111.862 E664.23641
G1 X106.109 Y112.426 E664.2762
G1 X105.185 Y113.185 E664.31597
G1 X104.426 Y114.109 E664.35574
G1 X103.862 Y115.164 E664.39553
G1 X103.807 Y115.344 E664.40179
G1 X103.515 Y116.31 E664.43536
G1 X103.414 Y117.329 E664.46941
G1 X103.414 Y116.31 E664.47366
G1 X103.414 Y115.301 E664.49482
G1 X103.414 Y109.998 E664.6712
G1 X131.586 Y109.998 E665.6082
G1 X131.586 Y115.301 E665.78458
G1 X131.586 Y116.31 E665.81814
G1 X131.586 Y117.329 E665.85203
G1 X131.485 Y116.31 E665.85642
G1 X131.193 Y115.344 E665.87757
G1 X131.138 Y115.164 E665.88383
G1 X130.574 Y114.109 E665.92362
G1 X129.815 Y113.185 E665.96339
G1 X128.891 Y112.426 E666.00317
G1 X127.836 Y111.862 E666.04295
G1 X126.69 Y111.515 E666.08278
G1 X125.5 Y111.397 E666.12255
M204 S5000
M205 X30 Y30
G0 F7200 X125.5 Y111.297
G0 X131.516 Y110.068
G0 X131.873 Y109.667
M204 S500
M205 X20 Y20
;TYPE:WALL-OUTER
G1 F1800 X131.986 Y109.825 E666.12901
G1 X131.986 Y125.175 E666.63956
G1 X131.873 Y125.333 E666.64602
G1 X131.682 Y125.402 E666.65277
G1 X103.318 Y125.402 E667.59616
G1 X103.127 Y125.333 E667.60292
G1 X103.014 Y125.175 E667.60938
G1 X103.014 Y109.825 E668.11992
G1 X103.127 Y109.667 E668.12638
G1 X103.318 Y109.598 E668.13314
G1 X131.682 Y109.598 E669.07653
G1 X131.873 Y109.667 E669.08328
M204 S5000
M205 X30 Y30
G0 F7200 X131.986 Y109.825
G0 X131.986 Y109.831
G0 X131.516 Y110.068
G0 X124.303 Y111.476
G0 X123.149 Y111.826
G0 X122.087 Y112.393
G0 X121.157 Y113.157
G0 X120.393 Y114.087
G0 X119.826 Y115.149
G0 X119.543 Y116.083
G0 X119.302 Y117.452
G0 X119.799 Y117.5
M204 S500
M205 X20 Y20
G1 F1800 X119.909 Y118.612 E669.12045
G1 X120.233 Y119.682 E669.15763
G1 X120.76 Y120.668 E669.19482
G1 X121.469 Y121.531 E669.23196
G1 X122.332 Y122.24 E669.26911
G1 X123.318 Y122.767 E669.3063
G1 X124.388 Y123.091 E669.34348
G1 X125.5 Y123.201 E669.38065
G1 X126.612 Y123.091 E669.41781
G1 X127.682 Y122.767 E669.455
G1 X128.668 Y122.24 E669.49218
G1 X129.531 Y121.531 E669.52933
G1 X130.24 Y120.668 E669.56648
G1 X130.767 Y119.682 E669.60366
G1 X131.091 Y118.612 E669.64085
G1 X131.201 Y117.5 E669.67801
G1 X131.091 Y116.388 E669.71518
G1 X130.767 Y115.318 E669.75236
G1 X130.24 Y114.332 E669.78955
G1 X129.531 Y113.469 E669.8267
G1 X128.668 Y112.76 E669.86384
G1 X127.682 Y112.233 E669.90103
G1 X126.612 Y111.909 E669.93821
G1 X125.5 Y111.799 E669.97538
G1 X124.388 Y111.909 E670.01254
G1 X123.318 Y112.233 E670.04973
G1 X122.332 Y112.76 E670.08691
G1 X121.469 Y113.469 E670.12406
G1 X120.76 Y114.332 E670.16121
G1 X120.233 Y115.318 E670.19839
G1 X119.909 Y116.388 E670.23558
G1 X119.799 Y117.5 E670.27274
M204 S5000
M205 X30 Y30
G0 F7200 X119.818 Y117.699
G0 X119.321 Y117.747
G0 X112.913 Y112.393
G0 X111.851 Y111.826
G0 X110.697 Y111.476
G0 X109.5 Y111.357
G0 X108.303 Y111.476
G0 X107.149 Y111.826
G0 X106.087 Y112.393
G0 X105.157 Y113.157
G0 X104.393 Y114.087
G0 X103.826 Y115.149
G0 X103.511 Y116.187
G0 X103.418 Y117.229
G0 X103.799 Y117.5
M204 S500
M205 X20 Y20
G1 F1800 X103.909 Y118.612 E670.30991
G1 X104.233 Y119.682 E670.34709
G1 X104.76 Y120.668 E670.38428
G1 X105.469 Y121.531 E670.42143
G1 X106.332 Y122.24 E670.45857
G1 X107.318 Y122.767 E670.49576
G1 X108.388 Y123.091 E670.53294
G1 X109.5 Y123.201 E670.57011
G1 X110.612 Y123.091 E670.60727
G1 X111.682 Y122.767 E670.64446
G1 X112.668 Y122.24 E670.68164
G1 X113.531 Y121.531 E670.71879
G1 X114.24 Y120.668 E670.75594
G1 X114.767 Y119.682 E670.79312
G1 X115.091 Y118.612 E670.83031
G1 X115.201 Y117.5 E670.86747
G1 X115.091 Y116.388 E670.90464
G1 X114.767 Y115.318 E670.94182
G1 X114.24 Y114.332 E670.97901
G1 X113.531 Y113.469 E671.01616
G1 X112.668 Y112.76 E671.05331
G1 X111.682 Y112.233 E671.09049
G1 X110.612 Y111.909 E671.12767
G1 X109.5 Y111.799 E671.16484
G1 X108.388 Y111.909 E671.20201
G1 X107.318 Y112.233 E671.23919
G1 X106.332 Y112.76 E671.27637
G1 X105.469 Y113.469 E671.31352
G1 X104.76 Y114.332 E671.35067
G1 X104.233 Y115.318 E671.38786
G1 X103.909 Y116.388 E671.42504
G1 X103.799 Y117.5 E671.46221
M204 S5000
M205 X30 Y30
G0 F7200 X103.818 Y117.699
G0 X103.464 Y118.68
G0 X103.608 Y120.013
G0 X103.745 Y120.15
M204 S500
M205 X20 Y20
;TYPE:SKIN
G1 F1800 X103.673 Y120.361 E671.47173
M204 S5000
M205 X30 Y30
G0 F7200 X103.608 Y120.296
G0 X105.157 Y121.843
G0 X106.087 Y122.607
G0 X107.149 Y123.174
G0 X108.303 Y123.524
G0 X109.5 Y123.643
G0 X110.697 Y123.524
G0 X111.851 Y123.174
G0 X112.913 Y122.607
G0 X113.843 Y121.843
G0 X114.607 Y120.913
G0 X115.174 Y119.851
G0 X115.524 Y118.697
G0 X115.643 Y117.5
G0 X115.524 Y116.303
G0 X115.174 Y115.149
G0 X114.607 Y114.087
G0 X113.843 Y113.157
G0 X112.913 Y112.393
G0 X111.851 Y111.826
G0 X110.697 Y111.476
G0 X109.5 Y111.357
G0 X108.303 Y111.476
G0 X107.149 Y111.826
G0 X106.087 Y112.393
G0 X105.157 Y113.157
G0 X103.713 Y115.027
G0 X103.66 Y114.974
M204 S500
M205 X20 Y20
G1 F1800 X103.71 Y114.741 E671.47662
G1 X103.881 Y114.629 E671.48082
M204 S5000
M205 X30 Y30
G0 F7200 X103.91 Y114.658
G0 X103.442 Y110.026
G0 X128.746 Y110.026
G0 X131.117 Y114.712
G0 X131.253 Y114.848
M204 S500
M205 X20 Y20
G1 F1800 X131.325 Y114.637 E671.49032
M204 S5000
M205 X30 Y30
G0 F7200 X131.26 Y114.573
G0 X129.843 Y113.157
G0 X128.913 Y112.393
G0 X127.851 Y111.826
G0 X126.697 Y111.476
G0 X125.5 Y111.357
G0 X124.303 Y111.476
G0 X123.149 Y111.826
G0 X122.087 Y112.393
G0 X121.157 Y113.157
G0 X120.393 Y114.087
G0 X119.826 Y115.149
G0 X119.476 Y116.303
G0 X119.357 Y117.5
G0 X119.476 Y118.697
G0 X119.826 Y119.851
G0 X120.393 Y120.913
G0 X121.157 Y121.843
G0 X122.087 Y122.607
G0 X123.149 Y123.174
G0 X124.303 Y123.524
G0 X125.5 Y123.643
G0 X126.697 Y123.524
G0 X127.851 Y123.174
G0 X128.913 Y122.607
G0 X129.843 Y121.843
G0 X131.285 Y119.971
G0 X131.337 Y120.023
M204 S500
M205 X20 Y20
G1 F1800 X131.288 Y120.257 E671.49522
G1 X131.117 Y120.369 E671.49941
M204 S5000
M205 X30 Y30
G0 F7200 X131.186 Y120.437
;MESH:NONMESH
G0 X131.558 Y124.974
G0 X113.843 Y121.843
G0 X114.607 Y120.913
G0 X115.174 Y119.851
G0 X115.524 Y118.697
G0 X115.643 Y117.5
G0 X115.524 Y116.303
G0 X115.174 Y115.149
G0 X114.607 Y114.087
G0 X113.843 Y113.157
G0 X112.913 Y112.393
G0 X111.851 Y111.826
G0 X110.917 Y111.543
G0 X104.501 Y110.158
;TIME_ELAPSED:722.658676
;LAYER:41
;MESH:listwa_mocujaca.stl
G0 X104.501 Y110.158 Z8.4
M204 S500
M205 X20 Y20
;TYPE:FILL
G1 F3600 X106.419 Y112.076 E671.58963
G1 X106.489 Y112.146
M204 S5000
M205 X30 Y30
G0 F7200 X106.474 Y112.117
G0 X107.871 Y110.157
M204 S500
M205 X20 Y20
G1 F3600 X103.574 Y114.455 E671.79177
G1 X103.504 Y114.525
M204 S5000
M205 X30 Y30
G0 F7200 X103.514 Y114.525
G0 X106.087 Y112.393
G0 X107.149 Y111.826
G0 X108.303 Y111.476
G0 X109.5 Y111.357
G0 X110.697 Y111.476
G0 X111.851 Y111.826
G0 X112.913 Y112.393
G0 X113.843 Y113.157
G0 X114.607 Y114.087
G0 X115.174 Y115.149
G0 X115.524 Y116.303
G0 X115.643 Y117.5
G0 X115.524 Y118.697
G0 X115.174 Y119.851
G0 X114.607 Y120.913
G0 X113.843 Y121.843
G0 X112.913 Y122.607
G0 X111.851 Y123.174
G0 X110.697 Y123.524
G0 X109.5 Y123.643
G0 X108.303 Y123.524
G0 X107.149 Y123.174
G0 X106.194 Y122.664
G0 X103.574 Y120.544
M204 S500
M205 X20 Y20
G1 F3600 X107.87 Y124.841 E671.99386
G1 X107.94 Y124.911
M204 S5000
M205 X30 Y30
G0 F7200 X107.94 Y124.902
G0 X110.158 Y124.841
M204 S500
M205 X20 Y20
G1 F3600 X111.633 Y123.366 E672.06324
M204 S5000
M205 X30 Y30
G0 F7200 X111.947 Y123.26
M204 S500
M205 X20 Y20
G1 F3600 X113.527 Y124.841 E672.13758
G1 X113.597 Y124.911
M204 S5000
M205 X30 Y30
G0 F7200 X113.597 Y124.902
G0 X115.814 Y124.841
M204 S500
M205 X20 Y20
G1 F3600 X120.077 Y120.579 E672.33808
G1 X120.147 Y120.509
M204 S5000
M205 X30 Y30
G0 F7200 X120.117 Y120.525
G0 X119.632 Y119.632
M204 S500
M205 X20 Y20
G1 F3600 X115.366 Y115.366 E672.53874
G1 X115.296 Y115.296
M204 S5000
M205 X30 Y30
G0 F7200 X114.922 Y114.42
M204 S500
M205 X20 Y20
G1 F3600 X119.185 Y110.157 E672.73926
G1 X119.255 Y110.087
M204 S5000
M205 X30 Y30
G0 F7200 X119.255 Y110.098
G0 X121.471 Y110.158
M204 S500
M205 X20 Y20
G1 F3600 X123.052 Y111.738 E672.8136
M204 S5000
M205 X30 Y30
G0 F7200 X123.367 Y111.632
M204 S500
M205 X20 Y20
G1 F3600 X124.842 Y110.157 E672.88298
G1 X124.912 Y110.087
M204 S5000
M205 X30 Y30
G0 F7200 X124.912 Y110.098
G0 X127.128 Y110.158
M204 S500
M205 X20 Y20
G1 F3600 X131.424 Y114.454 E673.08505
G1 X131.494 Y114.524
M204 S5000
M205 X30 Y30
G0 F7200 X131.486 Y114.524
G0 X128.578 Y112.077
M204 S500
M205 X20 Y20
G1 F3600 X130.499 Y110.157 E673.17538
G1 X130.569 Y110.087
M204 S5000
M205 X30 Y30
G0 F7200 X130.569 Y110.098
G0 X124.303 Y111.476
G0 X123.149 Y111.826
G0 X122.087 Y112.393
G0 X121.157 Y113.157
G0 X120.393 Y114.087
G0 X119.826 Y115.149
G0 X119.476 Y116.303
G0 X119.357 Y117.5
G0 X119.476 Y118.697
G0 X119.826 Y119.851
G0 X120.393 Y120.913
G0 X121.157 Y121.843
G0 X122.087 Y122.607
G0 X123.149 Y123.174
G0 X124.303 Y123.524
G0 X125.5 Y123.643
G0 X126.697 Y123.524
G0 X127.851 Y123.174
G0 X128.806 Y122.664
G0 X131.424 Y120.545
M204 S500
M205 X20 Y20
G1 F3600 X127.128 Y124.841 E673.37745
G1 X127.058 Y124.911
M204 S5000
M205 X30 Y30
G0 F7200 X127.058 Y124.902
G0 X124.841 Y124.841
M204 S500
M205 X20 Y20
G1 F3600 X123.367 Y123.367 E673.44679
M204 S5000
M205 X30 Y30
G0 F7200 X123.053 Y123.26
M204 S500
M205 X20 Y20
G1 F3600 X121.471 Y124.841 E673.52117
G1 X121.401 Y124.911
M204 S5000
M205 X30 Y30
G0 F7200 X121.401 Y124.902
G0 X119.184 Y124.841
M204 S500
M205 X20 Y20
G1 F3600 X114.921 Y120.578 E673.72169
G1 X114.851 Y120.508
M204 S5000
M205 X30 Y30
G0 F7200 X114.882 Y120.526
G0 X115.367 Y119.632
M204 S500
M205 X20 Y20
G1 F3600 X119.631 Y115.368 E673.92226
G1 X119.701 Y115.298
M204 S5000
M205 X30 Y30
G0 F7200 X120.077 Y114.42
M204 S500
M205 X20 Y20
G1 F3600 X115.814 Y110.158 E674.12275
G1 X115.744 Y110.088
M204 S5000
M205 X30 Y30
G0 F7200 X115.744 Y110.098
G0 X113.528 Y110.157
M204 S500
M205 X20 Y20
G1 F3600 X111.947 Y111.739 E674.19714
M204 S5000
M205 X30 Y30
G0 F7200 X111.631 Y111.631
M204 S500
M205 X20 Y20
G1 F3600 X110.158 Y110.158 E674.26643
G1 X110.088 Y110.088
M204 S5000
M205 X30 Y30
G0 F7200 X110.088 Y110.098
G0 X113.843 Y113.157
G0 X114.607 Y114.087
G0 X115.174 Y115.149
G0 X115.524 Y116.303
G0 X115.643 Y117.5
G0 X115.524 Y118.697
G0 X115.174 Y119.851
G0 X114.607 Y120.913
G0 X113.843 Y121.843
G0 X112.913 Y122.607
G0 X111.851 Y123.174
G0 X110.697 Y123.524
G0 X109.5 Y123.643
G0 X108.423 Y123.536
G0 X106.42 Y122.922
M204 S500
M205 X20 Y20
G1 F3600 X104.501 Y124.841 E674.35669
G1 X104.431 Y124.911
M204 S5000
M205 X30 Y30
G0 F7200 X104.431 Y124.902
G0 X125.5 Y123.643
G0 X126.577 Y123.536
G0 X128.579 Y122.922
M204 S500
M205 X20 Y20
G1 F3600 X130.497 Y124.841 E674.44693
G1 X130.567 Y124.911
M204 S5000
M205 X30 Y30
G0 F7200 X130.567 Y124.902
G0 X124.303 Y123.524
G0 X123.149 Y123.174
G0 X122.087 Y122.607
G0 X121.157 Y121.843
G0 X120.393 Y120.913
G0 X119.826 Y119.851
G0 X119.476 Y118.697
G0 X119.357 Y117.5
G0 X119.476 Y116.303
G0 X119.826 Y115.149
G0 X120.393 Y114.087
G0 X121.157 Y113.157
G0 X122.087 Y112.393
G0 X123.149 Y111.826
G0 X124.083 Y111.543
G0 X125.5 Y111.297
G0 X125.5 Y111.397
M204 S500
M205 X20 Y20
;TYPE:WALL-INNER
G1 F3600 X124.31 Y111.515 E674.48671
G1 X123.164 Y111.862 E674.52653
G1 X122.109 Y112.426 E674.56632
G1 X121.185 Y113.185 E674.60609
G1 X120.426 Y114.109 E674.64586
G1 X119.862 Y115.164 E674.68565
G1 X119.515 Y116.31 E674.72548
G1 X119.397 Y117.5 E674.76525
G1 X119.515 Y118.69 E674.80502
G1 X119.862 Y119.836 E674.84485
G1 X120.426 Y120.891 E674.88464
G1 X121.185 Y121.815 E674.92441
G1 X122.109 Y122.574 E674.96418
G1 X123.164 Y123.138 E675.00397
G1 X124.31 Y123.485 E675.04379
G1 X125.5 Y123.603 E675.08357
G1 X126.69 Y123.485 E675.12334
G1 X127.836 Y123.138 E675.16317
G1 X128.891 Y122.574 E675.20296
G1 X129.815 Y121.815 E675.24273
G1 X130.574 Y120.891 E675.2825
G1 X131.138 Y119.836 E675.32229
G1 X131.193 Y119.656 E675.32855
G1 X131.485 Y118.69 E675.36211
G1 X131.586 Y117.671 E675.39617
G1 X131.586 Y118.69 E675.40042
G1 X131.586 Y119.699 E675.42157
G1 X131.586 Y125.002 E675.59795
G1 X103.414 Y125.002 E676.53496
G1 X103.414 Y119.699 E676.71134
G1 X103.414 Y118.69 E676.74489
G1 X103.414 Y117.671 E676.77879
G1 X103.515 Y118.69 E676.78317
G1 X103.807 Y119.656 E676.80433
G1 X103.862 Y119.836 E676.81059
G1 X104.426 Y120.891 E676.85038
G1 X105.185 Y121.815 E676.89015
G1 X106.109 Y122.574 E676.92992
G1 X107.164 Y123.138 E676.96971
G1 X108.31 Y123.485 E677.00954
G1 X109.5 Y123.603 E677.04931
G1 X110.69 Y123.485 E677.08908
G1 X111.836 Y123.138 E677.12891
G1 X112.891 Y122.574 E677.1687
G1 X113.815 Y121.815 E677.20847
G1 X114.574 Y120.891 E677.24824
G1 X115.138 Y119.836 E677.28803
G1 X115.485 Y118.69 E677.32785
G1 X115.603 Y117.5 E677.36763
G1 X115.485 Y116.31 E677.4074
G1 X115.138 Y115.164 E677.44723
G1 X114.574 Y114.109 E677.48702
G1 X113.815 Y113.185 E677.52679
G1 X112.891 Y112.426 E677.56656
G1 X111.836 Y111.862 E677.60635
G1 X110.69 Y111.515 E677.64617
G1 X109.5 Y111.397 E677.68595
G1 X108.31 Y111.515 E677.72572
G1 X107.164 Y111.862 E677.76555
G1 X106.109 Y112.426 E677.80533
G1 X105.185 Y113.185 E677.84511
G1 X104.426 Y114.109 E677.88488
G1 X103.862 Y115.164 E677.92467
G1 X103.807 Y115.344 E677.93093
G1 X103.515 Y116.31 E677.96449
G1 X103.414 Y117.329 E677.99855
G1 X103.414 Y116.31 E678.0028
G1 X103.414 Y115.301 E678.02395
G1 X103.414 Y109.998 E678.20033
G1 X131.586 Y109.998 E679.13734
G1 X131.586 Y115.301 E679.31371
G1 X131.586 Y116.31 E679.34727
G1 X131.586 Y117.329 E679.38117
G1 X131.485 Y116.31 E679.38555
G1 X131.193 Y115.344 E679.40671
G1 X131.138 Y115.164 E679.41297
G1 X130.574 Y114.109 E679.45276
G1 X129.815 Y113.185 E679.49253
G1 X128.891 Y112.426 E679.5323
G1 X127.836 Y111.862 E679.57209
G1 X126.69 Y111.515 E679.61192
G1 X125.5 Y111.397 E679.65169
M204 S5000
M205 X30 Y30
G0 F7200 X125.5 Y111.297
G0 X131.516 Y110.068
G0 X131.873 Y109.667
M204 S500
M205 X20 Y20
;TYPE:WALL-OUTER
G1 F1800 X131.986 Y109.825 E679.65815
G1 X131.986 Y125.175 E680.16869
G1 X131.873 Y125.333 E680.17515
G1 X131.682 Y125.402 E680.18191
G1 X103.318 Y125.402 E681.1253
G1 X103.127 Y125.333 E681.13205
G1 X103.014 Y125.175 E681.13851
G1 X103.014 Y109.825 E681.64906
G1 X103.127 Y109.667 E681.65552
G1 X103.318 Y109.598 E681.66227
G1 X131.682 Y109.598 E682.60566
G1 X131.873 Y109.667 E682.61242
M204 S5000
M205 X30 Y30
G0 F7200 X131.986 Y109.825
G0 X131.986 Y109.831
G0 X131.516 Y110.068
G0 X124.303 Y111.476
G0 X123.149 Y111.826
G0 X122.087 Y112.393
G0 X121.157 Y113.157
G0 X120.393 Y114.087
G0 X119.826 Y115.149
G0 X119.543 Y116.083
G0 X119.302 Y117.452
G0 X119.799 Y117.5
M204 S500
M205 X20 Y20
G1 F1800 X119.909 Y118.612 E682.64958
G1 X120.233 Y119.682 E682.68677
G1 X120.76 Y120.668 E682.72395
G1 X121.469 Y121.531 E682.7611
G1 X122.332 Y122.24 E682.79825
G1 X123.318 Y122.767 E682.83543
G1 X124.388 Y123.091 E682.87262
G1 X125.5 Y123.201 E682.90978
G1 X126.612 Y123.091 E682.94695
G1 X127.682 Y122.767 E682.98413
G1 X128.668 Y122.24 E683.02132
G1 X129.531 Y121.531 E683.05847
G1 X130.24 Y120.668 E683.09561
G1 X130.767 Y119.682 E683.1328
G1 X131.091 Y118.612 E683.16998
G1 X131.201 Y117.5 E683.20715
G1 X131.091 Y116.388 E683.24431
G1 X130.767 Y115.318 E683.2815
G1 X130.24 Y114.332 E683.31868
G1 X129.531 Y113.469 E683.35583
G1 X128.668 Y112.76 E683.39298
G1 X127.682 Y112.233 E683.43016
G1 X126.612 Y111.909 E683.46735
G1 X125.5 Y111.799 E683.50451
G1 X124.388 Y111.909 E683.54168
G1 X123.318 Y112.233 E683.57886
G1 X122.332 Y112.76 E683.61605
G1 X121.469 Y113.469 E683.6532
G1 X120.76 Y114.332 E683.69034
G1 X120.233 Y115.318 E683.72753
G1 X119.909 Y116.388 E683.76471
G1 X119.799 Y117.5 E683.80188
M204 S5000
M205 X30 Y30
G0 F7200 X119.818 Y117.699
G0 X119.321 Y117.747
G0 X112.913 Y112.393
G0 X111.851 Y111.826
G0 X110.697 Y111.476
G0 X109.5 Y111.357
G0 X108.303 Y111.476
G0 X107.149 Y111.826
G0 X106.087 Y112.393
G0 X105.157 Y113.157
G0 X104.393 Y114.087
G0 X103.826 Y115.149
G0 X103.511 Y116.187
G0 X103.418 Y117.229
G0 X103.799 Y117.5
M204 S500
M205 X20 Y20
G1 F1800 X103.909 Y118.612 E683.83904
G1 X104.233 Y119.682 E683.87623
G1 X104.76 Y120.668 E683.91341
G1 X105.469 Y121.531 E683.95056
G1 X106.332 Y122.24 E683.98771
G1 X107.318 Y122.767 E684.02489
G1 X108.388 Y123.091 E684.06208
G1 X109.5 Y123.201 E684.09924
G1 X110.612 Y123.091 E684.13641
G1 X111.682 Y122.767 E684.17359
G1 X112.668 Y122.24 E684.21078
G1 X113.531 Y121.531 E684.24793
G1 X114.24 Y120.668 E684.28508
G1 X114.767 Y119.682 E684.32226
G1 X115.091 Y118.612 E684.35944
G1 X115.201 Y117.5 E684.39661
G1 X115.091 Y116.388 E684.43378
G1 X114.767 Y115.318 E684.47096
G1 X114.24 Y114.332 E684.50814
G1 X113.531 Y113.469 E684.54529
G1 X112.668 Y112.76 E684.58244
G1 X111.682 Y112.233 E684.61963
G1 X110.612 Y111.909 E684.65681
G1 X109.5 Y111.799 E684.69398
G1 X108.388 Y111.909 E684.73114
G1 X107.318 Y112.233 E684.76833
G1 X106.332 Y112.76 E684.80551
G1 X105.469 Y113.469 E684.84266
G1 X104.76 Y114.332 E684.87981
G1 X104.233 Y115.318 E684.91699
G1 X103.909 Y116.388 E684.95418
G1 X103.799 Y117.5 E684.99134
M204 S5000
M205 X30 Y30
G0 F7200 X103.818 Y117.699
G0 X103.464 Y118.68
G0 X103.646 Y119.799
G0 X103.627 Y119.817
M204 S500
M205 X20 Y20
;TYPE:SKIN
G1 F1800 X103.668 Y120.059 E684.99576
G1 X103.717 Y120.292 E685.00004
M204 S5000
M205 X30 Y30
G0 F7200 X103.609 Y120.401
G0 X105.157 Y121.843
G0 X106.087 Y122.607
G0 X107.149 Y123.174
G0 X108.303 Y123.524
G0 X109.5 Y123.643
G0 X110.697 Y123.524
G0 X111.851 Y123.174
G0 X112.913 Y122.607
G0 X113.843 Y121.843
G0 X114.607 Y120.913
G0 X115.174 Y119.851
G0 X115.524 Y118.697
G0 X115.643 Y117.5
G0 X115.524 Y116.303
G0 X115.174 Y115.149
G0 X114.607 Y114.087
G0 X113.843 Y113.157
G0 X112.913 Y112.393
G0 X111.851 Y111.826
G0 X110.697 Y111.476
G0 X109.5 Y111.357
G0 X108.303 Y111.476
G0 X107.149 Y111.826
G0 X106.087 Y112.393
G0 X105.25 Y113.08
G0 X103.608 Y115.028
G0 X103.719 Y114.917
M204 S500
M205 X20 Y20
G1 F1800 X103.691 Y114.662 E685.00916
M204 S5000
M205 X30 Y30
G0 F7200 X103.774 Y114.58
G0 X103.442 Y110.026
G0 X128.746 Y110.026
G0 X131.103 Y114.686
G0 X131.153 Y114.636
M204 S500
M205 X20 Y20
G1 F1800 X131.296 Y114.776 E685.01326
G1 X131.345 Y115.009 E685.01815
M204 S5000
M205 X30 Y30
G0 F7200 X131.39 Y114.965
G0 X129.843 Y113.157
G0 X128.913 Y112.393
G0 X127.851 Y111.826
G0 X126.697 Y111.476
G0 X125.5 Y111.357
G0 X124.303 Y111.476
G0 X123.149 Y111.826
G0 X122.087 Y112.393
G0 X121.157 Y113.157
G0 X120.393 Y114.087
G0 X119.826 Y115.149
G0 X119.476 Y116.303
G0 X119.357 Y117.5
G0 X119.476 Y118.697
G0 X119.826 Y119.851
G0 X120.393 Y120.913
G0 X121.157 Y121.843
G0 X122.087 Y122.607
G0 X123.149 Y123.174
G0 X124.303 Y123.524
G0 X125.5 Y123.643
G0 X126.697 Y123.524
G0 X127.851 Y123.174
G0 X128.913 Y122.607
G0 X129.666 Y121.989
G0 X131.39 Y120.056
M204 S500
M205 X20 Y20
G1 F1800 X131.067 Y120.379 E685.02574
M204 S5000
M205 X30 Y30
G0 F7200 X131.294 Y120.435
M204 S500
M205 X20 Y20
G1 F1800 X131.39 Y120.339 E685.028
M204 S5000
M205 X30 Y30
G0 F7200 X131.291 Y120.396
;MESH:NONMESH
G0 X131.558 Y124.974
G0 X113.843 Y121.843
G0 X114.607 Y120.913
G0 X115.174 Y119.851
G0 X115.524 Y118.697
G0 X115.643 Y117.5
G0 X115.524 Y116.303
G0 X115.174 Y115.149
G0 X114.607 Y114.087
G0 X113.843 Y113.157
G0 X112.913 Y112.393
G0 X111.851 Y111.826
G0 X110.917 Y111.543
G0 X104.501 Y110.158
;TIME_ELAPSED:737.861929
;LAYER:42
;MESH:listwa_mocujaca.stl
G0 X104.501 Y110.158 Z8.6
M204 S500
M205 X20 Y20
;TYPE:FILL
G1 F3600 X106.419 Y112.076 E685.11822
G1 X106.489 Y112.146
M204 S5000
M205 X30 Y30
G0 F7200 X106.474 Y112.117
G0 X107.871 Y110.157
M204 S500
M205 X20 Y20
G1 F3600 X103.574 Y114.455 E685.32036
G1 X103.504 Y114.525
M204 S5000
M205 X30 Y30
G0 F7200 X103.514 Y114.525
G0 X106.087 Y112.393
G0 X107.149 Y111.826
G0 X108.303 Y111.476
G0 X109.5 Y111.357
G0 X110.697 Y111.476
G0 X111.851 Y111.826
G0 X112.913 Y112.393
G0 X113.843 Y113.157
G0 X114.607 Y114.087
G0 X115.174 Y115.149
G0 X115.524 Y116.303
G0 X115.643 Y117.5
G0 X115.524 Y118.697
G0 X115.174 Y119.851
G0 X114.607 Y120.913
G0 X113.843 Y121.843
G0 X112.913 Y122.607
G0 X111.851 Y123.174
G0 X110.697 Y123.524
G0 X109.5 Y123.643
G0 X108.303 Y123.524
G0 X107.149 Y123.174
G0 X106.194 Y122.664
G0 X103.574 Y120.544
M204 S500
M205 X20 Y20
G1 F3600 X107.87 Y124.841 E685.52245
G1 X107.94 Y124.911
M204 S5000
M205 X30 Y30
G0 F7200 X107.94 Y124.902
G0 X110.158 Y124.841
M204 S500
M205 X20 Y20
G1 F3600 X111.633 Y123.366 E685.59183
M204 S5000
M205 X30 Y30
G0 F7200 X111.947 Y123.26
M204 S500
M205 X20 Y20
G1 F3600 X113.527 Y124.841 E685.66618
G1 X113.597 Y124.911
M204 S5000
M205 X30 Y30
G0 F7200 X113.597 Y124.902
G0 X115.814 Y124.841
M204 S500
M205 X20 Y20
G1 F3600 X120.077 Y120.579 E685.86667
G1 X120.147 Y120.509
M204 S5000
M205 X30 Y30
G0 F7200 X120.117 Y120.525
G0 X119.632 Y119.632
M204 S500
M205 X20 Y20
G1 F3600 X115.366 Y115.366 E686.06733
G1 X115.296 Y115.296
M204 S5000
M205 X30 Y30
G0 F7200 X114.922 Y114.42
M204 S500
M205 X20 Y20
G1 F3600 X119.185 Y110.157 E686.26785
G1 X119.255 Y110.087
M204 S5000
M205 X30 Y30
G0 F7200 X119.255 Y110.098
G0 X121.471 Y110.158
M204 S500
M205 X20 Y20
G1 F3600 X123.052 Y111.738 E686.34219
M204 S5000
M205 X30 Y30
G0 F7200 X123.367 Y111.632
M204 S500
M205 X20 Y20
G1 F3600 X124.842 Y110.157 E686.41157
G1 X124.912 Y110.087
M204 S5000
M205 X30 Y30
G0 F7200 X124.912 Y110.098
G0 X127.128 Y110.158
M204 S500
M205 X20 Y20
G1 F3600 X131.424 Y114.454 E686.61364
G1 X131.494 Y114.524
M204 S5000
M205 X30 Y30
G0 F7200 X131.486 Y114.524
G0 X128.578 Y112.077
M204 S500
M205 X20 Y20
G1 F3600 X130.499 Y110.157 E686.70398
G1 X130.569 Y110.087
M204 S5000
M205 X30 Y30
G0 F7200 X130.569 Y110.098
G0 X124.303 Y111.476
G0 X123.149 Y111.826
G0 X122.087 Y112.393
G0 X121.157 Y113.157
G0 X120.393 Y114.087
G0 X119.826 Y115.149
G0 X119.476 Y116.303
G0 X119.357 Y117.5
G0 X119.476 Y118.697
G0 X119.826 Y119.851
G0 X120.393 Y120.913
G0 X121.157 Y121.843
G0 X122.087 Y122.607
G0 X123.149 Y123.174
G0 X124.303 Y123.524
G0 X125.5 Y123.643
G0 X126.697 Y123.524
G0 X127.851 Y123.174
G0 X128.806 Y122.664
G0 X131.424 Y120.545
M204 S500
M205 X20 Y20
G1 F3600 X127.128 Y124.841 E686.90605
G1 X127.058 Y124.911
M204 S5000
M205 X30 Y30
G0 F7200 X127.058 Y124.902
G0 X124.841 Y124.841
M204 S500
M205 X20 Y20
G1 F3600 X123.367 Y123.367 E686.97538
M204 S5000
M205 X30 Y30
G0 F7200 X123.053 Y123.26
M204 S500
M205 X20 Y20
G1 F3600 X121.471 Y124.841 E687.04977
G1 X121.401 Y124.911
M204 S5000
M205 X30 Y30
G0 F7200 X121.401 Y124.902
G0 X119.184 Y124.841
M204 S500
M205 X20 Y20
G1 F3600 X114.921 Y120.578 E687.25029
G1 X114.851 Y120.508
M204 S5000
M205 X30 Y30
G0 F7200 X114.882 Y120.526
G0 X115.367 Y119.632
M204 S500
M205 X20 Y20
G1 F3600 X119.631 Y115.368 E687.45085
G1 X119.701 Y115.298
M204 S5000
M205 X30 Y30
G0 F7200 X120.077 Y114.42
M204 S500
M205 X20 Y20
G1 F3600 X115.814 Y110.158 E687.65135
G1 X115.744 Y110.088
M204 S5000
M205 X30 Y30
G0 F7200 X115.744 Y110.098
G0 X113.528 Y110.157
M204 S500
M205 X20 Y20
G1 F3600 X111.947 Y111.739 E687.72574
M204 S5000
M205 X30 Y30
G0 F7200 X111.631 Y111.631
M204 S500
M205 X20 Y20
G1 F3600 X110.158 Y110.158 E687.79502
G1 X110.088 Y110.088
M204 S5000
M205 X30 Y30
G0 F7200 X110.088 Y110.098
G0 X113.843 Y113.157
G0 X114.607 Y114.087
G0 X115.174 Y115.149
G0 X115.524 Y116.303
G0 X115.643 Y117.5
G0 X115.524 Y118.697
G0 X115.174 Y119.851
G0 X114.607 Y120.913
G0 X113.843 Y121.843
G0 X112.913 Y122.607
G0 X111.851 Y123.174
G0 X110.697 Y123.524
G0 X109.5 Y123.643
G0 X108.423 Y123.536
G0 X106.42 Y122.922
M204 S500
M205 X20 Y20
G1 F3600 X104.501 Y124.841 E687.88528
G1 X104.431 Y124.911
M204 S5000
M205 X30 Y30
G0 F7200 X104.431 Y124.902
G0 X125.5 Y123.643
G0 X126.577 Y123.536
G0 X128.579 Y122.922
M204 S500
M205 X20 Y20
G1 F3600 X130.497 Y124.841 E687.97553
G1 X130.567 Y124.911
M204 S5000
M205 X30 Y30
G0 F7200 X130.567 Y124.902
G0 X124.303 Y123.524
G0 X123.149 Y123.174
G0 X122.087 Y122.607
G0 X121.157 Y121.843
G0 X120.393 Y120.913
G0 X119.826 Y119.851
G0 X119.476 Y118.697
G0 X119.357 Y117.5
G0 X119.476 Y116.303
G0 X119.826 Y115.149
G0 X120.393 Y114.087
G0 X121.157 Y113.157
G0 X122.087 Y112.393
G0 X123.149 Y111.826
G0 X124.083 Y111.543
G0 X125.5 Y111.297
G0 X125.5 Y111.397
M204 S500
M205 X20 Y20
;TYPE:WALL-INNER
G1 F3600 X124.31 Y111.515 E688.0153
G1 X123.164 Y111.862 E688.05512
G1 X122.109 Y112.426 E688.09491
G1 X121.185 Y113.185 E688.13468
G1 X120.426 Y114.109 E688.17446
G1 X119.862 Y115.164 E688.21424
G1 X119.515 Y116.31 E688.25407
G1 X119.397 Y117.5 E688.29384
G1 X119.515 Y118.69 E688.33362
G1 X119.862 Y119.836 E688.37344
G1 X120.426 Y120.891 E688.41323
G1 X121.185 Y121.815 E688.453
G1 X122.109 Y122.574 E688.49277
G1 X123.164 Y123.138 E688.53256
G1 X124.31 Y123.485 E688.57239
G1 X125.5 Y123.603 E688.61216
G1 X126.69 Y123.485 E688.65193
G1 X127.836 Y123.138 E688.69176
G1 X128.891 Y122.574 E688.73155
G1 X129.815 Y121.815 E688.77132
G1 X130.574 Y120.891 E688.81109
G1 X131.138 Y119.836 E688.85088
G1 X131.193 Y119.656 E688.85714
G1 X131.485 Y118.69 E688.89071
G1 X131.586 Y117.671 E688.92476
G1 X131.586 Y118.69 E688.92901
G1 X131.586 Y119.699 E688.95017
G1 X131.586 Y125.002 E689.12655
G1 X103.414 Y125.002 E690.06355
G1 X103.414 Y119.699 E690.23993
G1 X103.414 Y118.69 E690.27349
G1 X103.414 Y117.671 E690.30738
G1 X103.515 Y118.69 E690.31177
G1 X103.807 Y119.656 E690.33292
G1 X103.862 Y119.836 E690.33918
G1 X104.426 Y120.891 E690.37897
G1 X105.185 Y121.815 E690.41874
G1 X106.109 Y122.574 E690.45852
G1 X107.164 Y123.138 E690.4983
G1 X108.31 Y123.485 E690.53813
G1 X109.5 Y123.603 E690.5779
G1 X110.69 Y123.485 E690.61768
G1 X111.836 Y123.138 E690.6575
G1 X112.891 Y122.574 E690.69729
G1 X113.815 Y121.815 E690.73706
G1 X114.574 Y120.891 E690.77683
G1 X115.138 Y119.836 E690.81662
G1 X115.485 Y118.69 E690.85645
G1 X115.603 Y117.5 E690.89622
G1 X115.485 Y116.31 E690.936
G1 X115.138 Y115.164 E690.97582
G1 X114.574 Y114.109 E691.01561
G1 X113.815 Y113.185 E691.05538
G1 X112.891 Y112.426 E691.09515
G1 X111.836 Y111.862 E691.13494
G1 X110.69 Y111.515 E691.17477
G1 X109.5 Y111.397 E691.21454
G1 X108.31 Y111.515 E691.25431
G1 X107.164 Y111.862 E691.29414
G1 X106.109 Y112.426 E691.33393
G1 X105.185 Y113.185 E691.3737
G1 X104.426 Y114.109 E691.41347
G1 X103.862 Y115.164 E691.45326
G1 X103.807 Y115.344 E691.45952
G1 X103.515 Y116.31 E691.49308
G1 X103.414 Y117.329 E691.52714
G1 X103.414 Y116.31 E691.53139
G1 X103.414 Y115.301 E691.55255
G1 X103.414 Y109.998 E691.72892
G1 X131.586 Y109.998 E692.66593
G1 X131.586 Y115.301 E692.84231
G1 X131.586 Y116.31 E692.87587
G1 X131.586 Y117.329 E692.90976
G1 X131.485 Y116.31 E692.91415
G1 X131.193 Y115.344 E692.9353
G1 X131.138 Y115.164 E692.94156
G1 X130.574 Y114.109 E692.98135
G1 X129.815 Y113.185 E693.02112
G1 X128.891 Y112.426 E693.06089
G1 X127.836 Y111.862 E693.10068
G1 X126.69 Y111.515 E693.14051
G1 X125.5 Y111.397 E693.18028
M204 S5000
M205 X30 Y30
G0 F7200 X125.5 Y111.297
G0 X131.516 Y110.068
G0 X131.873 Y109.667
M204 S500
M205 X20 Y20
;TYPE:WALL-OUTER
G1 F1800 X131.986 Y109.825 E693.18674
G1 X131.986 Y125.175 E693.69729
G1 X131.873 Y125.333 E693.70375
G1 X131.682 Y125.402 E693.7105
G1 X103.318 Y125.402 E694.65389
G1 X103.127 Y125.333 E694.66065
G1 X103.014 Y125.175 E694.66711
G1 X103.014 Y109.825 E695.17765
G1 X103.127 Y109.667 E695.18411
G1 X103.318 Y109.598 E695.19087
G1 X131.682 Y109.598 E696.13426
G1 X131.873 Y109.667 E696.14101
M204 S5000
M205 X30 Y30
G0 F7200 X131.986 Y109.825
G0 X131.986 Y109.831
G0 X131.516 Y110.068
G0 X124.303 Y111.476
G0 X123.149 Y111.826
G0 X122.087 Y112.393
G0 X121.157 Y113.157
G0 X120.393 Y114.087
G0 X119.826 Y115.149
G0 X119.543 Y116.083
G0 X119.302 Y117.452
G0 X119.799 Y117.5
M204 S500
M205 X20 Y20
G1 F1800 X119.909 Y118.612 E696.17818
G1 X120.233 Y119.682 E696.21536
G1 X120.76 Y120.668 E696.25254
G1 X121.469 Y121.531 E696.28969
G1 X122.332 Y122.24 E696.32684
G1 X123.318 Y122.767 E696.36403
G1 X124.388 Y123.091 E696.40121
G1 X125.5 Y123.201 E696.43838
G1 X126.612 Y123.091 E696.47554
G1 X127.682 Y122.767 E696.51273
G1 X128.668 Y122.24 E696.54991
G1 X129.531 Y121.531 E696.58706
G1 X130.24 Y120.668 E696.62421
G1 X130.767 Y119.682 E696.66139
G1 X131.091 Y118.612 E696.69858
G1 X131.201 Y117.5 E696.73574
G1 X131.091 Y116.388 E696.77291
G1 X130.767 Y115.318 E696.81009
G1 X130.24 Y114.332 E696.84728
G1 X129.531 Y113.469 E696.88442
G1 X128.668 Y112.76 E696.92157
G1 X127.682 Y112.233 E696.95876
G1 X126.612 Y111.909 E696.99594
G1 X125.5 Y111.799 E697.03311
G1 X124.388 Y111.909 E697.07027
G1 X123.318 Y112.233 E697.10746
G1 X122.332 Y112.76 E697.14464
G1 X121.469 Y113.469 E697.18179
G1 X120.76 Y114.332 E697.21894
G1 X120.233 Y115.318 E697.25612
G1 X119.909 Y116.388 E697.29331
G1 X119.799 Y117.5 E697.33047
M204 S5000
M205 X30 Y30
G0 F7200 X119.818 Y117.699
G0 X119.321 Y117.747
G0 X112.913 Y112.393
G0 X111.851 Y111.826
G0 X110.697 Y111.476
G0 X109.5 Y111.357
G0 X108.303 Y111.476
G0 X107.149 Y111.826
G0 X106.087 Y112.393
G0 X105.157 Y113.157
G0 X104.393 Y114.087
G0 X103.826 Y115.149
G0 X103.511 Y116.187
G0 X103.418 Y117.229
G0 X103.799 Y117.5
M204 S500
M205 X20 Y20
G1 F1800 X103.909 Y118.612 E697.36764
G1 X104.233 Y119.682 E697.40482
G1 X104.76 Y120.668 E697.44201
G1 X105.469 Y121.531 E697.47915
G1 X106.332 Y122.24 E697.5163
G1 X107.318 Y122.767 E697.55349
G1 X108.388 Y123.091 E697.59067
G1 X109.5 Y123.201 E697.62784
G1 X110.612 Y123.091 E697.665
G1 X111.682 Y122.767 E697.70219
G1 X112.668 Y122.24 E697.73937
G1 X113.531 Y121.531 E697.77652
G1 X114.24 Y120.668 E697.81367
G1 X114.767 Y119.682 E697.85085
G1 X115.091 Y118.612 E697.88804
G1 X115.201 Y117.5 E697.9252
G1 X115.091 Y116.388 E697.96237
G1 X114.767 Y115.318 E697.99955
G1 X114.24 Y114.332 E698.03674
G1 X113.531 Y113.469 E698.07389
G1 X112.668 Y112.76 E698.11103
G1 X111.682 Y112.233 E698.14822
G1 X110.612 Y111.909 E698.1854
G1 X109.5 Y111.799 E698.22257
G1 X108.388 Y111.909 E698.25973
G1 X107.318 Y112.233 E698.29692
G1 X106.332 Y112.76 E698.3341
G1 X105.469 Y113.469 E698.37125
G1 X104.76 Y114.332 E698.4084
G1 X104.233 Y115.318 E698.44558
G1 X103.909 Y116.388 E698.48277
G1 X103.799 Y117.5 E698.51993
M204 S5000
M205 X30 Y30
G0 F7200 X103.818 Y117.699
G0 X103.464 Y118.68
G0 X103.608 Y120.013
G0 X103.745 Y120.15
M204 S500
M205 X20 Y20
;TYPE:SKIN
G1 F1800 X103.673 Y120.361 E698.52945
M204 S5000
M205 X30 Y30
G0 F7200 X103.608 Y120.296
G0 X105.157 Y121.843
G0 X106.087 Y122.607
G0 X107.149 Y123.174
G0 X108.303 Y123.524
G0 X109.5 Y123.643
G0 X110.697 Y123.524
G0 X111.851 Y123.174
G0 X112.913 Y122.607
G0 X113.843 Y121.843
G0 X114.607 Y120.913
G0 X115.174 Y119.851
G0 X115.524 Y118.697
G0 X115.643 Y117.5
G0 X115.524 Y116.303
G0 X115.174 Y115.149
G0 X114.607 Y114.087
G0 X113.843 Y113.157
G0 X112.913 Y112.393
G0 X111.851 Y111.826
G0 X110.697 Y111.476
G0 X109.5 Y111.357
G0 X108.303 Y111.476
G0 X107.149 Y111.826
G0 X106.087 Y112.393
G0 X105.157 Y113.157
G0 X103.713 Y115.027
G0 X103.66 Y114.974
M204 S500
M205 X20 Y20
G1 F1800 X103.71 Y114.741 E698.53435
G1 X103.881 Y114.629 E698.53854
M204 S5000
M205 X30 Y30
G0 F7200 X103.91 Y114.658
G0 X103.442 Y110.026
G0 X128.746 Y110.026
G0 X131.117 Y114.712
G0 X131.253 Y114.848
M204 S500
M205 X20 Y20
G1 F1800 X131.325 Y114.637 E698.54805
M204 S5000
M205 X30 Y30
G0 F7200 X131.26 Y114.573
G0 X129.843 Y113.157
G0 X128.913 Y112.393
G0 X127.851 Y111.826
G0 X126.697 Y111.476
G0 X125.5 Y111.357
G0 X124.303 Y111.476
G0 X123.149 Y111.826
G0 X122.087 Y112.393
G0 X121.157 Y113.157
G0 X120.393 Y114.087
G0 X119.826 Y115.149
G0 X119.476 Y116.303
G0 X119.357 Y117.5
G0 X119.476 Y118.697
G0 X119.826 Y119.851
G0 X120.393 Y120.913
G0 X121.157 Y121.843
G0 X122.087 Y122.607
G0 X123.149 Y123.174
G0 X124.303 Y123.524
G0 X125.5 Y123.643
G0 X126.697 Y123.524
G0 X127.851 Y123.174
G0 X128.913 Y122.607
G0 X129.843 Y121.843
G0 X131.285 Y119.971
G0 X131.337 Y120.023
M204 S500
M205 X20 Y20
G1 F1800 X131.288 Y120.257 E698.55295
G1 X131.117 Y120.369 E698.55714
M204 S5000
M205 X30 Y30
G0 F7200 X131.186 Y120.437
;MESH:NONMESH
G0 X131.558 Y124.974
G0 X113.843 Y121.843
G0 X114.607 Y120.913
G0 X115.174 Y119.851
G0 X115.524 Y118.697
G0 X115.643 Y117.5
G0 X115.524 Y116.303
G0 X115.174 Y115.149
G0 X114.607 Y114.087
G0 X113.843 Y113.157
G0 X112.913 Y112.393
G0 X111.851 Y111.826
G0 X110.917 Y111.543
G0 X104.501 Y110.158
;TIME_ELAPSED:753.018735
;LAYER:43
;MESH:listwa_mocujaca.stl
G0 X104.501 Y110.158 Z8.8
M204 S500
M205 X20 Y20
;TYPE:FILL
G1 F3600 X106.419 Y112.076 E698.64735
G1 X106.489 Y112.146
M204 S5000
M205 X30 Y30
G0 F7200 X106.474 Y112.117
G0 X107.871 Y110.157
M204 S500
M205 X20 Y20
G1 F3600 X103.574 Y114.455 E698.8495
G1 X103.504 Y114.525
M204 S5000
M205 X30 Y30
G0 F7200 X103.514 Y114.525
G0 X106.087 Y112.393
G0 X107.149 Y111.826
G0 X108.303 Y111.476
G0 X109.5 Y111.357
G0 X110.697 Y111.476
G0 X111.851 Y111.826
G0 X112.913 Y112.393
G0 X113.843 Y113.157
G0 X114.607 Y114.087
G0 X115.174 Y115.149
G0 X115.524 Y116.303
G0 X115.643 Y117.5
G0 X115.524 Y118.697
G0 X115.174 Y119.851
G0 X114.607 Y120.913
G0 X113.843 Y121.843
G0 X112.913 Y122.607
G0 X111.851 Y123.174
G0 X110.697 Y123.524
G0 X109.5 Y123.643
G0 X108.303 Y123.524
G0 X107.149 Y123.174
G0 X106.194 Y122.664
G0 X103.574 Y120.544
M204 S500
M205 X20 Y20
G1 F3600 X107.87 Y124.841 E699.05159
G1 X107.94 Y124.911
M204 S5000
M205 X30 Y30
G0 F7200 X107.94 Y124.902
G0 X110.158 Y124.841
M204 S500
M205 X20 Y20
G1 F3600 X111.633 Y123.366 E699.12097
M204 S5000
M205 X30 Y30
G0 F7200 X111.947 Y123.26
M204 S500
M205 X20 Y20
G1 F3600 X113.527 Y124.841 E699.19531
G1 X113.597 Y124.911
M204 S5000
M205 X30 Y30
G0 F7200 X113.597 Y124.902
G0 X115.814 Y124.841
M204 S500
M205 X20 Y20
G1 F3600 X120.077 Y120.579 E699.39581
G1 X120.147 Y120.509
M204 S5000
M205 X30 Y30
G0 F7200 X120.117 Y120.525
G0 X119.632 Y119.632
M204 S500
M205 X20 Y20
G1 F3600 X115.366 Y115.366 E699.59647
G1 X115.296 Y115.296
M204 S5000
M205 X30 Y30
G0 F7200 X114.922 Y114.42
M204 S500
M205 X20 Y20
G1 F3600 X119.185 Y110.157 E699.79698
G1 X119.255 Y110.087
M204 S5000
M205 X30 Y30
G0 F7200 X119.255 Y110.098
G0 X121.471 Y110.158
M204 S500
M205 X20 Y20
G1 F3600 X123.052 Y111.738 E699.87133
M204 S5000
M205 X30 Y30
G0 F7200 X123.367 Y111.632
M204 S500
M205 X20 Y20
G1 F3600 X124.842 Y110.157 E699.94071
G1 X124.912 Y110.087
M204 S5000
M205 X30 Y30
G0 F7200 X124.912 Y110.098
G0 X127.128 Y110.158
M204 S500
M205 X20 Y20
G1 F3600 X131.424 Y114.454 E700.14278
G1 X131.494 Y114.524
M204 S5000
M205 X30 Y30
G0 F7200 X131.486 Y114.524
G0 X128.578 Y112.077
M204 S500
M205 X20 Y20
G1 F3600 X130.499 Y110.157 E700.23311
G1 X130.569 Y110.087
M204 S5000
M205 X30 Y30
G0 F7200 X130.569 Y110.098
G0 X124.303 Y111.476
G0 X123.149 Y111.826
G0 X122.087 Y112.393
G0 X121.157 Y113.157
G0 X120.393 Y114.087
G0 X119.826 Y115.149
G0 X119.476 Y116.303
G0 X119.357 Y117.5
G0 X119.476 Y118.697
G0 X119.826 Y119.851
G0 X120.393 Y120.913
G0 X121.157 Y121.843
G0 X122.087 Y122.607
G0 X123.149 Y123.174
G0 X124.303 Y123.524
G0 X125.5 Y123.643
G0 X126.697 Y123.524
G0 X127.851 Y123.174
G0 X128.806 Y122.664
G0 X131.424 Y120.545
M204 S500
M205 X20 Y20
G1 F3600 X127.128 Y124.841 E700.43518
G1 X127.058 Y124.911
M204 S5000
M205 X30 Y30
G0 F7200 X127.058 Y124.902
G0 X124.841 Y124.841
M204 S500
M205 X20 Y20
G1 F3600 X123.367 Y123.367 E700.50451
M204 S5000
M205 X30 Y30
G0 F7200 X123.053 Y123.26
M204 S500
M205 X20 Y20
G1 F3600 X121.471 Y124.841 E700.5789
G1 X121.401 Y124.911
M204 S5000
M205 X30 Y30
G0 F7200 X121.401 Y124.902
G0 X119.184 Y124.841
M204 S500
M205 X20 Y20
G1 F3600 X114.921 Y120.578 E700.77942
G1 X114.851 Y120.508
M204 S5000
M205 X30 Y30
G0 F7200 X114.882 Y120.526
G0 X115.367 Y119.632
M204 S500
M205 X20 Y20
G1 F3600 X119.631 Y115.368 E700.97999
G1 X119.701 Y115.298
M204 S5000
M205 X30 Y30
G0 F7200 X120.077 Y114.42
M204 S500
M205 X20 Y20
G1 F3600 X115.814 Y110.158 E701.18048
G1 X115.744 Y110.088
M204 S5000
M205 X30 Y30
G0 F7200 X115.744 Y110.098
G0 X113.528 Y110.157
M204 S500
M205 X20 Y20
G1 F3600 X111.947 Y111.739 E701.25487
M204 S5000
M205 X30 Y30
G0 F7200 X111.631 Y111.631
M204 S500
M205 X20 Y20
G1 F3600 X110.158 Y110.158 E701.32416
G1 X110.088 Y110.088
M204 S5000
M205 X30 Y30
G0 F7200 X110.088 Y110.098
G0 X113.843 Y113.157
G0 X114.607 Y114.087
G0 X115.174 Y115.149
G0 X115.524 Y116.303
G0 X115.643 Y117.5
G0 X115.524 Y118.697
G0 X115.174 Y119.851
G0 X114.607 Y120.913
G0 X113.843 Y121.843
G0 X112.913 Y122.607
G0 X111.851 Y123.174
G0 X110.697 Y123.524
G0 X109.5 Y123.643
G0 X108.423 Y123.536
G0 X106.42 Y122.922
M204 S500
M205 X20 Y20
G1 F3600 X104.501 Y124.841 E701.41442
G1 X104.431 Y124.911
M204 S5000
M205 X30 Y30
G0 F7200 X104.431 Y124.902
G0 X125.5 Y123.643
G0 X126.577 Y123.536
G0 X128.579 Y122.922
M204 S500
M205 X20 Y20
G1 F3600 X130.497 Y124.841 E701.50466
G1 X130.567 Y124.911
M204 S5000
M205 X30 Y30
G0 F7200 X130.567 Y124.902
G0 X124.303 Y123.524
G0 X123.149 Y123.174
G0 X122.087 Y122.607
G0 X121.157 Y121.843
G0 X120.393 Y120.913
G0 X119.826 Y119.851
G0 X119.476 Y118.697
G0 X119.357 Y117.5
G0 X119.476 Y116.303
G0 X119.826 Y115.149
G0 X120.393 Y114.087
G0 X121.157 Y113.157
G0 X122.087 Y112.393
G0 X123.149 Y111.826
G0 X124.083 Y111.543
G0 X125.5 Y111.297
G0 X125.5 Y111.397
M204 S500
M205 X20 Y20
;TYPE:WALL-INNER
G1 F3600 X124.31 Y111.515 E701.54443
G1 X123.164 Y111.862 E701.58426
G1 X122.109 Y112.426 E701.62405
G1 X121.185 Y113.185 E701.66382
G1 X120.426 Y114.109 E701.70359
G1 X119.862 Y115.164 E701.74338
G1 X119.515 Y116.31 E701.78321
G1 X119.397 Y117.5 E701.82298
G1 X119.515 Y118.69 E701.86275
G1 X119.862 Y119.836 E701.90258
G1 X120.426 Y120.891 E701.94237
G1 X121.185 Y121.815 E701.98214
G1 X122.109 Y122.574 E702.02191
G1 X123.164 Y123.138 E702.0617
G1 X124.31 Y123.485 E702.10152
G1 X125.5 Y123.603 E702.1413
G1 X126.69 Y123.485 E702.18107
G1 X127.836 Y123.138 E702.2209
G1 X128.891 Y122.574 E702.26068
G1 X129.815 Y121.815 E702.30046
G1 X130.574 Y120.891 E702.34023
G1 X131.138 Y119.836 E702.38002
G1 X131.193 Y119.656 E702.38628
G1 X131.485 Y118.69 E702.41984
G1 X131.586 Y117.671 E702.4539
G1 X131.586 Y118.69 E702.45815
G1 X131.586 Y119.699 E702.4793
G1 X131.586 Y125.002 E702.65568
G1 X103.414 Y125.002 E703.59269
G1 X103.414 Y119.699 E703.76906
G1 X103.414 Y118.69 E703.80262
G1 X103.414 Y117.671 E703.83652
G1 X103.515 Y118.69 E703.8409
G1 X103.807 Y119.656 E703.86206
G1 X103.862 Y119.836 E703.86832
G1 X104.426 Y120.891 E703.90811
G1 X105.185 Y121.815 E703.94788
G1 X106.109 Y122.574 E703.98765
G1 X107.164 Y123.138 E704.02744
G1 X108.31 Y123.485 E704.06727
G1 X109.5 Y123.603 E704.10704
G1 X110.69 Y123.485 E704.14681
G1 X111.836 Y123.138 E704.18664
G1 X112.891 Y122.574 E704.22643
G1 X113.815 Y121.815 E704.2662
G1 X114.574 Y120.891 E704.30597
G1 X115.138 Y119.836 E704.34576
G1 X115.485 Y118.69 E704.38558
G1 X115.603 Y117.5 E704.42536
G1 X115.485 Y116.31 E704.46513
G1 X115.138 Y115.164 E704.50496
G1 X114.574 Y114.109 E704.54474
G1 X113.815 Y113.185 E704.58452
G1 X112.891 Y112.426 E704.62429
G1 X111.836 Y111.862 E704.66408
G1 X110.69 Y111.515 E704.7039
G1 X109.5 Y111.397 E704.74368
G1 X108.31 Y111.515 E704.78345
G1 X107.164 Y111.862 E704.82327
G1 X106.109 Y112.426 E704.86306
G1 X105.185 Y113.185 E704.90283
G1 X104.426 Y114.109 E704.94261
G1 X103.862 Y115.164 E704.98239
G1 X103.807 Y115.344 E704.98865
G1 X103.515 Y116.31 E705.02222
G1 X103.414 Y117.329 E705.05628
G1 X103.414 Y116.31 E705.06053
G1 X103.414 Y115.301 E705.08168
G1 X103.414 Y109.998 E705.25806
G1 X131.586 Y109.998 E706.19506
G1 X131.586 Y115.301 E706.37144
G1 X131.586 Y116.31 E706.405
G1 X131.586 Y117.329 E706.43889
G1 X131.485 Y116.31 E706.44328
G1 X131.193 Y115.344 E706.46444
G1 X131.138 Y115.164 E706.4707
G1 X130.574 Y114.109 E706.51049
G1 X129.815 Y113.185 E706.55026
G1 X128.891 Y112.426 E706.59003
G1 X127.836 Y111.862 E706.62982
G1 X126.69 Y111.515 E706.66964
G1 X125.5 Y111.397 E706.70942
M204 S5000
M205 X30 Y30
G0 F7200 X125.5 Y111.297
G0 X131.516 Y110.068
G0 X131.873 Y109.667
M204 S500
M205 X20 Y20
;TYPE:WALL-OUTER
G1 F1800 X131.986 Y109.825 E706.71588
G1 X131.986 Y125.175 E707.22642
G1 X131.873 Y125.333 E707.23288
G1 X131.682 Y125.402 E707.23964
G1 X103.318 Y125.402 E708.18303
G1 X103.127 Y125.333 E708.18978
G1 X103.014 Y125.175 E708.19624
G1 X103.014 Y109.825 E708.70679
G1 X103.127 Y109.667 E708.71325
G1 X103.318 Y109.598 E708.72
G1 X131.682 Y109.598 E709.66339
G1 X131.873 Y109.667 E709.67015
M204 S5000
M205 X30 Y30
G0 F7200 X131.986 Y109.825
G0 X131.986 Y109.831
G0 X131.516 Y110.068
G0 X124.303 Y111.476
G0 X123.149 Y111.826
G0 X122.087 Y112.393
G0 X121.157 Y113.157
G0 X120.393 Y114.087
G0 X119.826 Y115.149
G0 X119.543 Y116.083
G0 X119.302 Y117.452
G0 X119.799 Y117.5
M204 S500
M205 X20 Y20
G1 F1800 X119.909 Y118.612 E709.70731
G1 X120.233 Y119.682 E709.7445
G1 X120.76 Y120.668 E709.78168
G1 X121.469 Y121.531 E709.81883
G1 X122.332 Y122.24 E709.85598
G1 X123.318 Y122.767 E709.89316
G1 X124.388 Y123.091 E709.93035
G1 X125.5 Y123.201 E709.96751
G1 X126.612 Y123.091 E710.00468
G1 X127.682 Y122.767 E710.04186
G1 X128.668 Y122.24 E710.07905
G1 X129.531 Y121.531 E710.11619
G1 X130.24 Y120.668 E710.15334
G1 X130.767 Y119.682 E710.19053
G1 X131.091 Y118.612 E710.22771
G1 X131.201 Y117.5 E710.26488
G1 X131.091 Y116.388 E710.30204
G1 X130.767 Y115.318 E710.33923
G1 X130.24 Y114.332 E710.37641
G1 X129.531 Y113.469 E710.41356
G1 X128.668 Y112.76 E710.45071
G1 X127.682 Y112.233 E710.48789
G1 X126.612 Y111.909 E710.52508
G1 X125.5 Y111.799 E710.56224
G1 X124.388 Y111.909 E710.59941
G1 X123.318 Y112.233 E710.63659
G1 X122.332 Y112.76 E710.67378
G1 X121.469 Y113.469 E710.71092
G1 X120.76 Y114.332 E710.74807
G1 X120.233 Y115.318 E710.78526
G1 X119.909 Y116.388 E710.82244
G1 X119.799 Y117.5 E710.85961
M204 S5000
M205 X30 Y30
G0 F7200 X119.818 Y117.699
G0 X119.321 Y117.747
G0 X112.913 Y112.393
G0 X111.851 Y111.826
G0 X110.697 Y111.476
G0 X109.5 Y111.357
G0 X108.303 Y111.476
G0 X107.149 Y111.826
G0 X106.087 Y112.393
G0 X105.157 Y113.157
G0 X104.393 Y114.087
G0 X103.826 Y115.149
G0 X103.511 Y116.187
G0 X103.418 Y117.229
G0 X103.799 Y117.5
M204 S500
M205 X20 Y20
G1 F1800 X103.909 Y118.612 E710.89677
G1 X104.233 Y119.682 E710.93396
G1 X104.76 Y120.668 E710.97114
G1 X105.469 Y121.531 E711.00829
G1 X106.332 Y122.24 E711.04544
G1 X107.318 Y122.767 E711.08262
G1 X108.388 Y123.091 E711.11981
G1 X109.5 Y123.201 E711.15697
G1 X110.612 Y123.091 E711.19414
G1 X111.682 Y122.767 E711.23132
G1 X112.668 Y122.24 E711.26851
G1 X113.531 Y121.531 E711.30566
G1 X114.24 Y120.668 E711.3428
G1 X114.767 Y119.682 E711.37999
G1 X115.091 Y118.612 E711.41717
G1 X115.201 Y117.5 E711.45434
G1 X115.091 Y116.388 E711.4915
G1 X114.767 Y115.318 E711.52869
G1 X114.24 Y114.332 E711.56587
G1 X113.531 Y113.469 E711.60302
G1 X112.668 Y112.76 E711.64017
G1 X111.682 Y112.233 E711.67735
G1 X110.612 Y111.909 E711.71454
G1 X109.5 Y111.799 E711.7517
G1 X108.388 Y111.909 E711.78887
G1 X107.318 Y112.233 E711.82605
G1 X106.332 Y112.76 E711.86324
G1 X105.469 Y113.469 E711.90039
G1 X104.76 Y114.332 E711.93754
G1 X104.233 Y115.318 E711.97472
G1 X103.909 Y116.388 E712.0119
G1 X103.799 Y117.5 E712.04907
M204 S5000
M205 X30 Y30
G0 F7200 X103.818 Y117.699
G0 X103.464 Y118.68
G0 X103.646 Y119.799
G0 X103.627 Y119.817
M204 S500
M205 X20 Y20
;TYPE:SKIN
G1 F1800 X103.668 Y120.059 E712.05349
G1 X103.717 Y120.292 E712.05777
M204 S5000
M205 X30 Y30
G0 F7200 X103.609 Y120.401
G0 X105.157 Y121.843
G0 X106.087 Y122.607
G0 X107.149 Y123.174
G0 X108.303 Y123.524
G0 X109.5 Y123.643
G0 X110.697 Y123.524
G0 X111.851 Y123.174
G0 X112.913 Y122.607
G0 X113.843 Y121.843
G0 X114.607 Y120.913
G0 X115.174 Y119.851
G0 X115.524 Y118.697
G0 X115.643 Y117.5
G0 X115.524 Y116.303
G0 X115.174 Y115.149
G0 X114.607 Y114.087
G0 X113.843 Y113.157
G0 X112.913 Y112.393
G0 X111.851 Y111.826
G0 X110.697 Y111.476
G0 X109.5 Y111.357
G0 X108.303 Y111.476
G0 X107.149 Y111.826
G0 X106.087 Y112.393
G0 X105.25 Y113.08
G0 X103.608 Y115.028
G0 X103.719 Y114.917
M204 S500
M205 X20 Y20
G1 F1800 X103.691 Y114.662 E712.06689
M204 S5000
M205 X30 Y30
G0 F7200 X103.774 Y114.58
G0 X103.442 Y110.026
G0 X128.746 Y110.026
G0 X131.103 Y114.686
G0 X131.153 Y114.636
M204 S500
M205 X20 Y20
G1 F1800 X131.296 Y114.776 E712.07099
G1 X131.345 Y115.009 E712.07588
M204 S5000
M205 X30 Y30
G0 F7200 X131.39 Y114.965
G0 X129.843 Y113.157
G0 X128.913 Y112.393
G0 X127.851 Y111.826
G0 X126.697 Y111.476
G0 X125.5 Y111.357
G0 X124.303 Y111.476
G0 X123.149 Y111.826
G0 X122.087 Y112.393
G0 X121.157 Y113.157
G0 X120.393 Y114.087
G0 X119.826 Y115.149
G0 X119.476 Y116.303
G0 X119.357 Y117.5
G0 X119.476 Y118.697
G0 X119.826 Y119.851
G0 X120.393 Y120.913
G0 X121.157 Y121.843
G0 X122.087 Y122.607
G0 X123.149 Y123.174
G0 X124.303 Y123.524
G0 X125.5 Y123.643
G0 X126.697 Y123.524
G0 X127.851 Y123.174
G0 X128.913 Y122.607
G0 X129.666 Y121.989
G0 X131.39 Y120.056
M204 S500
M205 X20 Y20
G1 F1800 X131.067 Y120.379 E712.08347
M204 S5000
M205 X30 Y30
G0 F7200 X131.294 Y120.435
M204 S500
M205 X20 Y20
G1 F1800 X131.39 Y120.339 E712.08573
M204 S5000
M205 X30 Y30
G0 F7200 X131.291 Y120.396
;MESH:NONMESH
G0 X131.558 Y124.974
G0 X113.843 Y121.843
G0 X114.607 Y120.913
G0 X115.174 Y119.851
G0 X115.524 Y118.697
G0 X115.643 Y117.5
G0 X115.524 Y116.303
G0 X115.174 Y115.149
G0 X114.607 Y114.087
G0 X113.843 Y113.157
G0 X112.913 Y112.393
G0 X111.851 Y111.826
G0 X110.917 Y111.543
G0 X104.501 Y110.158
;TIME_ELAPSED:768.221988
;LAYER:44
;MESH:listwa_mocujaca.stl
G0 X104.501 Y110.158 Z9
M204 S500
M205 X20 Y20
;TYPE:FILL
G1 F3600 X106.419 Y112.076 E712.17595
G1 X106.489 Y112.146
M204 S5000
M205 X30 Y30
G0 F7200 X106.474 Y112.117
G0 X107.871 Y110.157
M204 S500
M205 X20 Y20
G1 F3600 X103.574 Y114.455 E712.37809
G1 X103.504 Y114.525
M204 S5000
M205 X30 Y30
G0 F7200 X103.514 Y114.525
G0 X106.087 Y112.393
G0 X107.149 Y111.826
G0 X108.303 Y111.476
G0 X109.5 Y111.357
G0 X110.697 Y111.476
G0 X111.851 Y111.826
G0 X112.913 Y112.393
G0 X113.843 Y113.157
G0 X114.607 Y114.087
G0 X115.174 Y115.149
G0 X115.524 Y116.303
G0 X115.643 Y117.5
G0 X115.524 Y118.697
G0 X115.174 Y119.851
G0 X114.607 Y120.913
G0 X113.843 Y121.843
G0 X112.913 Y122.607
G0 X111.851 Y123.174
G0 X110.697 Y123.524
G0 X109.5 Y123.643
G0 X108.303 Y123.524
G0 X107.149 Y123.174
G0 X106.194 Y122.664
G0 X103.574 Y120.544
M204 S500
M205 X20 Y20
G1 F3600 X107.87 Y124.841 E712.58018
G1 X107.94 Y124.911
M204 S5000
M205 X30 Y30
G0 F7200 X107.94 Y124.902
G0 X110.158 Y124.841
M204 S500
M205 X20 Y20
G1 F3600 X111.633 Y123.366 E712.64956
M204 S5000
M205 X30 Y30
G0 F7200 X111.947 Y123.26
M204 S500
M205 X20 Y20
G1 F3600 X113.527 Y124.841 E712.7239
G1 X113.597 Y124.911
M204 S5000
M205 X30 Y30
G0 F7200 X113.597 Y124.902
G0 X115.814 Y124.841
M204 S500
M205 X20 Y20
G1 F3600 X120.077 Y120.579 E712.9244
G1 X120.147 Y120.509
M204 S5000
M205 X30 Y30
G0 F7200 X120.117 Y120.525
G0 X119.632 Y119.632
M204 S500
M205 X20 Y20
G1 F3600 X115.366 Y115.366 E713.12506
G1 X115.296 Y115.296
M204 S5000
M205 X30 Y30
G0 F7200 X114.922 Y114.42
M204 S500
M205 X20 Y20
G1 F3600 X119.185 Y110.157 E713.32558
G1 X119.255 Y110.087
M204 S5000
M205 X30 Y30
G0 F7200 X119.255 Y110.098
G0 X121.471 Y110.158
M204 S500
M205 X20 Y20
G1 F3600 X123.052 Y111.738 E713.39992
M204 S5000
M205 X30 Y30
G0 F7200 X123.367 Y111.632
M204 S500
M205 X20 Y20
G1 F3600 X124.842 Y110.157 E713.4693
G1 X124.912 Y110.087
M204 S5000
M205 X30 Y30
G0 F7200 X124.912 Y110.098
G0 X127.128 Y110.158
M204 S500
M205 X20 Y20
G1 F3600 X131.424 Y114.454 E713.67137
G1 X131.494 Y114.524
M204 S5000
M205 X30 Y30
G0 F7200 X131.486 Y114.524
G0 X128.578 Y112.077
M204 S500
M205 X20 Y20
G1 F3600 X130.499 Y110.157 E713.7617
G1 X130.569 Y110.087
M204 S5000
M205 X30 Y30
G0 F7200 X130.569 Y110.098
G0 X124.303 Y111.476
G0 X123.149 Y111.826
G0 X122.087 Y112.393
G0 X121.157 Y113.157
G0 X120.393 Y114.087
G0 X119.826 Y115.149
G0 X119.476 Y116.303
G0 X119.357 Y117.5
G0 X119.476 Y118.697
G0 X119.826 Y119.851
G0 X120.393 Y120.913
G0 X121.157 Y121.843
G0 X122.087 Y122.607
G0 X123.149 Y123.174
G0 X124.303 Y123.524
G0 X125.5 Y123.643
G0 X126.697 Y123.524
G0 X127.851 Y123.174
G0 X128.806 Y122.664
G0 X131.424 Y120.545
M204 S500
M205 X20 Y20
G1 F3600 X127.128 Y124.841 E713.96377
G1 X127.058 Y124.911
M204 S5000
M205 X30 Y30
G0 F7200 X127.058 Y124.902
G0 X124.841 Y124.841
M204 S500
M205 X20 Y20
G1 F3600 X123.367 Y123.367 E714.03311
M204 S5000
M205 X30 Y30
G0 F7200 X123.053 Y123.26
M204 S500
M205 X20 Y20
G1 F3600 X121.471 Y124.841 E714.1075
G1 X121.401 Y124.911
M204 S5000
M205 X30 Y30
G0 F7200 X121.401 Y124.902
G0 X119.184 Y124.841
M204 S500
M205 X20 Y20
G1 F3600 X114.921 Y120.578 E714.30801
G1 X114.851 Y120.508
M204 S5000
M205 X30 Y30
G0 F7200 X114.882 Y120.526
G0 X115.367 Y119.632
M204 S500
M205 X20 Y20
G1 F3600 X119.631 Y115.368 E714.50858
G1 X119.701 Y115.298
M204 S5000
M205 X30 Y30
G0 F7200 X120.077 Y114.42
M204 S500
M205 X20 Y20
G1 F3600 X115.814 Y110.158 E714.70908
G1 X115.744 Y110.088
M204 S5000
M205 X30 Y30
G0 F7200 X115.744 Y110.098
G0 X113.528 Y110.157
M204 S500
M205 X20 Y20
G1 F3600 X111.947 Y111.739 E714.78346
M204 S5000
M205 X30 Y30
G0 F7200 X111.631 Y111.631
M204 S500
M205 X20 Y20
G1 F3600 X110.158 Y110.158 E714.85275
G1 X110.088 Y110.088
M204 S5000
M205 X30 Y30
G0 F7200 X110.088 Y110.098
G0 X113.843 Y113.157
G0 X114.607 Y114.087
G0 X115.174 Y115.149
G0 X115.524 Y116.303
G0 X115.643 Y117.5
G0 X115.524 Y118.697
G0 X115.174 Y119.851
G0 X114.607 Y120.913
G0 X113.843 Y121.843
G0 X112.913 Y122.607
G0 X111.851 Y123.174
G0 X110.697 Y123.524
G0 X109.5 Y123.643
G0 X108.423 Y123.536
G0 X106.42 Y122.922
M204 S500
M205 X20 Y20
G1 F3600 X104.501 Y124.841 E714.94301
G1 X104.431 Y124.911
M204 S5000
M205 X30 Y30
G0 F7200 X104.431 Y124.902
G0 X125.5 Y123.643
G0 X126.577 Y123.536
G0 X128.579 Y122.922
M204 S500
M205 X20 Y20
G1 F3600 X130.497 Y124.841 E715.03325
G1 X130.567 Y124.911
M204 S5000
M205 X30 Y30
G0 F7200 X130.567 Y124.902
G0 X124.303 Y123.524
G0 X123.149 Y123.174
G0 X122.087 Y122.607
G0 X121.157 Y121.843
G0 X120.393 Y120.913
G0 X119.826 Y119.851
G0 X119.476 Y118.697
G0 X119.357 Y117.5
G0 X119.476 Y116.303
G0 X119.826 Y115.149
G0 X120.393 Y114.087
G0 X121.157 Y113.157
G0 X122.087 Y112.393
G0 X123.149 Y111.826
G0 X124.083 Y111.543
G0 X125.5 Y111.297
G0 X125.5 Y111.397
M204 S500
M205 X20 Y20
;TYPE:WALL-INNER
G1 F3600 X124.31 Y111.515 E715.07303
G1 X123.164 Y111.862 E715.11285
G1 X122.109 Y112.426 E715.15264
G1 X121.185 Y113.185 E715.19241
G1 X120.426 Y114.109 E715.23218
G1 X119.862 Y115.164 E715.27197
G1 X119.515 Y116.31 E715.3118
G1 X119.397 Y117.5 E715.35157
G1 X119.515 Y118.69 E715.39135
G1 X119.862 Y119.836 E715.43117
G1 X120.426 Y120.891 E715.47096
G1 X121.185 Y121.815 E715.51073
G1 X122.109 Y122.574 E715.5505
G1 X123.164 Y123.138 E715.59029
G1 X124.31 Y123.485 E715.63012
G1 X125.5 Y123.603 E715.66989
G1 X126.69 Y123.485 E715.70966
G1 X127.836 Y123.138 E715.74949
G1 X128.891 Y122.574 E715.78928
G1 X129.815 Y121.815 E715.82905
G1 X130.574 Y120.891 E715.86882
G1 X131.138 Y119.836 E715.90861
G1 X131.193 Y119.656 E715.91487
G1 X131.485 Y118.69 E715.94843
G1 X131.586 Y117.671 E715.98249
G1 X131.586 Y118.69 E715.98674
G1 X131.586 Y119.699 E716.0079
G1 X131.586 Y125.002 E716.18427
G1 X103.414 Y125.002 E717.12128
G1 X103.414 Y119.699 E717.29766
G1 X103.414 Y118.69 E717.33122
G1 X103.414 Y117.671 E717.36511
G1 X103.515 Y118.69 E717.3695
G1 X103.807 Y119.656 E717.39065
G1 X103.862 Y119.836 E717.39691
G1 X104.426 Y120.891 E717.4367
G1 X105.185 Y121.815 E717.47647
G1 X106.109 Y122.574 E717.51624
G1 X107.164 Y123.138 E717.55603
G1 X108.31 Y123.485 E717.59586
G1 X109.5 Y123.603 E717.63563
G1 X110.69 Y123.485 E717.67541
G1 X111.836 Y123.138 E717.71523
G1 X112.891 Y122.574 E717.75502
G1 X113.815 Y121.815 E717.79479
G1 X114.574 Y120.891 E717.83456
G1 X115.138 Y119.836 E717.87435
G1 X115.485 Y118.69 E717.91418
G1 X115.603 Y117.5 E717.95395
G1 X115.485 Y116.31 E717.99372
G1 X115.138 Y115.164 E718.03355
G1 X114.574 Y114.109 E718.07334
G1 X113.815 Y113.185 E718.11311
G1 X112.891 Y112.426 E718.15288
G1 X111.836 Y111.862 E718.19267
G1 X110.69 Y111.515 E718.23249
G1 X109.5 Y111.397 E718.27227
G1 X108.31 Y111.515 E718.31204
G1 X107.164 Y111.862 E718.35187
G1 X106.109 Y112.426 E718.39166
G1 X105.185 Y113.185 E718.43143
G1 X104.426 Y114.109 E718.4712
G1 X103.862 Y115.164 E718.51099
G1 X103.807 Y115.344 E718.51725
G1 X103.515 Y116.31 E718.55081
G1 X103.414 Y117.329 E718.58487
G1 X103.414 Y116.31 E718.58912
G1 X103.414 Y115.301 E718.61027
G1 X103.414 Y109.998 E718.78665
G1 X131.586 Y109.998 E719.72366
G1 X131.586 Y115.301 E719.90004
G1 X131.586 Y116.31 E719.93359
G1 X131.586 Y117.329 E719.96749
G1 X131.485 Y116.31 E719.97187
G1 X131.193 Y115.344 E719.99303
G1 X131.138 Y115.164 E719.99929
G1 X130.574 Y114.109 E720.03908
G1 X129.815 Y113.185 E720.07885
G1 X128.891 Y112.426 E720.11862
G1 X127.836 Y111.862 E720.15841
G1 X126.69 Y111.515 E720.19824
G1 X125.5 Y111.397 E720.23801
M204 S5000
M205 X30 Y30
G0 F7200 X125.5 Y111.297
G0 X131.516 Y110.068
G0 X131.873 Y109.667
M204 S500
M205 X20 Y20
;TYPE:WALL-OUTER
G1 F1800 X131.986 Y109.825 E720.24447
G1 X131.986 Y125.175 E720.75501
G1 X131.873 Y125.333 E720.76148
G1 X131.682 Y125.402 E720.76823
G1 X103.318 Y125.402 E721.71162
G1 X103.127 Y125.333 E721.71837
G1 X103.014 Y125.175 E721.72484
G1 X103.014 Y109.825 E722.23538
G1 X103.127 Y109.667 E722.24184
G1 X103.318 Y109.598 E722.24859
G1 X131.682 Y109.598 E723.19198
G1 X131.873 Y109.667 E723.19874
M204 S5000
M205 X30 Y30
G0 F7200 X131.986 Y109.825
G0 X131.986 Y109.831
G0 X131.516 Y110.068
G0 X124.303 Y111.476
G0 X123.149 Y111.826
G0 X122.087 Y112.393
G0 X121.157 Y113.157
G0 X120.393 Y114.087
G0 X119.826 Y115.149
G0 X119.543 Y116.083
G0 X119.302 Y117.452
G0 X119.799 Y117.5
M204 S500
M205 X20 Y20
G1 F1800 X119.909 Y118.612 E723.2359
G1 X120.233 Y119.682 E723.27309
G1 X120.76 Y120.668 E723.31027
G1 X121.469 Y121.531 E723.34742
G1 X122.332 Y122.24 E723.38457
G1 X123.318 Y122.767 E723.42175
G1 X124.388 Y123.091 E723.45894
G1 X125.5 Y123.201 E723.4961
G1 X126.612 Y123.091 E723.53327
G1 X127.682 Y122.767 E723.57045
G1 X128.668 Y122.24 E723.60764
G1 X129.531 Y121.531 E723.64479
G1 X130.24 Y120.668 E723.68193
G1 X130.767 Y119.682 E723.71912
G1 X131.091 Y118.612 E723.7563
G1 X131.201 Y117.5 E723.79347
G1 X131.091 Y116.388 E723.83064
G1 X130.767 Y115.318 E723.86782
G1 X130.24 Y114.332 E723.905
G1 X129.531 Y113.469 E723.94215
G1 X128.668 Y112.76 E723.9793
G1 X127.682 Y112.233 E724.01649
G1 X126.612 Y111.909 E724.05367
G1 X125.5 Y111.799 E724.09084
G1 X124.388 Y111.909 E724.128
G1 X123.318 Y112.233 E724.16519
G1 X122.332 Y112.76 E724.20237
G1 X121.469 Y113.469 E724.23952
G1 X120.76 Y114.332 E724.27667
G1 X120.233 Y115.318 E724.31385
G1 X119.909 Y116.388 E724.35103
G1 X119.799 Y117.5 E724.3882
M204 S5000
M205 X30 Y30
G0 F7200 X119.818 Y117.699
G0 X119.321 Y117.747
G0 X112.913 Y112.393
G0 X111.851 Y111.826
G0 X110.697 Y111.476
G0 X109.5 Y111.357
G0 X108.303 Y111.476
G0 X107.149 Y111.826
G0 X106.087 Y112.393
G0 X105.157 Y113.157
G0 X104.393 Y114.087
G0 X103.826 Y115.149
G0 X103.511 Y116.187
G0 X103.418 Y117.229
G0 X103.799 Y117.5
M204 S500
M205 X20 Y20
G1 F1800 X103.909 Y118.612 E724.42537
G1 X104.233 Y119.682 E724.46255
G1 X104.76 Y120.668 E724.49974
G1 X105.469 Y121.531 E724.53688
G1 X106.332 Y122.24 E724.57403
G1 X107.318 Y122.767 E724.61122
G1 X108.388 Y123.091 E724.6484
G1 X109.5 Y123.201 E724.68557
G1 X110.612 Y123.091 E724.72273
G1 X111.682 Y122.767 E724.75992
G1 X112.668 Y122.24 E724.7971
G1 X113.531 Y121.531 E724.83425
G1 X114.24 Y120.668 E724.8714
G1 X114.767 Y119.682 E724.90858
G1 X115.091 Y118.612 E724.94577
G1 X115.201 Y117.5 E724.98293
G1 X115.091 Y116.388 E725.0201
G1 X114.767 Y115.318 E725.05728
G1 X114.24 Y114.332 E725.09447
G1 X113.531 Y113.469 E725.13161
G1 X112.668 Y112.76 E725.16876
G1 X111.682 Y112.233 E725.20595
G1 X110.612 Y111.909 E725.24313
G1 X109.5 Y111.799 E725.2803
G1 X108.388 Y111.909 E725.31746
G1 X107.318 Y112.233 E725.35465
G1 X106.332 Y112.76 E725.39183
G1 X105.469 Y113.469 E725.42898
G1 X104.76 Y114.332 E725.46613
G1 X104.233 Y115.318 E725.50331
G1 X103.909 Y116.388 E725.5405
G1 X103.799 Y117.5 E725.57766
M204 S5000
M205 X30 Y30
G0 F7200 X103.818 Y117.699
G0 X103.464 Y118.68
G0 X103.608 Y120.013
G0 X103.745 Y120.15
M204 S500
M205 X20 Y20
;TYPE:SKIN
G1 F1800 X103.673 Y120.361 E725.58718
M204 S5000
M205 X30 Y30
G0 F7200 X103.608 Y120.296
G0 X105.157 Y121.843
G0 X106.087 Y122.607
G0 X107.149 Y123.174
G0 X108.303 Y123.524
G0 X109.5 Y123.643
G0 X110.697 Y123.524
G0 X111.851 Y123.174
G0 X112.913 Y122.607
G0 X113.843 Y121.843
G0 X114.607 Y120.913
G0 X115.174 Y119.851
G0 X115.524 Y118.697
G0 X115.643 Y117.5
G0 X115.524 Y116.303
G0 X115.174 Y115.149
G0 X114.607 Y114.087
G0 X113.843 Y113.157
G0 X112.913 Y112.393
G0 X111.851 Y111.826
G0 X110.697 Y111.476
G0 X109.5 Y111.357
G0 X108.303 Y111.476
G0 X107.149 Y111.826
G0 X106.087 Y112.393
G0 X105.157 Y113.157
G0 X103.713 Y115.027
G0 X103.66 Y114.974
M204 S500
M205 X20 Y20
G1 F1800 X103.71 Y114.741 E725.59208
G1 X103.881 Y114.629 E725.59627
M204 S5000
M205 X30 Y30
G0 F7200 X103.91 Y114.658
G0 X103.442 Y110.026
G0 X128.746 Y110.026
G0 X131.117 Y114.712
G0 X131.253 Y114.848
M204 S500
M205 X20 Y20
G1 F1800 X131.325 Y114.637 E725.60578
M204 S5000
M205 X30 Y30
G0 F7200 X131.26 Y114.573
G0 X129.843 Y113.157
G0 X128.913 Y112.393
G0 X127.851 Y111.826
G0 X126.697 Y111.476
G0 X125.5 Y111.357
G0 X124.303 Y111.476
G0 X123.149 Y111.826
G0 X122.087 Y112.393
G0 X121.157 Y113.157
G0 X120.393 Y114.087
G0 X119.826 Y115.149
G0 X119.476 Y116.303
G0 X119.357 Y117.5
G0 X119.476 Y118.697
G0 X119.826 Y119.851
G0 X120.393 Y120.913
G0 X121.157 Y121.843
G0 X122.087 Y122.607
G0 X123.149 Y123.174
G0 X124.303 Y123.524
G0 X125.5 Y123.643
G0 X126.697 Y123.524
G0 X127.851 Y123.174
G0 X128.913 Y122.607
G0 X129.843 Y121.843
G0 X131.285 Y119.971
G0 X131.337 Y120.023
M204 S500
M205 X20 Y20
G1 F1800 X131.288 Y120.257 E725.61068
G1 X131.117 Y120.369 E725.61487
M204 S5000
M205 X30 Y30
G0 F7200 X131.186 Y120.437
;MESH:NONMESH
G0 X129.843 Y121.843
G0 X128.913 Y122.607
G0 X127.851 Y123.174
G0 X126.697 Y123.524
G0 X125.5 Y123.643
G0 X124.303 Y123.524
G0 X123.149 Y123.174
G0 X122.087 Y122.607
G0 X121.157 Y121.843
G0 X120.393 Y120.913
G0 X119.826 Y119.851
G0 X119.476 Y118.697
G0 X119.357 Y117.5
G0 X119.476 Y116.303
G0 X119.826 Y115.149
G0 X120.393 Y114.087
G0 X121.157 Y113.157
G0 X122.087 Y112.393
G0 X123.149 Y111.826
G0 X124.083 Y111.543
G0 X125.5 Y111.297
G0 X125.5 Y111.397
;TIME_ELAPSED:783.216093
;LAYER:45
;MESH:listwa_mocujaca.stl
G0 X125.5 Y111.397 Z9.2
M204 S500
M205 X20 Y20
;TYPE:WALL-INNER
G1 F3600 X124.31 Y111.515 E725.65464
G1 X123.164 Y111.862 E725.69447
G1 X122.109 Y112.426 E725.73425
G1 X121.185 Y113.185 E725.77403
G1 X120.426 Y114.109 E725.8138
G1 X119.862 Y115.164 E725.85359
G1 X119.515 Y116.31 E725.89341
G1 X119.397 Y117.5 E725.93318
G1 X119.507 Y118.612 E725.97035
G1 X119.536 Y118.763 E725.97546
G1 X119.862 Y119.836 E726.01276
G1 X120.426 Y120.891 E726.05255
G1 X121.185 Y121.815 E726.09232
G1 X122.109 Y122.574 E726.1321
G1 X123.164 Y123.138 E726.17188
G1 X124.31 Y123.485 E726.21171
G1 X125.5 Y123.603 E726.25148
G1 X126.69 Y123.485 E726.29126
G1 X127.836 Y123.138 E726.33108
G1 X128.891 Y122.574 E726.37087
G1 X129.815 Y121.815 E726.41064
G1 X130.574 Y120.891 E726.45041
G1 X131.138 Y119.836 E726.4902
G1 X131.193 Y119.656 E726.49646
G1 X131.485 Y118.69 E726.53003
G1 X131.586 Y117.671 E726.56409
G1 X131.586 Y118.69 E726.56834
G1 X131.586 Y119.699 E726.58949
G1 X131.586 Y125.002 E726.76587
G1 X103.414 Y125.002 E727.70287
G1 X103.414 Y119.699 E727.87925
G1 X103.414 Y118.69 E727.91281
G1 X103.414 Y117.671 E727.9467
G1 X103.515 Y118.69 E727.95109
G1 X103.807 Y119.656 E727.97225
G1 X103.862 Y119.836 E727.97851
G1 X104.426 Y120.891 E728.01829
G1 X105.185 Y121.815 E728.05807
G1 X106.109 Y122.574 E728.09784
G1 X107.164 Y123.138 E728.13763
G1 X108.31 Y123.485 E728.17745
G1 X109.5 Y123.603 E728.21723
G1 X110.69 Y123.485 E728.257
G1 X111.836 Y123.138 E728.29682
G1 X112.891 Y122.574 E728.33661
G1 X113.815 Y121.815 E728.37638
G1 X114.574 Y120.891 E728.41616
G1 X115.138 Y119.836 E728.45594
G1 X115.485 Y118.69 E728.49577
G1 X115.603 Y117.5 E728.53554
G1 X115.485 Y116.31 E728.57532
G1 X115.138 Y115.164 E728.61514
G1 X114.574 Y114.109 E728.65493
G1 X113.815 Y113.185 E728.6947
G1 X112.891 Y112.426 E728.73447
G1 X111.836 Y111.862 E728.77426
G1 X110.69 Y111.515 E728.81409
G1 X109.5 Y111.397 E728.85386
G1 X108.31 Y111.515 E728.89363
G1 X107.164 Y111.862 E728.93346
G1 X106.109 Y112.426 E728.97325
G1 X105.185 Y113.185 E729.01302
G1 X104.426 Y114.109 E729.05279
G1 X103.862 Y115.164 E729.09258
G1 X103.807 Y115.344 E729.09884
G1 X103.515 Y116.31 E729.13241
G1 X103.414 Y117.329 E729.16646
G1 X103.414 Y116.31 E729.17071
G1 X103.414 Y115.301 E729.19187
G1 X103.414 Y109.998 E729.36825
G1 X131.586 Y109.998 E730.30525
G1 X131.586 Y115.301 E730.48163
G1 X131.586 Y116.31 E730.51519
G1 X131.586 Y117.329 E730.54908
G1 X131.485 Y116.31 E730.55347
G1 X131.193 Y115.344 E730.57462
G1 X131.138 Y115.164 E730.58088
G1 X130.574 Y114.109 E730.62067
G1 X129.815 Y113.185 E730.66044
G1 X128.891 Y112.426 E730.70022
G1 X127.836 Y111.862 E730.74
G1 X126.69 Y111.515 E730.77983
G1 X125.5 Y111.397 E730.8196
M204 S5000
M205 X30 Y30
G0 F7200 X125.5 Y111.297
G0 X131.516 Y110.068
G0 X131.873 Y109.667
M204 S500
M205 X20 Y20
;TYPE:WALL-OUTER
G1 F1800 X131.986 Y109.825 E730.82606
G1 X131.986 Y125.175 E731.33661
G1 X131.873 Y125.333 E731.34307
G1 X131.682 Y125.402 E731.34982
G1 X103.318 Y125.402 E732.29321
G1 X103.127 Y125.333 E732.29997
G1 X103.014 Y125.175 E732.30643
G1 X103.014 Y109.825 E732.81697
G1 X103.127 Y109.667 E732.82343
G1 X103.318 Y109.598 E732.83019
G1 X131.682 Y109.598 E733.77358
G1 X131.873 Y109.667 E733.78033
M204 S5000
M205 X30 Y30
G0 F7200 X131.986 Y109.825
G0 X131.986 Y109.831
G0 X131.516 Y110.068
G0 X124.303 Y111.476
G0 X123.149 Y111.826
G0 X122.087 Y112.393
G0 X121.157 Y113.157
G0 X120.393 Y114.087
G0 X119.826 Y115.149
G0 X119.476 Y116.303
G0 X119.357 Y117.5
G0 X119.498 Y118.772
G0 X119.826 Y119.851
G0 X120.393 Y120.913
G0 X121.157 Y121.843
G0 X122.087 Y122.607
G0 X123.149 Y123.174
G0 X124.083 Y123.457
G0 X125.452 Y123.698
G0 X125.5 Y123.201
M204 S500
M205 X20 Y20
G1 F1800 X126.612 Y123.091 E733.8175
G1 X127.682 Y122.767 E733.85468
G1 X128.668 Y122.24 E733.89187
G1 X129.531 Y121.531 E733.92901
G1 X130.24 Y120.668 E733.96616
G1 X130.767 Y119.682 E734.00335
G1 X131.091 Y118.612 E734.04053
G1 X131.201 Y117.5 E734.0777
G1 X131.091 Y116.388 E734.11486
G1 X130.767 Y115.318 E734.15205
G1 X130.24 Y114.332 E734.18923
G1 X129.531 Y113.469 E734.22638
G1 X128.668 Y112.76 E734.26353
G1 X127.682 Y112.233 E734.30071
G1 X126.612 Y111.909 E734.3379
G1 X125.5 Y111.799 E734.37506
G1 X124.388 Y111.909 E734.41223
G1 X123.318 Y112.233 E734.44941
G1 X122.332 Y112.76 E734.4866
G1 X121.469 Y113.469 E734.52375
G1 X120.76 Y114.332 E734.56089
G1 X120.233 Y115.318 E734.59808
G1 X119.909 Y116.388 E734.63526
G1 X119.799 Y117.5 E734.67243
G1 X119.903 Y118.554 E734.70765
G1 X119.925 Y118.666 E734.71145
G1 X120.233 Y119.682 E734.74676
G1 X120.76 Y120.668 E734.78395
G1 X121.469 Y121.531 E734.82109
G1 X122.332 Y122.24 E734.85824
G1 X123.318 Y122.767 E734.89543
G1 X124.388 Y123.091 E734.93261
G1 X125.5 Y123.201 E734.96978
M204 S5000
M205 X30 Y30
G0 F7200 X125.699 Y123.182
G0 X125.747 Y123.679
G0 X124.303 Y123.524
G0 X123.149 Y123.174
G0 X122.087 Y122.607
G0 X121.157 Y121.843
G0 X120.393 Y120.913
G0 X119.826 Y119.851
G0 X119.468 Y118.617
G0 X119.357 Y117.5
G0 X119.476 Y116.303
G0 X119.826 Y115.149
G0 X120.393 Y114.087
G0 X121.157 Y113.157
G0 X103.442 Y110.026
G0 X103.418 Y117.229
G0 X103.799 Y117.5
M204 S500
M205 X20 Y20
G1 F1800 X103.909 Y118.612 E735.00694
G1 X104.233 Y119.682 E735.04413
G1 X104.76 Y120.668 E735.08131
G1 X105.469 Y121.531 E735.11846
G1 X106.332 Y122.24 E735.15561
G1 X107.318 Y122.767 E735.19279
G1 X108.388 Y123.091 E735.22998
G1 X109.5 Y123.201 E735.26714
G1 X110.612 Y123.091 E735.30431
G1 X111.682 Y122.767 E735.34149
G1 X112.668 Y122.24 E735.37868
G1 X113.531 Y121.531 E735.41583
G1 X114.24 Y120.668 E735.45297
G1 X114.767 Y119.682 E735.49016
G1 X115.091 Y118.612 E735.52734
G1 X115.201 Y117.5 E735.56451
G1 X115.091 Y116.388 E735.60167
G1 X114.767 Y115.318 E735.63886
G1 X114.24 Y114.332 E735.67604
G1 X113.531 Y113.469 E735.71319
G1 X112.668 Y112.76 E735.75034
G1 X111.682 Y112.233 E735.78752
G1 X110.612 Y111.909 E735.82471
G1 X109.5 Y111.799 E735.86187
G1 X108.388 Y111.909 E735.89904
G1 X107.318 Y112.233 E735.93622
G1 X106.332 Y112.76 E735.97341
G1 X105.469 Y113.469 E736.01056
G1 X104.76 Y114.332 E736.0477
G1 X104.233 Y115.318 E736.08489
G1 X103.909 Y116.388 E736.12207
G1 X103.799 Y117.5 E736.15924
M204 S5000
M205 X30 Y30
G0 F7200 X103.818 Y117.699
G0 X103.464 Y118.68
G0 X103.804 Y120.555
M204 S500
M205 X20 Y20
;TYPE:SKIN
G1 F1800 X104.1 Y121.109 E736.18013
G1 X104.908 Y122.092 E736.22245
G1 X105.891 Y122.9 E736.26478
G1 X107.014 Y123.5 E736.30712
G1 X108.234 Y123.869 E736.34952
G1 X109.5 Y123.995 E736.39183
G1 X110.766 Y123.869 E736.43415
G1 X111.986 Y123.5 E736.47654
G1 X113.109 Y122.9 E736.51889
G1 X114.092 Y122.092 E736.56121
G1 X114.9 Y121.109 E736.60353
G1 X115.5 Y119.986 E736.64588
G1 X115.869 Y118.766 E736.68827
G1 X115.995 Y117.5 E736.73059
G1 X115.869 Y116.234 E736.7729
G1 X115.5 Y115.014 E736.8153
G1 X114.9 Y113.891 E736.85764
G1 X114.092 Y112.908 E736.89997
G1 X113.109 Y112.1 E736.94229
G1 X111.986 Y111.5 E736.98464
G1 X110.766 Y111.131 E737.02703
G1 X109.5 Y111.005 E737.06934
G1 X108.234 Y111.131 E737.11166
G1 X107.014 Y111.5 E737.15405
G1 X105.891 Y112.1 E737.1964
G1 X104.908 Y112.908 E737.23872
G1 X104.1 Y113.891 E737.28105
G1 X103.804 Y114.445 E737.30194
G1 X103.804 Y110.388 E737.43687
G1 X131.196 Y110.388 E738.34793
G1 X131.196 Y114.445 E738.48287
G1 X130.9 Y113.891 E738.50376
G1 X130.092 Y112.908 E738.54608
G1 X129.109 Y112.1 E738.58841
G1 X127.986 Y111.5 E738.63075
G1 X126.766 Y111.131 E738.67315
G1 X125.5 Y111.005 E738.71546
G1 X124.234 Y111.131 E738.75778
G1 X123.014 Y111.5 E738.80017
G1 X121.891 Y112.1 E738.84252
G1 X120.908 Y112.908 E738.88484
G1 X120.1 Y113.891 E738.92716
G1 X119.5 Y115.014 E738.96951
G1 X119.131 Y116.234 E739.0119
G1 X119.005 Y117.5 E739.05422
G1 X119.121 Y118.669 E739.09329
G1 X119.157 Y118.857 E739.09966
G1 X119.5 Y119.986 E739.1389
G1 X120.1 Y121.109 E739.18125
G1 X120.908 Y122.092 E739.22357
G1 X121.891 Y122.9 E739.2659
G1 X123.014 Y123.5 E739.30824
G1 X124.234 Y123.869 E739.35064
G1 X125.5 Y123.995 E739.39295
G1 X126.766 Y123.869 E739.43527
G1 X127.986 Y123.5 E739.47766
G1 X129.109 Y122.9 E739.52001
G1 X130.092 Y122.092 E739.56233
G1 X130.9 Y121.109 E739.60465
G1 X131.196 Y120.555 E739.62554
G1 X131.196 Y124.612 E739.76048
G1 X103.804 Y124.612 E740.67154
G1 X103.804 Y120.555 E740.80648
M204 S5000
M205 X30 Y30
G0 F7200 X105.157 Y121.843
G0 X106.087 Y122.607
G0 X107.149 Y123.174
G0 X108.303 Y123.524
G0 X109.5 Y123.643
G0 X110.697 Y123.524
G0 X111.851 Y123.174
G0 X112.913 Y122.607
G0 X113.843 Y121.843
G0 X114.607 Y120.913
G0 X115.174 Y119.851
G0 X115.524 Y118.697
G0 X115.643 Y117.5
G0 X115.524 Y116.303
G0 X115.174 Y115.149
G0 X114.607 Y114.087
G0 X113.843 Y113.157
G0 X112.913 Y112.393
G0 X111.851 Y111.826
G0 X110.697 Y111.476
G0 X103.984 Y110.976
M204 S500
M205 X20 Y20
G1 F1800 X104.393 Y110.567 E740.82572
M204 S5000
M205 X30 Y30
G0 F7200 X104.958 Y110.567
M204 S500
M205 X20 Y20
G1 F1800 X103.984 Y111.541 E740.87153
M204 S5000
M205 X30 Y30
G0 F7200 X103.984 Y112.107
M204 S500
M205 X20 Y20
G1 F1800 X105.524 Y110.567 E740.94397
G1 X105.594 Y110.497
M204 S5000
M205 X30 Y30
G0 F7200 X105.897 Y111.891
M204 S500
M205 X20 Y20
G1 F1800 X107.221 Y110.567 E741.00624
M204 S5000
M205 X30 Y30
G0 F7200 X106.655 Y110.567
M204 S500
M205 X20 Y20
G1 F1800 X103.984 Y113.238 E741.13188
M204 S5000
M205 X30 Y30
G0 F7200 X103.984 Y112.673
M204 S500
M205 X20 Y20
G1 F1800 X106.09 Y110.567 E741.23094
G1 X106.16 Y110.497
M204 S5000
M205 X30 Y30
G0 F7200 X107.056 Y111.297
M204 S500
M205 X20 Y20
G1 F1800 X107.787 Y110.567 E741.2653
M204 S5000
M205 X30 Y30
G0 F7200 X108.109 Y110.81
M204 S500
M205 X20 Y20
G1 F1800 X108.743 Y110.741 E741.2916
G1 X110.988 Y110.76 E741.38418
G1 X111.988 Y110.891 E741.42577
M204 S5000
M205 X30 Y30
G0 F7200 X112.092 Y111.353
M204 S500
M205 X20 Y20
G1 F1800 X112.878 Y110.567 E741.46274
M204 S5000
M205 X30 Y30
G0 F7200 X113.443 Y110.567
M204 S500
M205 X20 Y20
G1 F1800 X112.461 Y111.55 E741.50895
M204 S5000
M205 X30 Y30
G0 F7200 X112.829 Y111.747
M204 S500
M205 X20 Y20
G1 F1800 X114.009 Y110.567 E741.56446
M204 S5000
M205 X30 Y30
G0 F7200 X114.575 Y110.567
M204 S500
M205 X20 Y20
G1 F1800 X113.197 Y111.944 E741.62925
M204 S5000
M205 X30 Y30
G0 F7200 X113.51 Y112.198
M204 S500
M205 X20 Y20
G1 F1800 X115.141 Y110.567 E741.70597
M204 S5000
M205 X30 Y30
G0 F7200 X115.706 Y110.567
M204 S500
M205 X20 Y20
G1 F1800 X113.82 Y112.453 E741.79468
M204 S5000
M205 X30 Y30
G0 F7200 X114.131 Y112.707
M204 S500
M205 X20 Y20
G1 F1800 X116.272 Y110.567 E741.89536
M204 S5000
M205 X30 Y30
G0 F7200 X116.838 Y110.567
M204 S500
M205 X20 Y20
G1 F1800 X114.402 Y113.002 E742.00992
M204 S5000
M205 X30 Y30
G0 F7200 X114.658 Y113.313
M204 S500
M205 X20 Y20
G1 F1800 X117.403 Y110.567 E742.13906
M204 S5000
M205 X30 Y30
G0 F7200 X117.969 Y110.567
M204 S500
M205 X20 Y20
G1 F1800 X114.913 Y113.623 E742.28281
M204 S5000
M205 X30 Y30
G0 F7200 X115.141 Y113.961
M204 S500
M205 X20 Y20
G1 F1800 X118.535 Y110.567 E742.44245
M204 S5000
M205 X30 Y30
G0 F7200 X119.1 Y110.567
M204 S500
M205 X20 Y20
G1 F1800 X115.338 Y114.329 E742.6194
M204 S5000
M205 X30 Y30
G0 F7200 X115.535 Y114.698
M204 S500
M205 X20 Y20
G1 F1800 X119.666 Y110.567 E742.81371
M204 S5000
M205 X30 Y30
G0 F7200 X120.232 Y110.567
M204 S500
M205 X20 Y20
G1 F1800 X115.71 Y115.088 E743.02639
M204 S5000
M205 X30 Y30
G0 F7200 X115.842 Y115.522
M204 S500
M205 X20 Y20
G1 F1800 X120.797 Y110.567 E743.25946
M204 S5000
M205 X30 Y30
G0 F7200 X121.363 Y110.567
M204 S500
M205 X20 Y20
G1 F1800 X115.973 Y115.957 E743.51299
M204 S5000
M205 X30 Y30
G0 F7200 X116.069 Y116.427
M204 S500
M205 X20 Y20
G1 F1800 X121.929 Y110.567 E743.78862
M204 S5000
M205 X30 Y30
G0 F7200 X122.494 Y110.567
M204 S500
M205 X20 Y20
G1 F1800 X116.121 Y116.941 E744.08841
M204 S5000
M205 X30 Y30
G0 F7200 X116.172 Y117.455
M204 S500
M205 X20 Y20
G1 F1800 X120.458 Y113.169 E744.29001
G1 X120.528 Y113.099
M204 S5000
M205 X30 Y30
G0 F7200 X121.166 Y112.461
M204 S500
M205 X20 Y20
G1 F1800 X123.06 Y110.567 E744.3791
M204 S5000
M205 X30 Y30
G0 F7200 X123.626 Y110.567
M204 S500
M205 X20 Y20
G1 F1800 X122.765 Y111.428 E744.4196
G1 X122.695 Y111.498
M204 S5000
M205 X30 Y30
G0 F7200 X123.635 Y111.123
G0 X123.913 Y110.845
M204 S500
M205 X20 Y20
G1 F1800 X124.573 Y110.751 E744.44701
G1 X126.834 Y110.752 E744.53997
G1 X127.846 Y110.872 E744.58187
M204 S5000
M205 X30 Y30
G0 F7200 X127.975 Y111.309
M204 S500
M205 X20 Y20
G1 F1800 X128.717 Y110.567 E744.61677
M204 S5000
M205 X30 Y30
G0 F7200 X129.283 Y110.567
M204 S500
M205 X20 Y20
G1 F1800 X128.356 Y111.494 E744.66038
M204 S5000
M205 X30 Y30
G0 F7200 X128.725 Y111.691
M204 S500
M205 X20 Y20
G1 F1800 X129.848 Y110.567 E744.71322
M204 S5000
M205 X30 Y30
G0 F7200 X130.414 Y110.567
M204 S500
M205 X20 Y20
G1 F1800 X129.093 Y111.888 E744.77536
M204 S5000
M205 X30 Y30
G0 F7200 X129.422 Y112.125
M204 S500
M205 X20 Y20
G1 F1800 X130.98 Y110.567 E744.84864
M204 S5000
M205 X30 Y30
G0 F7200 X131.014 Y111.098
M204 S500
M205 X20 Y20
G1 F1800 X129.732 Y112.38 E744.90894
M204 S5000
M205 X30 Y30
G0 F7200 X130.043 Y112.635
M204 S500
M205 X20 Y20
G1 F1800 X131.014 Y111.664 E744.95462
M204 S5000
M205 X30 Y30
G0 F7200 X131.014 Y112.229
M204 S500
M205 X20 Y20
G1 F1800 X130.329 Y112.915 E744.98686
M204 S5000
M205 X30 Y30
G0 F7200 X130.799 Y113.01
M204 S500
M205 X20 Y20
G1 F1800 X130.927 Y113.448 E745.01528
M204 S5000
M205 X30 Y30
G0 F7200 X130.84 Y113.535
G0 X127.851 Y111.826
G0 X126.697 Y111.476
G0 X125.5 Y111.357
G0 X124.303 Y111.476
G0 X123.149 Y111.826
G0 X122.087 Y112.393
G0 X121.157 Y113.157
G0 X120.393 Y114.087
G0 X119.826 Y115.149
G0 X119.476 Y116.303
G0 X119.357 Y117.5
G0 X119.498 Y118.772
G0 X119.826 Y119.851
G0 X120.393 Y120.913
G0 X121.157 Y121.843
G0 X122.087 Y122.607
G0 X123.149 Y123.174
G0 X124.303 Y123.524
G0 X125.5 Y123.643
G0 X126.697 Y123.524
G0 X127.851 Y123.174
G0 X128.452 Y122.853
G0 X131.006 Y121.289
M204 S500
M205 X20 Y20
G1 F1800 X130.879 Y121.416 E745.02126
M204 S5000
M205 X30 Y30
G0 F7200 X131.015 Y121.845
M204 S500
M205 X20 Y20
G1 F1800 X128.428 Y124.432 E745.14294
M204 S5000
M205 X30 Y30
G0 F7200 X128.994 Y124.432
M204 S500
M205 X20 Y20
G1 F1800 X131.015 Y122.411 E745.238
M204 S5000
M205 X30 Y30
G0 F7200 X131.015 Y122.977
M204 S500
M205 X20 Y20
G1 F1800 X129.56 Y124.432 E745.30644
M204 S5000
M205 X30 Y30
G0 F7200 X130.126 Y124.432
M204 S500
M205 X20 Y20
G1 F1800 X131.015 Y123.542 E745.34828
M204 S5000
M205 X30 Y30
G0 F7200 X131.015 Y124.108
M204 S500
M205 X20 Y20
G1 F1800 X130.691 Y124.432 E745.36352
M204 S5000
M205 X30 Y30
G0 F7200 X129.41 Y122.885
M204 S500
M205 X20 Y20
G1 F1800 X127.863 Y124.432 E745.43629
M204 S5000
M205 X30 Y30
G0 F7200 X127.297 Y124.432
M204 S500
M205 X20 Y20
G1 F1800 X128.071 Y123.658 E745.4727
G1 X128.141 Y123.588
M204 S5000
M205 X30 Y30
G0 F7200 X127.255 Y123.909
G0 X126.993 Y124.17
M204 S500
M205 X20 Y20
G1 F1800 X126.345 Y124.252 E745.4996
G1 X124.092 Y124.243 E745.59241
G1 X123.086 Y124.118 E745.63417
M204 S5000
M205 X30 Y30
G0 F7200 X122.965 Y123.672
M204 S500
M205 X20 Y20
G1 F1800 X122.206 Y124.432 E745.6699
M204 S5000
M205 X30 Y30
G0 F7200 X121.64 Y124.432
M204 S500
M205 X20 Y20
G1 F1800 X122.594 Y123.478 E745.71477
M204 S5000
M205 X30 Y30
G0 F7200 X122.225 Y123.281
M204 S500
M205 X20 Y20
G1 F1800 X121.075 Y124.432 E745.76889
M204 S5000
M205 X30 Y30
G0 F7200 X120.509 Y124.432
M204 S500
M205 X20 Y20
G1 F1800 X121.857 Y123.084 E745.83229
M204 S5000
M205 X30 Y30
G0 F7200 X121.536 Y122.84
M204 S500
M205 X20 Y20
G1 F1800 X119.943 Y124.432 E745.9072
M204 S5000
M205 X30 Y30
G0 F7200 X119.378 Y124.432
M204 S500
M205 X20 Y20
G1 F1800 X121.225 Y122.584 E745.9941
M204 S5000
M205 X30 Y30
G0 F7200 X120.915 Y122.329
M204 S500
M205 X20 Y20
G1 F1800 X118.812 Y124.432 E746.09302
M204 S5000
M205 X30 Y30
G0 F7200 X118.246 Y124.432
M204 S500
M205 X20 Y20
G1 F1800 X120.634 Y122.044 E746.20534
M204 S5000
M205 X30 Y30
G0 F7200 X120.379 Y121.733
M204 S500
M205 X20 Y20
G1 F1800 X117.68 Y124.432 E746.3323
M204 S5000
M205 X30 Y30
G0 F7200 X117.115 Y124.431
M204 S500
M205 X20 Y20
G1 F1800 X120.124 Y121.422 E746.47383
M204 S5000
M205 X30 Y30
G0 F7200 X119.887 Y121.094
M204 S500
M205 X20 Y20
G1 F1800 X116.55 Y124.431 E746.63079
M204 S5000
M205 X30 Y30
G0 F7200 X115.984 Y124.431
M204 S500
M205 X20 Y20
G1 F1800 X119.69 Y120.725 E746.80511
M204 S5000
M205 X30 Y30
G0 F7200 X119.493 Y120.356
M204 S500
M205 X20 Y20
G1 F1800 X115.418 Y124.431 E746.99679
M204 S5000
M205 X30 Y30
G0 F7200 X114.853 Y124.431
M204 S500
M205 X20 Y20
G1 F1800 X119.308 Y119.976 E747.20634
M204 S5000
M205 X30 Y30
G0 F7200 X119.176 Y119.542
M204 S500
M205 X20 Y20
G1 F1800 X114.287 Y124.431 E747.4363
M204 S5000
M205 X30 Y30
G0 F7200 X113.721 Y124.431
M204 S500
M205 X20 Y20
G1 F1800 X119.044 Y119.108 E747.68668
M204 S5000
M205 X30 Y30
G0 F7200 X118.937 Y118.65
M204 S500
M205 X20 Y20
G1 F1800 X113.156 Y124.431 E747.9586
M204 S5000
M205 X30 Y30
G0 F7200 X112.59 Y124.431
M204 S500
M205 X20 Y20
G1 F1800 X118.885 Y118.136 E748.2547
M204 S5000
M205 X30 Y30
G0 F7200 X118.834 Y117.622
M204 S500
M205 X20 Y20
G1 F1800 X112.024 Y124.431 E748.57499
M204 S5000
M205 X30 Y30
G0 F7200 X111.459 Y124.431
M204 S500
M205 X20 Y20
G1 F1800 X112.418 Y123.472 E748.6201
G1 X112.488 Y123.402
M204 S5000
M205 X30 Y30
G0 F7200 X111.487 Y123.837
M204 S500
M205 X20 Y20
G1 F1800 X110.893 Y124.431 E748.64804
M204 S5000
M205 X30 Y30
G0 F7200 X110.516 Y124.242
M204 S500
M205 X20 Y20
G1 F1800 X109.919 Y124.274 E748.67148
G1 X107.228 Y124.136 E748.77713
M204 S5000
M205 X30 Y30
G0 F7200 X107.089 Y123.71
M204 S500
M205 X20 Y20
G1 F1800 X106.367 Y124.431 E748.81107
M204 S5000
M205 X30 Y30
G0 F7200 X105.802 Y124.431
M204 S500
M205 X20 Y20
G1 F1800 X106.698 Y123.535 E748.85321
M204 S5000
M205 X30 Y30
G0 F7200 X106.33 Y123.337
M204 S500
M205 X20 Y20
G1 F1800 X105.236 Y124.431 E748.90467
M204 S5000
M205 X30 Y30
G0 F7200 X104.67 Y124.431
M204 S500
M205 X20 Y20
G1 F1800 X105.962 Y123.14 E748.96542
M204 S5000
M205 X30 Y30
G0 F7200 X105.624 Y122.912
M204 S500
M205 X20 Y20
G1 F1800 X104.105 Y124.431 E749.03687
M204 S5000
M205 X30 Y30
G0 F7200 X103.984 Y123.986
M204 S500
M205 X20 Y20
G1 F1800 X105.313 Y122.657 E749.09938
M204 S5000
M205 X30 Y30
G0 F7200 X105.003 Y122.402
M204 S500
M205 X20 Y20
G1 F1800 X103.984 Y123.421 E749.14731
M204 S5000
M205 X30 Y30
G0 F7200 X103.984 Y122.855
M204 S500
M205 X20 Y20
G1 F1800 X104.707 Y122.132 E749.18132
M204 S5000
M205 X30 Y30
G0 F7200 X104.453 Y121.821
M204 S500
M205 X20 Y20
G1 F1800 X103.984 Y122.289 E749.20335
M204 S5000
M205 X30 Y30
G0 F7200 X103.984 Y121.724
M204 S500
M205 X20 Y20
G1 F1800 X104.197 Y121.51 E749.2134
M204 S5000
M205 X30 Y30
G0 F7200 X107.149 Y123.174
G0 X108.303 Y123.524
G0 X109.5 Y123.643
G0 X110.697 Y123.524
G0 X111.851 Y123.174
G0 X112.913 Y122.607
G0 X115.473 Y120.417
M204 S500
M205 X20 Y20
G1 F1800 X118.87 Y117.02 E749.37318
M204 S5000
M205 X30 Y30
G0 F7200 X118.933 Y116.391
M204 S500
M205 X20 Y20
G1 F1800 X115.839 Y119.485 E749.51871
G1 X115.769 Y119.555
M204 S5000
M205 X30 Y30
G0 F7200 X116.056 Y118.703
M204 S500
M205 X20 Y20
G1 F1800 X119.122 Y115.637 E749.66293
G1 X119.192 Y115.567
M204 S5000
M205 X30 Y30
G0 F7200 X119.426 Y114.766
M204 S500
M205 X20 Y20
G1 F1800 X116.118 Y118.074 E749.81853
G1 X116.048 Y118.144
M204 S5000
M205 X30 Y30
;MESH:NONMESH
G0 F7200 X122.045 Y112.35
G0 X122.106 Y112.427
;TIME_ELAPSED:810.480028
;LAYER:46
;MESH:listwa_mocujaca.stl
G0 X122.106 Y112.427 Z9.4
M204 S500
M205 X20 Y20
;TYPE:WALL-INNER
G1 F3600 X121.184 Y113.187 E749.85827
G1 X120.425 Y114.111 E749.89804
G1 X119.862 Y115.168 E749.93787
G1 X119.515 Y116.313 E749.97766
G1 X119.397 Y117.5 E750.01734
G1 X119.515 Y118.694 E750.05725
G1 X119.863 Y119.838 E750.09702
G1 X120.427 Y120.894 E750.13683
G1 X121.187 Y121.816 E750.17658
G1 X122.111 Y122.575 E750.21635
G1 X123.167 Y123.138 E750.25615
G1 X124.309 Y123.485 E750.29585
G1 X125.5 Y123.603 E750.33565
G1 X126.69 Y123.485 E750.37543
G1 X127.836 Y123.138 E750.41525
G1 X128.891 Y122.574 E750.45504
G1 X129.815 Y121.815 E750.49481
G1 X130.574 Y120.891 E750.53458
G1 X131.138 Y119.836 E750.57437
G1 X131.193 Y119.656 E750.58063
G1 X131.485 Y118.69 E750.6142
G1 X131.586 Y117.671 E750.64826
G1 X131.586 Y118.69 E750.65251
G1 X131.586 Y119.699 E750.67366
G1 X131.586 Y125.002 E750.85004
G1 X103.414 Y125.002 E751.78704
G1 X103.414 Y119.699 E751.96342
G1 X103.414 Y118.694 E751.99685
G1 X103.414 Y117.675 E752.03074
G1 X103.515 Y118.694 E752.03513
G1 X103.807 Y119.656 E752.0562
G1 X103.863 Y119.838 E752.06254
G1 X104.426 Y120.892 E752.10228
G1 X105.187 Y121.816 E752.1421
G1 X106.111 Y122.575 E752.18187
G1 X107.164 Y123.138 E752.22158
G1 X108.31 Y123.485 E752.26141
G1 X109.503 Y123.603 E752.30128
G1 X110.694 Y123.485 E752.34109
G1 X111.838 Y123.137 E752.38086
G1 X112.893 Y122.573 E752.42065
G1 X113.815 Y121.815 E752.46034
G1 X114.575 Y120.889 E752.50019
G1 X115.138 Y119.832 E752.54002
G1 X115.485 Y118.687 E752.57981
G1 X115.603 Y117.497 E752.61959
G1 X115.485 Y116.306 E752.65939
G1 X115.137 Y115.162 E752.69917
G1 X114.573 Y114.106 E752.73898
G1 X113.813 Y113.184 E752.77872
G1 X112.889 Y112.425 E752.8185
G1 X111.832 Y111.862 E752.85833
G1 X110.687 Y111.515 E752.89812
G1 X109.497 Y111.397 E752.9379
G1 X108.306 Y111.515 E752.9777
G1 X107.162 Y111.863 E753.01747
G1 X106.106 Y112.427 E753.05729
G1 X105.184 Y113.187 E753.09703
G1 X104.425 Y114.111 E753.1368
G1 X103.862 Y115.168 E753.17664
G1 X103.807 Y115.348 E753.1829
G1 X103.515 Y116.313 E753.21643
G1 X103.414 Y117.332 E753.25049
G1 X103.414 Y116.313 E753.25474
G1 X103.414 Y115.305 E753.27587
G1 X103.414 Y109.998 E753.45238
G1 X131.586 Y109.998 E754.38939
G1 X131.586 Y115.301 E754.56576
G1 X131.586 Y116.31 E754.59932
G1 X131.586 Y117.329 E754.63322
G1 X131.485 Y116.31 E754.6376
G1 X131.193 Y115.344 E754.65876
G1 X131.138 Y115.164 E754.66502
G1 X130.574 Y114.108 E754.70484
G1 X129.813 Y113.184 E754.74465
G1 X128.889 Y112.425 E754.78442
G1 X127.832 Y111.862 E754.82425
G1 X126.687 Y111.515 E754.86405
G1 X125.497 Y111.397 E754.90382
G1 X124.306 Y111.515 E754.94363
G1 X123.162 Y111.863 E754.9834
G1 X122.106 Y112.427 E755.02322
M204 S5000
M205 X30 Y30
G0 F7200 X122.33 Y112.761
M204 S500
M205 X20 Y20
;TYPE:WALL-OUTER
G1 F1800 X121.468 Y113.471 E755.06036
G1 X120.759 Y114.334 E755.09751
G1 X120.233 Y115.321 E755.13471
G1 X119.909 Y116.391 E755.17189
G1 X119.799 Y117.5 E755.20896
G1 X119.909 Y118.615 E755.24622
G1 X120.234 Y119.684 E755.28339
G1 X120.761 Y120.67 E755.32057
G1 X121.471 Y121.532 E755.35771
G1 X122.334 Y122.241 E755.39486
G1 X123.321 Y122.767 E755.43206
G1 X124.388 Y123.091 E755.46915
G1 X125.5 Y123.201 E755.50631
G1 X126.612 Y123.091 E755.54348
G1 X127.682 Y122.767 E755.58066
G1 X128.668 Y122.24 E755.61785
G1 X129.531 Y121.531 E755.655
G1 X130.24 Y120.668 E755.69215
G1 X130.767 Y119.682 E755.72933
G1 X131.091 Y118.612 E755.76651
G1 X131.201 Y117.5 E755.80368
G1 X131.091 Y116.388 E755.84085
G1 X130.767 Y115.318 E755.87803
G1 X130.24 Y114.332 E755.91522
G1 X129.529 Y113.468 E755.95243
G1 X128.666 Y112.759 E755.98958
G1 X127.679 Y112.233 E756.02678
G1 X126.609 Y111.909 E756.06396
G1 X125.497 Y111.799 E756.10113
G1 X124.385 Y111.909 E756.13829
G1 X123.316 Y112.234 E756.17546
G1 X122.33 Y112.761 E756.21264
M204 S5000
M205 X30 Y30
G0 F7200 X122.176 Y112.888
G0 X121.859 Y112.502
G0 X123.147 Y111.827
G0 X124.079 Y111.544
G0 X131.516 Y110.068
G0 X131.873 Y109.667
M204 S500
M205 X20 Y20
G1 F1800 X131.986 Y109.825 E756.2191
G1 X131.986 Y125.175 E756.72964
G1 X131.873 Y125.333 E756.7361
G1 X131.682 Y125.402 E756.74286
G1 X103.318 Y125.402 E757.68625
G1 X103.127 Y125.333 E757.693
G1 X103.014 Y125.175 E757.69946
G1 X103.014 Y109.825 E758.21001
G1 X103.127 Y109.667 E758.21647
G1 X103.318 Y109.598 E758.22322
G1 X131.682 Y109.598 E759.16661
G1 X131.873 Y109.667 E759.17337
M204 S5000
M205 X30 Y30
G0 F7200 X131.986 Y109.825
G0 X131.986 Y109.831
G0 X131.516 Y110.068
G0 X109.497 Y111.357
G0 X108.299 Y111.476
G0 X107.367 Y111.759
G0 X106.095 Y112.32
G0 X106.33 Y112.761
M204 S500
M205 X20 Y20
G1 F1800 X105.468 Y113.471 E759.21051
G1 X104.759 Y114.334 E759.24766
G1 X104.233 Y115.321 E759.28486
G1 X103.909 Y116.391 E759.32204
G1 X103.799 Y117.503 E759.35921
G1 X103.909 Y118.615 E759.39637
G1 X104.234 Y119.684 E759.43354
G1 X104.76 Y120.668 E759.47065
G1 X105.471 Y121.532 E759.50786
G1 X106.334 Y122.241 E759.54501
G1 X107.318 Y122.767 E759.58212
G1 X108.388 Y123.091 E759.6193
G1 X109.503 Y123.201 E759.65657
G1 X110.615 Y123.091 E759.69374
G1 X111.684 Y122.766 E759.7309
G1 X112.67 Y122.239 E759.76808
G1 X113.531 Y121.531 E759.80516
G1 X114.241 Y120.666 E759.84238
G1 X114.767 Y119.679 E759.87958
G1 X115.091 Y118.609 E759.91676
G1 X115.201 Y117.497 E759.95393
G1 X115.091 Y116.385 E759.99109
G1 X114.766 Y115.316 E760.02825
G1 X114.239 Y114.33 E760.06544
G1 X113.529 Y113.468 E760.10258
G1 X112.666 Y112.759 E760.13973
G1 X111.679 Y112.233 E760.17693
G1 X110.609 Y111.909 E760.21411
G1 X109.497 Y111.799 E760.25128
G1 X108.385 Y111.909 E760.28845
G1 X107.316 Y112.234 E760.32561
G1 X106.33 Y112.761 E760.36279
M204 S5000
M205 X30 Y30
G0 F7200 X106.176 Y112.888
G0 X105.859 Y112.502
G0 X105.888 Y112.101
M204 S500
M205 X20 Y20
;TYPE:SKIN
G1 F1800 X104.907 Y112.91 E760.40508
G1 X104.099 Y113.893 E760.44741
G1 X103.804 Y114.447 E760.46828
G1 X103.804 Y110.388 E760.60328
G1 X131.196 Y110.388 E761.51435
G1 X131.196 Y114.445 E761.64928
G1 X130.9 Y113.89 E761.6702
G1 X130.09 Y112.907 E761.71257
G1 X129.107 Y112.099 E761.75489
G1 X127.982 Y111.5 E761.79728
G1 X126.763 Y111.131 E761.83964
G1 X125.497 Y111.005 E761.88196
G1 X124.23 Y111.131 E761.92431
G1 X123.012 Y111.501 E761.96664
G1 X121.888 Y112.101 E762.00902
G1 X120.907 Y112.91 E762.05131
G1 X120.099 Y113.893 E762.09364
G1 X119.5 Y115.018 E762.13603
G1 X119.131 Y116.237 E762.17839
G1 X119.005 Y117.5 E762.2206
G1 X119.131 Y118.77 E762.26305
G1 X119.501 Y119.988 E762.30539
G1 X120.101 Y121.112 E762.34777
G1 X120.91 Y122.093 E762.39006
G1 X121.893 Y122.901 E762.43238
G1 X123.017 Y123.5 E762.47474
G1 X124.233 Y123.869 E762.51701
G1 X125.5 Y123.995 E762.55936
G1 X126.766 Y123.869 E762.60167
G1 X127.986 Y123.5 E762.64407
G1 X129.109 Y122.9 E762.68641
G1 X130.092 Y122.092 E762.72874
G1 X130.9 Y121.109 E762.77106
G1 X131.196 Y120.555 E762.79195
G1 X131.196 Y124.612 E762.92689
G1 X103.804 Y124.612 E763.83795
G1 X103.804 Y120.556 E763.97285
G1 X104.1 Y121.11 E763.99374
G1 X104.91 Y122.093 E764.03611
G1 X105.893 Y122.901 E764.07843
G1 X107.014 Y123.5 E764.1207
G1 X108.234 Y123.869 E764.16309
G1 X109.503 Y123.995 E764.20551
G1 X110.77 Y123.869 E764.24786
G1 X111.988 Y123.499 E764.2902
G1 X113.111 Y122.899 E764.33254
G1 X114.092 Y122.092 E764.37479
G1 X114.901 Y121.107 E764.41719
G1 X115.5 Y119.982 E764.45958
G1 X115.869 Y118.763 E764.50194
G1 X115.995 Y117.497 E764.54426
G1 X115.869 Y116.23 E764.5866
G1 X115.499 Y115.012 E764.62894
G1 X114.899 Y113.888 E764.67132
G1 X114.09 Y112.907 E764.71361
G1 X113.107 Y112.099 E764.75594
G1 X111.982 Y111.5 E764.79833
G1 X110.763 Y111.131 E764.84069
G1 X109.497 Y111.005 E764.883
G1 X108.23 Y111.131 E764.92535
G1 X107.012 Y111.501 E764.96769
G1 X105.888 Y112.101 E765.01007
M204 S5000
M205 X30 Y30
G0 F7200 X108.299 Y111.476
G0 X109.497 Y111.357
G0 X110.694 Y111.476
G0 X111.847 Y111.826
G0 X112.911 Y112.392
G0 X113.841 Y113.156
G0 X114.606 Y114.084
G0 X115.173 Y115.147
G0 X115.524 Y116.299
G0 X115.643 Y117.497
G0 X115.524 Y118.694
G0 X115.174 Y119.847
G0 X114.608 Y120.911
G0 X113.843 Y121.843
G0 X112.915 Y122.606
G0 X111.853 Y123.173
G0 X110.921 Y123.456
G0 X104.066 Y124.43
M204 S500
M205 X20 Y20
G1 F1800 X103.983 Y124.348 E765.01395
M204 S5000
M205 X30 Y30
G0 F7200 X103.983 Y123.782
M204 S500
M205 X20 Y20
G1 F1800 X104.632 Y124.43 E765.04445
M204 S5000
M205 X30 Y30
G0 F7200 X105.197 Y124.43
M204 S500
M205 X20 Y20
G1 F1800 X103.983 Y123.216 E765.10155
M204 S5000
M205 X30 Y30
G0 F7200 X103.983 Y122.651
M204 S500
M205 X20 Y20
G1 F1800 X105.763 Y124.43 E765.18526
M204 S5000
M205 X30 Y30
G0 F7200 X106.329 Y124.43
M204 S500
M205 X20 Y20
G1 F1800 X103.983 Y122.085 E765.29558
M204 S5000
M205 X30 Y30
G0 F7200 X103.983 Y121.519
M204 S500
M205 X20 Y20
G1 F1800 X106.894 Y124.43 E765.43251
M204 S5000
M205 X30 Y30
G0 F7200 X107.46 Y124.43
M204 S500
M205 X20 Y20
G1 F1800 X106.411 Y123.381 E765.48185
G1 X106.341 Y123.311
M204 S5000
M205 X30 Y30
G0 F7200 X107.399 Y123.804
M204 S500
M205 X20 Y20
G1 F1800 X108.026 Y124.43 E765.51132
M204 S5000
M205 X30 Y30
G0 F7200 X108.399 Y124.238
M204 S500
M205 X20 Y20
G1 F1800 X108.996 Y124.269 E765.53633
G1 X111.2 Y124.211 E765.6286
G1 X112.2 Y124.079 E765.67081
M204 S5000
M205 X30 Y30
G0 F7200 X113.117 Y124.43
M204 S500
M205 X20 Y20
G1 F1800 X112.249 Y123.563 E765.71162
M204 S5000
M205 X30 Y30
G0 F7200 X112.618 Y123.366
M204 S500
M205 X20 Y20
G1 F1800 X113.682 Y124.43 E765.76167
M204 S5000
M205 X30 Y30
G0 F7200 X114.248 Y124.43
M204 S500
M205 X20 Y20
G1 F1800 X112.987 Y123.169 E765.82098
M204 S5000
M205 X30 Y30
G0 F7200 X113.332 Y122.949
M204 S500
M205 X20 Y20
G1 F1800 X114.814 Y124.43 E765.89067
M204 S5000
M205 X30 Y30
G0 F7200 X115.38 Y124.43
M204 S500
M205 X20 Y20
G1 F1800 X113.643 Y122.694 E765.97235
M204 S5000
M205 X30 Y30
G0 F7200 X113.953 Y122.439
M204 S500
M205 X20 Y20
G1 F1800 X115.945 Y124.43 E766.06602
M204 S5000
M205 X30 Y30
G0 F7200 X116.511 Y124.43
M204 S500
M205 X20 Y20
G1 F1800 X114.255 Y122.175 E766.17211
M204 S5000
M205 X30 Y30
G0 F7200 X114.51 Y121.864
M204 S500
M205 X20 Y20
G1 F1800 X117.077 Y124.43 E766.29283
M204 S5000
M205 X30 Y30
G0 F7200 X117.643 Y124.431
M204 S500
M205 X20 Y20
G1 F1800 X114.766 Y121.554 E766.42816
M204 S5000
M205 X30 Y30
G0 F7200 X115.021 Y121.244
M204 S500
M205 X20 Y20
G1 F1800 X118.209 Y124.431 E766.57809
M204 S5000
M205 X30 Y30
G0 F7200 X118.774 Y124.431
M204 S500
M205 X20 Y20
G1 F1800 X115.224 Y120.881 E766.74507
M204 S5000
M205 X30 Y30
G0 F7200 X115.421 Y120.512
M204 S500
M205 X20 Y20
G1 F1800 X119.34 Y124.431 E766.92941
M204 S5000
M205 X30 Y30
G0 F7200 X119.906 Y124.431
M204 S500
M205 X20 Y20
G1 F1800 X115.617 Y120.143 E767.13112
M204 S5000
M205 X30 Y30
G0 F7200 X115.765 Y119.725
M204 S500
M205 X20 Y20
G1 F1800 X120.471 Y124.431 E767.35248
M204 S5000
M205 X30 Y30
G0 F7200 X121.037 Y124.431
M204 S500
M205 X20 Y20
G1 F1800 X115.896 Y119.291 E767.59427
M204 S5000
M205 X30 Y30
G0 F7200 X116.027 Y118.856
M204 S500
M205 X20 Y20
G1 F1800 X121.603 Y124.431 E767.85653
M204 S5000
M205 X30 Y30
G0 F7200 X122.168 Y124.431
M204 S500
M205 X20 Y20
G1 F1800 X116.089 Y118.352 E768.14246
M204 S5000
M205 X30 Y30
G0 F7200 X116.141 Y117.838
M204 S500
M205 X20 Y20
G1 F1800 X122.734 Y124.431 E768.45258
M204 S5000
M205 X30 Y30
G0 F7200 X123.3 Y124.431
M204 S500
M205 X20 Y20
G1 F1800 X122.063 Y123.194 E768.51076
G1 X121.993 Y123.124
M204 S5000
M205 X30 Y30
G0 F7200 X123.168 Y123.734
M204 S500
M205 X20 Y20
G1 F1800 X123.866 Y124.431 E768.54357
M204 S5000
M205 X30 Y30
G0 F7200 X124.206 Y124.206
M204 S500
M205 X20 Y20
G1 F1800 X124.827 Y124.261 E768.56937
G1 X127.058 Y124.23 E768.66169
G1 X128.058 Y124.099 E768.70342
M204 S5000
M205 X30 Y30
G0 F7200 X128.145 Y123.619
M204 S500
M205 X20 Y20
G1 F1800 X128.957 Y124.431 E768.74162
M204 S5000
M205 X30 Y30
G0 F7200 X129.522 Y124.431
M204 S500
M205 X20 Y20
G1 F1800 X128.513 Y123.422 E768.78908
M204 S5000
M205 X30 Y30
G0 F7200 X128.882 Y123.225
M204 S500
M205 X20 Y20
G1 F1800 X130.088 Y124.431 E768.8458
M204 S5000
M205 X30 Y30
G0 F7200 X130.654 Y124.431
M204 S500
M205 X20 Y20
G1 F1800 X129.244 Y123.022 E768.9121
M204 S5000
M205 X30 Y30
G0 F7200 X129.555 Y122.767
M204 S500
M205 X20 Y20
G1 F1800 X131.015 Y124.227 E768.98078
M204 S5000
M205 X30 Y30
G0 F7200 X131.015 Y123.661
M204 S500
M205 X20 Y20
G1 F1800 X129.865 Y122.511 E769.03487
M204 S5000
M205 X30 Y30
G0 F7200 X130.176 Y122.256
M204 S500
M205 X20 Y20
G1 F1800 X131.015 Y123.095 E769.07433
M204 S5000
M205 X30 Y30
G0 F7200 X131.015 Y122.53
M204 S500
M205 X20 Y20
G1 F1800 X130.438 Y121.953 E769.10147
M204 S5000
M205 X30 Y30
G0 F7200 X130.854 Y121.803
M204 S500
M205 X20 Y20
G1 F1800 X130.981 Y121.364 E769.11973
M204 S5000
M205 X30 Y30
G0 F7200 X130.948 Y121.331
G0 X128.913 Y122.607
G0 X127.851 Y123.174
G0 X126.697 Y123.524
G0 X125.5 Y123.643
G0 X124.302 Y123.524
G0 X123.152 Y123.174
G0 X122.089 Y122.608
G0 X121.159 Y121.844
G0 X120.394 Y120.916
G0 X119.827 Y119.853
G0 X119.476 Y118.701
G0 X119.357 Y117.5
G0 X119.476 Y116.306
G0 X119.826 Y115.153
G0 X120.392 Y114.089
G0 X121.156 Y113.159
G0 X122.084 Y112.394
G0 X123.147 Y111.827
G0 X124.299 Y111.476
G0 X125.497 Y111.357
G0 X126.694 Y111.476
G0 X127.731 Y111.791
G0 X131.015 Y113.479
M204 S500
M205 X20 Y20
G1 F1800 X128.104 Y110.568 E769.25666
M204 S5000
M205 X30 Y30
G0 F7200 X128.67 Y110.568
M204 S500
M205 X20 Y20
G1 F1800 X131.015 Y112.913 E769.36696
M204 S5000
M205 X30 Y30
G0 F7200 X131.015 Y112.347
M204 S500
M205 X20 Y20
G1 F1800 X129.235 Y110.568 E769.45066
M204 S5000
M205 X30 Y30
G0 F7200 X129.801 Y110.568
M204 S500
M205 X20 Y20
G1 F1800 X131.015 Y111.782 E769.50776
M204 S5000
M205 X30 Y30
G0 F7200 X131.015 Y111.216
M204 S500
M205 X20 Y20
G1 F1800 X130.367 Y110.568 E769.53824
M204 S5000
M205 X30 Y30
G0 F7200 X130.932 Y110.568
M204 S500
M205 X20 Y20
G1 F1800 X131.015 Y110.65 E769.54212
M204 S5000
M205 X30 Y30
G0 F7200 X128.59 Y111.62
M204 S500
M205 X20 Y20
G1 F1800 X127.538 Y110.568 E769.59161
M204 S5000
M205 X30 Y30
G0 F7200 X126.973 Y110.568
M204 S500
M205 X20 Y20
G1 F1800 X127.6 Y111.196 E769.62112
G1 X127.67 Y111.266
M204 S5000
M205 X30 Y30
G0 F7200 X126.792 Y110.952
G0 X126.599 Y110.76
M204 S500
M205 X20 Y20
G1 F1800 X126.002 Y110.728 E769.64618
G1 X123.797 Y110.787 E769.73865
G1 X122.798 Y110.918 E769.78089
M204 S5000
M205 X30 Y30
G0 F7200 X121.881 Y110.568
M204 S500
M205 X20 Y20
G1 F1800 X122.749 Y111.435 E769.82169
M204 S5000
M205 X30 Y30
G0 F7200 X122.381 Y111.633
M204 S500
M205 X20 Y20
G1 F1800 X121.316 Y110.568 E769.87179
M204 S5000
M205 X30 Y30
G0 F7200 X120.75 Y110.568
M204 S500
M205 X20 Y20
G1 F1800 X122.012 Y111.83 E769.93115
M204 S5000
M205 X30 Y30
G0 F7200 X121.666 Y112.049
M204 S500
M205 X20 Y20
G1 F1800 X120.184 Y110.568 E770.00083
M204 S5000
M205 X30 Y30
G0 F7200 X119.619 Y110.568
M204 S500
M205 X20 Y20
G1 F1800 X121.355 Y112.304 E770.08249
M204 S5000
M205 X30 Y30
G0 F7200 X121.046 Y112.56
M204 S500
M205 X20 Y20
G1 F1800 X119.053 Y110.568 E770.17621
M204 S5000
M205 X30 Y30
G0 F7200 X118.487 Y110.568
M204 S500
M205 X20 Y20
G1 F1800 X120.744 Y112.824 E770.28235
M204 S5000
M205 X30 Y30
G0 F7200 X120.488 Y113.134
M204 S500
M205 X20 Y20
G1 F1800 X117.922 Y110.568 E770.40304
M204 S5000
M205 X30 Y30
G0 F7200 X117.356 Y110.568
M204 S500
M205 X20 Y20
G1 F1800 X120.233 Y113.445 E770.53837
M204 S5000
M205 X30 Y30
G0 F7200 X119.978 Y113.755
M204 S500
M205 X20 Y20
G1 F1800 X116.79 Y110.568 E770.6883
M204 S5000
M205 X30 Y30
G0 F7200 X116.225 Y110.568
M204 S500
M205 X20 Y20
G1 F1800 X119.775 Y114.118 E770.85528
M204 S5000
M205 X30 Y30
G0 F7200 X119.578 Y114.487
M204 S500
M205 X20 Y20
G1 F1800 X115.659 Y110.568 E771.03962
M204 S5000
M205 X30 Y30
G0 F7200 X115.093 Y110.568
M204 S500
M205 X20 Y20
G1 F1800 X119.381 Y114.856 E771.24131
M204 S5000
M205 X30 Y30
G0 F7200 X119.233 Y115.273
M204 S500
M205 X20 Y20
G1 F1800 X114.527 Y110.568 E771.46264
M204 S5000
M205 X30 Y30
G0 F7200 X113.962 Y110.568
M204 S500
M205 X20 Y20
G1 F1800 X119.102 Y115.708 E771.70441
M204 S5000
M205 X30 Y30
G0 F7200 X118.97 Y116.142
M204 S500
M205 X20 Y20
G1 F1800 X113.396 Y110.568 E771.9666
M204 S5000
M205 X30 Y30
G0 F7200 X112.83 Y110.568
M204 S500
M205 X20 Y20
G1 F1800 X118.908 Y116.645 E772.25247
M204 S5000
M205 X30 Y30
G0 F7200 X118.857 Y117.16
M204 S500
M205 X20 Y20
G1 F1800 X112.265 Y110.568 E772.56253
M204 S5000
M205 X30 Y30
G0 F7200 X111.699 Y110.568
M204 S500
M205 X20 Y20
G1 F1800 X112.936 Y111.804 E772.62069
G1 X113.006 Y111.874
M204 S5000
M205 X30 Y30
G0 F7200 X111.831 Y111.266
M204 S500
M205 X20 Y20
G1 F1800 X111.133 Y110.568 E772.65353
M204 S5000
M205 X30 Y30
G0 F7200 X110.794 Y110.794
M204 S500
M205 X20 Y20
G1 F1800 X110.171 Y110.737 E772.67938
G1 X107.939 Y110.768 E772.77162
G1 X106.94 Y110.9 E772.81326
M204 S5000
M205 X30 Y30
G0 F7200 X106.854 Y111.379
M204 S500
M205 X20 Y20
G1 F1800 X106.042 Y110.568 E772.85143
M204 S5000
M205 X30 Y30
G0 F7200 X105.476 Y110.568
M204 S500
M205 X20 Y20
G1 F1800 X106.485 Y111.576 E772.89887
M204 S5000
M205 X30 Y30
G0 F7200 X106.116 Y111.773
M204 S500
M205 X20 Y20
G1 F1800 X104.911 Y110.568 E772.95555
M204 S5000
M205 X30 Y30
G0 F7200 X104.345 Y110.568
M204 S500
M205 X20 Y20
G1 F1800 X105.754 Y111.976 E773.0218
M204 S5000
M205 X30 Y30
G0 F7200 X105.443 Y112.231
M204 S500
M205 X20 Y20
G1 F1800 X103.983 Y110.771 E773.09047
M204 S5000
M205 X30 Y30
G0 F7200 X103.983 Y111.337
M204 S500
M205 X20 Y20
G1 F1800 X105.134 Y112.487 E773.14459
M204 S5000
M205 X30 Y30
G0 F7200 X104.823 Y112.743
M204 S500
M205 X20 Y20
G1 F1800 X103.983 Y111.903 E773.1841
M204 S5000
M205 X30 Y30
G0 F7200 X103.983 Y112.468
M204 S500
M205 X20 Y20
G1 F1800 X104.561 Y113.046 E773.21129
M204 S5000
M205 X30 Y30
G0 F7200 X104.144 Y113.195
M204 S500
M205 X20 Y20
G1 F1800 X104.016 Y113.633 E773.2296
M204 S5000
M205 X30 Y30
G0 F7200 X104.05 Y113.667
G0 X106.084 Y112.394
G0 X107.147 Y111.827
G0 X108.299 Y111.476
G0 X109.497 Y111.357
G0 X110.694 Y111.476
G0 X111.847 Y111.826
G0 X112.708 Y112.284
G0 X115.198 Y114.066
M204 S500
M205 X20 Y20
G1 F1800 X118.844 Y117.712 E773.40109
M204 S5000
M205 X30 Y30
G0 F7200 X118.907 Y118.341
M204 S500
M205 X20 Y20
G1 F1800 X115.734 Y115.169 E773.55032
G1 X115.664 Y115.099
M204 S5000
M205 X30 Y30
G0 F7200 X115.981 Y115.981
M204 S500
M205 X20 Y20
G1 F1800 X119.017 Y119.017 E773.69312
G1 X119.087 Y119.087
M204 S5000
M205 X30 Y30
G0 F7200 X119.264 Y119.83
M204 S500
M205 X20 Y20
G1 F1800 X116.092 Y116.657 E773.84235
M204 S5000
M205 X30 Y30
G0 F7200 X116.155 Y117.286
M204 S500
M205 X20 Y20
G1 F1800 X119.8 Y120.932 E774.01382
G1 X119.87 Y121.002
M204 S5000
M205 X30 Y30
;MESH:NONMESH
G0 F7200 X119.476 Y118.701
G0 X119.357 Y117.5
G0 X119.476 Y116.306
G0 X119.826 Y115.153
G0 X120.392 Y114.089
G0 X121.156 Y113.159
G0 X122.084 Y112.394
G0 X123.147 Y111.827
G0 X123.799 Y111.629
G0 X125.5 Y111.213
;TIME_ELAPSED:837.355892
;LAYER:47
;MESH:listwa_mocujaca.stl
G0 X125.5 Y111.213 Z9.6
M204 S500
M205 X20 Y20
;TYPE:WALL-INNER
G1 F3600 X124.274 Y111.335 E774.0548
G1 X123.094 Y111.692 E774.0958
G1 X122.007 Y112.273 E774.13679
G1 X121.055 Y113.055 E774.17777
G1 X120.273 Y114.007 E774.21875
G1 X119.692 Y115.094 E774.25974
G1 X119.335 Y116.274 E774.30075
G1 X119.213 Y117.5 E774.34172
G1 X119.335 Y118.726 E774.3827
G1 X119.692 Y119.906 E774.42371
G1 X120.273 Y120.993 E774.4647
G1 X121.055 Y121.945 E774.50568
G1 X122.007 Y122.727 E774.54665
G1 X123.094 Y123.308 E774.58765
G1 X124.274 Y123.665 E774.62865
G1 X125.5 Y123.787 E774.66963
G1 X126.726 Y123.665 E774.71061
G1 X127.906 Y123.308 E774.75161
G1 X128.993 Y122.727 E774.79261
G1 X129.945 Y121.945 E774.83358
G1 X130.727 Y120.993 E774.87456
G1 X131.129 Y120.242 E774.90289
G1 X131.308 Y119.906 E774.91555
G1 X131.517 Y119.215 E774.93956
G1 X131.517 Y119.906 E774.94538
G1 X131.517 Y120.287 E774.95512
G1 X131.517 Y124.945 E775.11005
G1 X103.482 Y124.945 E776.0425
G1 X103.482 Y120.285 E776.19749
G1 X103.482 Y119.906 E776.21009
G1 X103.482 Y119.212 E776.23318
G1 X103.692 Y119.906 E776.24008
G1 X103.87 Y120.24 E776.24977
G1 X104.273 Y120.993 E776.27817
G1 X105.055 Y121.945 E776.31915
G1 X106.007 Y122.727 E776.36013
G1 X107.094 Y123.308 E776.40112
G1 X108.274 Y123.665 E776.44213
G1 X109.5 Y123.787 E776.4831
G1 X110.726 Y123.665 E776.52408
G1 X111.906 Y123.308 E776.56509
G1 X112.993 Y122.727 E776.60608
G1 X113.945 Y121.945 E776.64706
G1 X114.727 Y120.993 E776.68803
G1 X115.308 Y119.906 E776.72903
G1 X115.665 Y118.726 E776.77003
G1 X115.787 Y117.5 E776.81101
G1 X115.665 Y116.274 E776.85199
G1 X115.308 Y115.094 E776.89299
G1 X114.727 Y114.007 E776.93399
G1 X113.945 Y113.055 E776.97496
G1 X112.993 Y112.273 E777.01594
G1 X111.906 Y111.692 E777.05693
G1 X110.726 Y111.335 E777.09794
G1 X109.5 Y111.213 E777.13892
G1 X108.274 Y111.335 E777.17989
G1 X107.094 Y111.692 E777.2209
G1 X106.007 Y112.273 E777.26189
G1 X105.055 Y113.055 E777.30287
G1 X104.273 Y114.007 E777.34384
G1 X103.87 Y114.76 E777.37225
G1 X103.692 Y115.094 E777.38484
G1 X103.482 Y115.788 E777.40895
G1 X103.482 Y115.094 E777.41483
G1 X103.482 Y114.715 E777.42454
G1 X103.482 Y110.055 E777.57953
G1 X131.517 Y110.055 E778.51198
G1 X131.517 Y114.713 E778.6669
G1 X131.517 Y115.094 E778.67957
G1 X131.517 Y115.785 E778.70256
G1 X131.308 Y115.094 E778.70938
G1 X131.129 Y114.758 E778.71911
G1 X130.727 Y114.007 E778.74744
G1 X129.945 Y113.055 E778.78841
G1 X128.993 Y112.273 E778.82939
G1 X127.906 Y111.692 E778.87039
G1 X126.726 Y111.335 E778.91139
G1 X125.5 Y111.213 E778.95237
M204 S5000
M205 X30 Y30
G0 F7200 X125.5 Y111.113
G0 X131.447 Y110.125
G0 X131.834 Y109.719
M204 S500
M205 X20 Y20
;TYPE:WALL-OUTER
G1 F1800 X131.917 Y109.835 E778.95711
G1 X131.917 Y125.165 E779.46699
G1 X131.834 Y125.281 E779.47173
G1 X131.657 Y125.345 E779.47799
G1 X103.343 Y125.345 E780.41972
G1 X103.164 Y125.28 E780.42606
G1 X103.082 Y125.165 E780.43075
G1 X103.082 Y109.835 E780.94063
G1 X103.166 Y109.718 E780.94542
G1 X103.341 Y109.655 E780.95161
G1 X131.657 Y109.655 E781.8934
G1 X131.834 Y109.719 E781.89966
M204 S5000
M205 X30 Y30
G0 F7200 X131.917 Y109.835
G0 X131.917 Y109.893
G0 X131.447 Y110.125
G0 X124.265 Y111.296
G0 X123.078 Y111.655
G0 X121.988 Y112.238
G0 X121.027 Y113.027
G0 X120.238 Y113.988
G0 X119.655 Y115.078
G0 X119.365 Y116.039
G0 X119.118 Y117.451
G0 X119.615 Y117.5
M204 S500
M205 X20 Y20
G1 F1800 X119.729 Y118.648 E781.93803
G1 X120.063 Y119.752 E781.97639
G1 X120.607 Y120.77 E782.01478
G1 X121.339 Y121.661 E782.05314
G1 X122.23 Y122.393 E782.09149
G1 X123.248 Y122.937 E782.12988
G1 X124.352 Y123.271 E782.16824
G1 X125.5 Y123.385 E782.20661
G1 X126.648 Y123.271 E782.24498
G1 X127.752 Y122.937 E782.28335
G1 X128.77 Y122.393 E782.32174
G1 X129.661 Y121.661 E782.36009
G1 X130.393 Y120.77 E782.39844
G1 X130.937 Y119.752 E782.43683
G1 X131.271 Y118.648 E782.4752
G1 X131.385 Y117.5 E782.51357
G1 X131.271 Y116.352 E782.55194
G1 X130.937 Y115.248 E782.5903
G1 X130.393 Y114.23 E782.62869
G1 X129.661 Y113.339 E782.66704
G1 X128.77 Y112.607 E782.7054
G1 X127.752 Y112.063 E782.74379
G1 X126.648 Y111.729 E782.78215
G1 X125.5 Y111.615 E782.82052
G1 X124.352 Y111.729 E782.85889
G1 X123.248 Y112.063 E782.89725
G1 X122.23 Y112.607 E782.93564
G1 X121.339 Y113.339 E782.974
G1 X120.607 Y114.23 E783.01235
G1 X120.063 Y115.248 E783.05074
G1 X119.729 Y116.352 E783.0891
G1 X119.615 Y117.5 E783.12747
M204 S5000
M205 X30 Y30
G0 F7200 X119.634 Y117.699
G0 X119.137 Y117.746
G0 X112.792 Y122.426
G0 X111.767 Y122.973
G0 X110.655 Y123.31
G0 X109.5 Y123.425
G0 X108.345 Y123.31
G0 X107.233 Y122.973
G0 X106.208 Y122.426
G0 X105.311 Y121.689
G0 X104.574 Y120.792
G0 X104.027 Y119.767
G0 X103.755 Y118.867
G0 X103.515 Y117.5
G0 X103.615 Y117.5
M204 S500
M205 X20 Y20
G1 F1800 X103.729 Y118.648 E783.16584
G1 X104.063 Y119.752 E783.20421
G1 X104.607 Y120.77 E783.2426
G1 X105.339 Y121.661 E783.28095
G1 X106.23 Y122.393 E783.3193
G1 X107.248 Y122.937 E783.35769
G1 X108.352 Y123.271 E783.39606
G1 X109.5 Y123.385 E783.43443
G1 X110.648 Y123.271 E783.4728
G1 X111.752 Y122.937 E783.51116
G1 X112.77 Y122.393 E783.54955
G1 X113.661 Y121.661 E783.5879
G1 X114.393 Y120.77 E783.62626
G1 X114.937 Y119.752 E783.66465
G1 X115.271 Y118.648 E783.70301
G1 X115.385 Y117.5 E783.74138
G1 X115.271 Y116.352 E783.77975
G1 X114.937 Y115.248 E783.81811
G1 X114.393 Y114.23 E783.8565
G1 X113.661 Y113.339 E783.89486
G1 X112.77 Y112.607 E783.93321
G1 X111.752 Y112.063 E783.9716
G1 X110.648 Y111.729 E784.00996
G1 X109.5 Y111.615 E784.04833
G1 X108.352 Y111.729 E784.0867
G1 X107.248 Y112.063 E784.12507
G1 X106.23 Y112.607 E784.16346
G1 X105.339 Y113.339 E784.20181
G1 X104.607 Y114.23 E784.24016
G1 X104.063 Y115.248 E784.27855
G1 X103.729 Y116.352 E784.31691
G1 X103.615 Y117.5 E784.35529
M204 S5000
M205 X30 Y30
G0 F7200 X103.634 Y117.699
G0 X103.535 Y117.706
G0 X103.872 Y121.071
M204 S500
M205 X20 Y20
;TYPE:SKIN
G1 F1800 X103.947 Y121.211 E784.36057
G1 X104.778 Y122.222 E784.4041
G1 X105.789 Y123.053 E784.44762
G1 X106.944 Y123.67 E784.49118
G1 X108.198 Y124.049 E784.53475
G1 X109.5 Y124.179 E784.57827
G1 X110.802 Y124.049 E784.62179
G1 X112.056 Y123.67 E784.66536
G1 X113.211 Y123.053 E784.70891
G1 X114.222 Y122.222 E784.75244
G1 X115.053 Y121.211 E784.79597
G1 X115.67 Y120.056 E784.83952
G1 X116.049 Y118.802 E784.88309
G1 X116.179 Y117.5 E784.92661
G1 X116.049 Y116.198 E784.97013
G1 X115.67 Y114.944 E785.0137
G1 X115.053 Y113.789 E785.05726
G1 X114.222 Y112.778 E785.10078
G1 X113.211 Y111.947 E785.14431
G1 X112.056 Y111.33 E785.18786
G1 X110.802 Y110.951 E785.23144
G1 X109.5 Y110.821 E785.27496
G1 X108.198 Y110.951 E785.31848
G1 X106.944 Y111.33 E785.36205
G1 X105.789 Y111.947 E785.4056
G1 X104.778 Y112.778 E785.44913
G1 X103.947 Y113.789 E785.49265
G1 X103.872 Y113.929 E785.49794
G1 X103.872 Y110.445 E785.61382
G1 X131.127 Y110.445 E786.52032
G1 X131.127 Y113.927 E786.63613
G1 X131.053 Y113.789 E786.64134
G1 X130.222 Y112.778 E786.68487
G1 X129.211 Y111.947 E786.7284
G1 X128.056 Y111.33 E786.77195
G1 X126.802 Y110.951 E786.81552
G1 X125.5 Y110.821 E786.85904
G1 X124.198 Y110.951 E786.90256
G1 X122.944 Y111.33 E786.94613
G1 X121.789 Y111.947 E786.98968
G1 X120.778 Y112.778 E787.03321
G1 X119.947 Y113.789 E787.07674
G1 X119.33 Y114.944 E787.12029
G1 X118.951 Y116.198 E787.16386
G1 X118.821 Y117.5 E787.20738
G1 X118.951 Y118.802 E787.2509
G1 X119.33 Y120.056 E787.29448
G1 X119.947 Y121.211 E787.33803
G1 X120.778 Y122.222 E787.38156
G1 X121.789 Y123.053 E787.42508
G1 X122.944 Y123.67 E787.46864
G1 X124.198 Y124.049 E787.51221
G1 X125.5 Y124.179 E787.55573
G1 X126.802 Y124.049 E787.59925
G1 X128.056 Y123.67 E787.64282
G1 X129.211 Y123.053 E787.68637
G1 X130.222 Y122.222 E787.7299
G1 X131.053 Y121.211 E787.77343
G1 X131.127 Y121.073 E787.77864
G1 X131.127 Y124.555 E787.89445
G1 X103.872 Y124.555 E788.80095
G1 X103.872 Y121.071 E788.91683
M204 S5000
M205 X30 Y30
G0 F7200 X105.988 Y122.762
G0 X107.078 Y123.345
G0 X108.265 Y123.704
G0 X109.5 Y123.827
G0 X110.735 Y123.704
G0 X111.922 Y123.345
G0 X113.012 Y122.762
G0 X113.973 Y121.973
G0 X114.762 Y121.012
G0 X115.345 Y119.922
G0 X115.704 Y118.735
G0 X115.827 Y117.5
G0 X115.704 Y116.265
G0 X115.345 Y115.078
G0 X114.762 Y113.988
G0 X113.973 Y113.027
G0 X113.012 Y112.238
G0 X111.922 Y111.655
G0 X110.735 Y111.296
G0 X110.386 Y111.262
G0 X104.052 Y110.908
M204 S500
M205 X20 Y20
G1 F1800 X104.336 Y110.624 E788.93019
M204 S5000
M205 X30 Y30
G0 F7200 X104.902 Y110.624
M204 S500
M205 X20 Y20
G1 F1800 X104.052 Y111.473 E788.97015
M204 S5000
M205 X30 Y30
G0 F7200 X104.052 Y112.039
M204 S500
M205 X20 Y20
G1 F1800 X105.467 Y110.624 E789.0367
M204 S5000
M205 X30 Y30
G0 F7200 X106.033 Y110.624
M204 S500
M205 X20 Y20
G1 F1800 X104.052 Y112.605 E789.12988
M204 S5000
M205 X30 Y30
G0 F7200 X104.052 Y113.171
M204 S500
M205 X20 Y20
G1 F1800 X106.599 Y110.624 E789.24969
M204 S5000
M205 X30 Y30
G0 F7200 X107.164 Y110.624
M204 S500
M205 X20 Y20
G1 F1800 X106.341 Y111.447 E789.2884
G1 X106.271 Y111.517
M204 S5000
M205 X30 Y30
G0 F7200 X107.329 Y111.024
G0 X107.529 Y110.824
M204 S500
M205 X20 Y20
G1 F1800 X108.217 Y110.702 E789.30424
G1 X111.032 Y110.714 E789.36804
G1 X112.524 Y110.92 E789.40218
M204 S5000
M205 X30 Y30
G0 F7200 X112.596 Y111.415
M204 S500
M205 X20 Y20
G1 F1800 X113.386 Y110.624 E789.43936
M204 S5000
M205 X30 Y30
G0 F7200 X113.952 Y110.624
M204 S500
M205 X20 Y20
G1 F1800 X112.964 Y111.612 E789.48584
M204 S5000
M205 X30 Y30
G0 F7200 X113.33 Y111.812
M204 S500
M205 X20 Y20
G1 F1800 X114.518 Y110.624 E789.54172
M204 S5000
M205 X30 Y30
G0 F7200 X115.083 Y110.624
M204 S500
M205 X20 Y20
G1 F1800 X113.64 Y112.067 E789.60959
M204 S5000
M205 X30 Y30
G0 F7200 X113.95 Y112.323
M204 S500
M205 X20 Y20
G1 F1800 X115.649 Y110.624 E789.68951
M204 S5000
M205 X30 Y30
G0 F7200 X116.215 Y110.624
M204 S500
M205 X20 Y20
G1 F1800 X114.262 Y112.577 E789.78137
M204 S5000
M205 X30 Y30
G0 F7200 X114.532 Y112.872
M204 S500
M205 X20 Y20
G1 F1800 X116.78 Y110.624 E789.88711
M204 S5000
M205 X30 Y30
G0 F7200 X117.346 Y110.624
M204 S500
M205 X20 Y20
G1 F1800 X114.788 Y113.183 E790.00745
M204 S5000
M205 X30 Y30
G0 F7200 X115.043 Y113.493
M204 S500
M205 X20 Y20
G1 F1800 X117.912 Y110.624 E790.1424
M204 S5000
M205 X30 Y30
G0 F7200 X118.477 Y110.624
M204 S500
M205 X20 Y20
G1 F1800 X115.276 Y113.826 E790.29299
M204 S5000
M205 X30 Y30
G0 F7200 X115.473 Y114.194
M204 S500
M205 X20 Y20
G1 F1800 X119.043 Y110.624 E790.46091
M204 S5000
M205 X30 Y30
G0 F7200 X119.609 Y110.624
M204 S500
M205 X20 Y20
G1 F1800 X115.67 Y114.563 E790.64619
M204 S5000
M205 X30 Y30
G0 F7200 X115.858 Y114.941
M204 S500
M205 X20 Y20
G1 F1800 X120.174 Y110.624 E790.84923
M204 S5000
M205 X30 Y30
G0 F7200 X120.74 Y110.624
M204 S500
M205 X20 Y20
G1 F1800 X115.988 Y115.376 E791.07275
M204 S5000
M205 X30 Y30
G0 F7200 X116.119 Y115.811
M204 S500
M205 X20 Y20
G1 F1800 X121.306 Y110.624 E791.31673
M204 S5000
M205 X30 Y30
G0 F7200 X121.871 Y110.624
M204 S500
M205 X20 Y20
G1 F1800 X116.235 Y116.261 E791.58185
M204 S5000
M205 X30 Y30
G0 F7200 X116.287 Y116.775
M204 S500
M205 X20 Y20
G1 F1800 X122.437 Y110.624 E791.87115
M204 S5000
M205 X30 Y30
G0 F7200 X123.003 Y110.624
M204 S500
M205 X20 Y20
G1 F1800 X121.995 Y111.632 E791.91856
G1 X121.925 Y111.702
M204 S5000
M205 X30 Y30
G0 F7200 X123.099 Y111.094
G0 X123.334 Y110.859
M204 S500
M205 X20 Y20
G1 F1800 X124.021 Y110.737 E791.93415
G1 X124.647 Y110.677 E791.9482
G1 X127.39 Y110.762 E792.0095
G1 X128.391 Y110.893 E792.03205
M204 S5000
M205 X30 Y30
G0 F7200 X129.225 Y110.624
M204 S500
M205 X20 Y20
G1 F1800 X128.491 Y111.359 E792.0666
M204 S5000
M205 X30 Y30
G0 F7200 X128.859 Y111.556
M204 S500
M205 X20 Y20
G1 F1800 X129.791 Y110.624 E792.11044
M204 S5000
M205 X30 Y30
G0 F7200 X130.357 Y110.624
M204 S500
M205 X20 Y20
G1 F1800 X129.228 Y111.753 E792.16355
M204 S5000
M205 X30 Y30
G0 F7200 X129.552 Y111.995
M204 S500
M205 X20 Y20
G1 F1800 X130.922 Y110.624 E792.22801
M204 S5000
M205 X30 Y30
G0 F7200 X130.946 Y111.167
M204 S500
M205 X20 Y20
G1 F1800 X129.862 Y112.25 E792.27897
M204 S5000
M205 X30 Y30
G0 F7200 X130.173 Y112.505
M204 S500
M205 X20 Y20
G1 F1800 X130.946 Y111.732 E792.31533
M204 S5000
M205 X30 Y30
G0 F7200 X130.946 Y112.298
M204 S500
M205 X20 Y20
G1 F1800 X130.459 Y112.784 E792.33822
M204 S5000
M205 X30 Y30
G0 F7200 X130.715 Y113.095
M204 S500
M205 X20 Y20
G1 F1800 X130.946 Y112.864 E792.34908
M204 S5000
M205 X30 Y30
G0 F7200 X127.922 Y111.655
G0 X126.735 Y111.296
G0 X125.5 Y111.173
G0 X124.265 Y111.296
G0 X123.078 Y111.655
G0 X121.988 Y112.238
G0 X121.027 Y113.027
G0 X120.238 Y113.988
G0 X119.655 Y115.078
G0 X119.296 Y116.265
G0 X119.173 Y117.5
G0 X119.296 Y118.735
G0 X119.655 Y119.922
G0 X120.238 Y121.012
G0 X121.027 Y121.973
G0 X121.988 Y122.762
G0 X123.078 Y123.345
G0 X124.265 Y123.704
G0 X125.5 Y123.827
G0 X126.735 Y123.704
G0 X127.696 Y123.414
G0 X130.946 Y121.915
M204 S500
M205 X20 Y20
G1 F1800 X128.486 Y124.375 E792.46479
M204 S5000
M205 X30 Y30
G0 F7200 X129.051 Y124.375
M204 S500
M205 X20 Y20
G1 F1800 X130.946 Y122.48 E792.55393
M204 S5000
M205 X30 Y30
G0 F7200 X130.946 Y123.046
M204 S500
M205 X20 Y20
G1 F1800 X129.617 Y124.375 E792.61644
M204 S5000
M205 X30 Y30
G0 F7200 X130.183 Y124.375
M204 S500
M205 X20 Y20
G1 F1800 X130.946 Y123.612 E792.65233
M204 S5000
M205 X30 Y30
G0 F7200 X130.946 Y124.177
M204 S500
M205 X20 Y20
G1 F1800 X130.748 Y124.375 E792.66164
M204 S5000
M205 X30 Y30
G0 F7200 X128.841 Y123.453
M204 S500
M205 X20 Y20
G1 F1800 X127.92 Y124.375 E792.70499
M204 S5000
M205 X30 Y30
G0 F7200 X127.572 Y124.156
M204 S500
M205 X20 Y20
G1 F1800 X126.885 Y124.278 E792.72047
G1 X124.578 Y124.322 E792.77166
G1 X122.545 Y124.092 E792.81705
M204 S5000
M205 X30 Y30
G0 F7200 X121.698 Y124.374
M204 S500
M205 X20 Y20
G1 F1800 X122.458 Y123.614 E792.8528
M204 S5000
M205 X30 Y30
G0 F7200 X122.09 Y123.417
M204 S500
M205 X20 Y20
G1 F1800 X121.133 Y124.374 E792.89781
M204 S5000
M205 X30 Y30
G0 F7200 X120.567 Y124.374
M204 S500
M205 X20 Y20
G1 F1800 X121.722 Y123.219 E792.95214
M204 S5000
M205 X30 Y30
G0 F7200 X121.405 Y122.97
M204 S500
M205 X20 Y20
G1 F1800 X120.001 Y124.374 E793.01818
M204 S5000
M205 X30 Y30
G0 F7200 X119.435 Y124.374
M204 S500
M205 X20 Y20
G1 F1800 X121.095 Y122.714 E793.09626
M204 S5000
M205 X30 Y30
G0 F7200 X120.785 Y122.459
M204 S500
M205 X20 Y20
G1 F1800 X118.87 Y124.374 E793.18634
M204 S5000
M205 X30 Y30
G0 F7200 X118.304 Y124.374
M204 S500
M205 X20 Y20
G1 F1800 X120.505 Y122.173 E793.28987
M204 S5000
M205 X30 Y30
G0 F7200 X120.249 Y121.863
M204 S500
M205 X20 Y20
G1 F1800 X117.738 Y124.374 E793.40798
M204 S5000
M205 X30 Y30
G0 F7200 X117.173 Y124.374
M204 S500
M205 X20 Y20
G1 F1800 X119.994 Y121.553 E793.54067
M204 S5000
M205 X30 Y30
G0 F7200 X119.752 Y121.229
M204 S500
M205 X20 Y20
G1 F1800 X116.607 Y124.374 E793.6886
M204 S5000
M205 X30 Y30
G0 F7200 X116.041 Y124.374
M204 S500
M205 X20 Y20
G1 F1800 X119.555 Y120.86 E793.85389
M204 S5000
M205 X30 Y30
G0 F7200 X119.358 Y120.492
M204 S500
M205 X20 Y20
G1 F1800 X115.476 Y124.374 E794.03648
M204 S5000
M205 X30 Y30
G0 F7200 X114.91 Y124.374
M204 S500
M205 X20 Y20
G1 F1800 X119.161 Y120.123 E794.23644
M204 S5000
M205 X30 Y30
G0 F7200 X119.03 Y119.689
M204 S500
M205 X20 Y20
G1 F1800 X114.344 Y124.374 E794.45683
M204 S5000
M205 X30 Y30
G0 F7200 X113.779 Y124.374
M204 S500
M205 X20 Y20
G1 F1800 X118.899 Y119.254 E794.69766
M204 S5000
M205 X30 Y30
G0 F7200 X118.771 Y118.816
M204 S500
M205 X20 Y20
G1 F1800 X113.213 Y124.374 E794.95909
M204 S5000
M205 X30 Y30
G0 F7200 X112.647 Y124.374
M204 S500
M205 X20 Y20
G1 F1800 X118.719 Y118.302 E795.2447
M204 S5000
M205 X30 Y30
G0 F7200 X118.667 Y117.789
M204 S500
M205 X20 Y20
G1 F1800 X115.271 Y121.184 E795.40441
G1 X115.201 Y121.254
M204 S5000
M205 X30 Y30
G0 F7200 X115.869 Y120.021
M204 S500
M205 X20 Y20
G1 F1800 X118.666 Y117.224 E795.53598
M204 S5000
M205 X30 Y30
G0 F7200 X118.729 Y116.595
M204 S500
M205 X20 Y20
G1 F1800 X116.114 Y119.211 E795.659
M204 S5000
M205 X30 Y30
G0 F7200 X116.26 Y118.499
M204 S500
M205 X20 Y20
G1 F1800 X118.849 Y115.91 E795.78078
G1 X118.919 Y115.84
M204 S5000
M205 X30 Y30
G0 F7200 X119.093 Y115.1
M204 S500
M205 X20 Y20
G1 F1800 X116.323 Y117.87 E795.91107
M204 S5000
M205 X30 Y30
G0 F7200 X116.339 Y117.288
M204 S500
M205 X20 Y20
G1 F1800 X119.631 Y113.996 E796.06592
G1 X119.701 Y113.926
M204 S5000
M205 X30 Y30
G0 F7200 X113.187 Y123.269
M204 S500
M205 X20 Y20
G1 F1800 X112.082 Y124.374 E796.11789
M204 S5000
M205 X30 Y30
G0 F7200 X111.769 Y124.121
M204 S500
M205 X20 Y20
G1 F1800 X111.081 Y124.243 E796.13373
G1 X110.442 Y124.316 E796.1483
G1 X107.683 Y124.246 E796.21084
G1 X106.683 Y124.115 E796.23369
M204 S5000
M205 X30 Y30
G0 F7200 X105.859 Y124.374
M204 S500
M205 X20 Y20
G1 F1800 X106.564 Y123.669 E796.26685
M204 S5000
M205 X30 Y30
G0 F7200 X106.195 Y123.472
M204 S500
M205 X20 Y20
G1 F1800 X105.293 Y124.374 E796.30928
M204 S5000
M205 X30 Y30
G0 F7200 X104.728 Y124.374
M204 S500
M205 X20 Y20
G1 F1800 X105.827 Y123.275 E796.36097
M204 S5000
M205 X30 Y30
G0 F7200 X105.493 Y123.042
M204 S500
M205 X20 Y20
G1 F1800 X104.162 Y124.374 E796.4236
M204 S5000
M205 X30 Y30
G0 F7200 X104.052 Y123.919
M204 S500
M205 X20 Y20
G1 F1800 X105.183 Y122.787 E796.47683
M204 S5000
M205 X30 Y30
G0 F7200 X104.873 Y122.531
M204 S500
M205 X20 Y20
G1 F1800 X104.052 Y123.353 E796.51547
M204 S5000
M205 X30 Y30
G0 F7200 X104.052 Y122.787
M204 S500
M205 X20 Y20
G1 F1800 X104.577 Y122.262 E796.54016
M204 S5000
M205 X30 Y30
G0 F7200 X104.322 Y121.951
M204 S500
M205 X20 Y20
G1 F1800 X104.052 Y122.221 E796.55286
M204 S5000
M205 X30 Y30
G0 F7200 X103.544 Y118.738
G0 X103.603 Y118.993
M204 S500
M205 X20 Y20
;TYPE:SKIN
G1 F1800 X103.417 Y118.896 E796.5568
G1 X103.364 Y117.252 E796.58771
G1 X103.394 Y116.09 E796.60955
M204 S5000
M205 X30 Y30
G0 F7200 X103.274 Y116.223
G0 X104.574 Y114.208
G0 X105.311 Y113.311
G0 X106.208 Y112.574
G0 X107.233 Y112.027
G0 X108.345 Y111.69
G0 X109.5 Y111.575
G0 X125.5 Y111.575
G0 X126.655 Y111.69
G0 X127.767 Y112.027
G0 X128.792 Y112.574
G0 X129.689 Y113.311
G0 X130.426 Y114.208
G0 X130.735 Y114.788
G0 X131.42 Y116.263
G0 X131.457 Y116.029
M204 S500
M205 X20 Y20
G1 F1800 X131.591 Y116.178 E796.61343
G1 X131.629 Y117.837 E796.64552
G1 X131.555 Y118.76 E796.66343
G1 X131.64 Y118.958 E796.6676
M204 S5000
M205 X30 Y30
G0 F7200 X131.532 Y118.485
;TIME_ELAPSED:863.249568
G1 F2400 E791.6676
M140 S0
M204 S4000
M205 X20 Y20
M107
; Ender 3 Custom End G-code
G4 ; Wait
M220 S100 ; Reset Speed factor override percentage to default (100%)
M221 S100 ; Reset Extrude factor override percentage to default (100%)
G91 ; Set coordinates to relative
G1 F1800 E-3 ; Retract filament 3 mm to prevent oozing
G1 F3000 Z20 ; Move Z Axis up 20 mm to allow filament ooze freely
G90 ; Set coordinates to absolute
G1 X0 Y235 F1000 ; Move Heat Bed to the front for easy print removal
M84 ; Disable stepper motors
; End of custom end GCode
M82 ;absolute extrusion mode
M104 S0
;End of Gcode
;SETTING_3 {"global_quality": "[general]\\nversion = 4\\nname = Draft #2\\ndefin
;SETTING_3 ition = fdmprinter\\n\\n[metadata]\\nquality_type = draft\\nsetting_v
;SETTING_3 ersion = 5\\ntype = quality_changes\\n\\n[values]\\n\\n", "extruder_q
;SETTING_3 uality": ["[general]\\nversion = 4\\nname = Draft #2\\ndefinition = f
;SETTING_3 dmprinter\\n\\n[metadata]\\nquality_type = draft\\nsetting_version = 
;SETTING_3 5\\ntype = quality_changes\\nposition = 0\\n\\n[values]\\nretraction_
;SETTING_3 hop_enabled = True\\n\\n"]}
